ffffc18e
0000790b
ffff27ae
ffff5952
ffff7db2
ffff9c19
fffe604c
fffff18a
00004bfd
ffff10a6
ffff66b8
ffff0a09
ffffb7fe
fffff542
ffffb707
ffff68bb
00000f72
0000751a
ffffc016
000053df
ffff7dd2
ffffead4
ffff1d2b
fffff40c
ffffc005
ffff363d
fffff934
ffff8f7c
000008a1
00004070
ffffeb02
ffff0598
fffff91b
fffff989
ffffbd56
000019f1
ffffd512
00008cbf
000044d0
ffff96fe
ffffb8a7
0000095d
000007ed
ffff9676
00002904
ffff4526
00001880
ffffe0b7
ffff5116
000007d6
000052cd
ffffb2fe
00000abb
00004a8f
fffef497
ffffb71f
fffe3e88
000047d4
000079a0
00002f41
0000122a
ffff53b8
ffffff5a
ffffd8b2
0000522a
fffff39e
0000df47
00005226
00002efa
ffffb113
ffff0e34
ffff842f
ffff68cd
0000174a
000004bc
ffff4ae1
ffff78b3
00000f15
ffff875a
ffff93c6
ffff80e5
fffff81f
ffffb6c9
fffff467
00006754
0000126a
ffffd05d
00000f17
ffffcbac
0000211d
fffff11f
0000bebc
fffff298
0000c8b4
ffff722e
00000bf0
0000313d
ffffb62a
ffff8c2b
00007fdf
000031ec
00001852
00006572
ffffb135
ffff57e8
ffff82c3
0000f1fe
ffff8a26
ffffbe0e
fffff713
ffff6364
fffff9ef
fffffa3d
00004b5c
ffffff7a
ffffc77a
ffffb86f
00016078
fffff11a
ffffe056
ffff90a2
ffff289a
0000646a
ffff9c91
0000f278
ffffee92
ffffac1d
ffff8bb4
ffffd1a6
fffe04ee
ffffb983
ffffdfdb
ffffafd1
ffff1e3e
ffff8569
fffef424
ffffccf7
00002453
ffffcd76
000033cb
00002e7a
000031d9
fffff4ef
ffffd2ba
00005f82
00002073
000019a5
ffff9d26
ffffb0a8
ffff4564
ffff85f7
ffffdd80
000015c4
fffefaa5
00000a8f
00004721
00004031
ffffb790
0000010f
ffff8bd4
ffff1fe7
ffff9d29
ffff1feb
00001874
00004b40
ffffdc9e
0000364a
00004d85
00006034
0000aa56
ffff72fd
0000208d
ffff817c
00002e60
ffffba46
ffffc883
ffffc6a6
ffff6b71
fffeacb5
ffff8beb
ffff8827
fffea534
00002a1c
000086d8
00003a11
00005f6a
ffffad68
00003f17
ffffc7a6
ffff5a02
ffffd2fc
ffffd9d0
ffff7a54
ffff8d63
ffff4f20
00003792
fffff8ef
fffefa67
0000300a
000045c0
fffff260
ffff7104
ffff3512
ffffd9c3
ffff4670
ffff9b58
ffffe826
ffff93b4
ffff6d0a
ffffdaab
00006e65
fffe8be5
ffff9220
ffff8778
fffff08d
ffff9132
ffffaf7c
ffffccda
ffff9477
000005e9
000040c3
00001fef
ffff66a4
000003c6
ffffeb17
ffff5838
ffffbefc
00000ef3
0000475c
ffffdba7
ffffdc65
00009a81
00005d48
ffff359f
fffff6a6
000023b2
00007aad
fffeffa9
fffff6a5
ffffa4d1
ffff9af9
ffff90a9
ffffbc5b
ffff0865
fffe8c23
000013ee
00001240
ffff6b09
ffff435c
ffffa12f
ffff8bff
0000473e
0000c33f
fffef814
ffff90f9
ffffa304
ffffe8c5
fffffa66
ffffff6a
00000204
0000106e
fffff849
fffffb03
0000049a
fffff672
0000019d
fffff06e
fffffd45
ffffef2a
fffffeda
fffff057
0000067b
fffff8e8
ffffecd3
fffffe76
fffff1b7
ffffefdd
000000e6
00000140
fffffe72
fffffe35
fffff35d
fffff77b
ffffffcf
fffff46a
000002ff
000002d9
fffff187
000009e7
fffff943
fffff9ee
ffffffa0
fffffc90
fffff441
fffff68a
000000b8
fffff414
ffffea71
fffff376
00000fdf
fffffef1
0000047f
ffffeddf
fffff8e0
ffffed51
fffff911
00000c24
0000047d
fffff0f3
fffff32e
ffffefa5
fffff5f5
ffffff8c
fffff40b
fffffbfe
fffffaee
00000df3
fffffe3a
fffff664
fffffead
00000b3d
00000901
000006ae
fffff07c
fffffbeb
fffff54d
00000799
000008db
0000029d
000002ba
000001b3
ffffff3e
0000061b
000004a2
fffff5f2
fffffe32
ffffff28
fffff04e
0000029a
fffff675
000003a4
00000bd2
fffffe63
0000037d
fffff9cf
0000087a
00000515
ffffee96
fffff0e5
fffff302
fffffcec
fffff812
fffffa15
0000027b
00000bcd
fffffbe5
fffff7ac
000000b4
ffffff5c
ffffe896
ffffedda
ffffe8bb
ffffe92e
00000281
fffff6c6
fffff048
00000148
fffff937
ffffed9b
ffffeb08
00000136
fffff697
fffff835
ffffeacd
fffff7d7
00000482
ffffee1c
fffff2de
fffff115
000006e2
000004d5
00000a15
fffffa45
fffff801
0000013c
fffff3f0
000006f3
00000b72
fffffd97
0000050e
ffffec84
0000051c
fffff30d
000002eb
00000270
fffffea4
ffffffcd
ffffedd1
00000954
fffff9a8
00000584
fffff690
fffff1b4
00000352
fffffac2
ffffee4c
ffffff8f
ffffed92
ffffe779
ffffef4d
fffff7f4
ffffef04
fffffcd7
ffffe9fb
fffff729
fffff9e7
fffffd56
000008f3
fffff829
00000d4a
ffffef5e
0000014f
ffffeeea
00000677
fffff378
0000062e
fffff61b
fffff033
fffff912
fffff6cf
00000762
000001af
00000fa8
fffff9a7
fffff705
fffff035
ffffff4a
00000269
fffff745
fffff229
fffffee6
ffffff8b
ffffebc6
fffff567
fffffea4
ffffee07
0000023a
fffffc18
fffffa49
fffff72f
fffff586
000002d0
fffffc6a
fffffa71
00000003
fffff06c
fffffdc4
ffffecf3
ffffeb71
fffff78b
fffff022
000008d6
fffff7ff
fffff007
00000b24
fffff119
fffffdd6
fffff691
000002d2
ffffedff
000009a8
ffffffc4
ffffeaa0
ffffef8a
fffff92d
ffffe6ef
ffffffa2
000000cc
000006ab
00000bf9
fffff253
fffff404
0000054b
00000695
00000603
fffff541
fffffcc5
fffffc90
000006b0
fffff5b6
0000089e
fffffb43
000001b2
000013ef
ffffed6d
fffff8d4
fffff713
000002e2
00000b87
ffffef9e
fffff265
fffff417
0000056f
fffffa1d
fffff184
000009a8
00000a7d
fffff9fe
fffffbb2
ffffff27
00000c74
0000069e
fffff85f
ffffedac
fffffd88
fffff751
00000dad
fffffe11
00000035
00000620
fffff90a
ffffe742
fffff020
00000895
ffffeeed
fffff597
000008f0
fffff9ba
00000d01
ffffff27
fffffdf8
ffffff10
000004d0
ffffe659
fffffc41
fffff893
ffffefd3
fffff36e
ffffec80
00001727
fffff876
ffffe921
ffffeb32
ffffe3a2
ffffe6ef
fffffd15
0000048d
fffff4b1
00000fae
ffffe9c9
00000ede
ffffef11
00000427
ffffea87
00000099
00000da1
0000013a
fffff932
ffffefbf
fffffb64
fffff17f
ffffff45
fffff0e0
fffff3bc
000002d2
ffffef42
ffffef35
0000030b
000003ee
ffffed9c
fffff6f2
fffff35e
fffff0a6
fffffbff
00000a2d
fffff4c0
00000e44
00000f18
fffffeee
ffffe4a0
000004c9
ffffffb6
00000b75
ffffeed3
fffff4fb
fffffbd0
fffff6c1
00000179
ffffee3e
00000373
00000102
fffffae2
ffffef35
fffffead
ffffecb7
fffffab4
ffffee01
fffffe67
fffff0aa
fffff275
fffffd10
fffff41e
fffff137
fffff939
ffffff46
ffffecbf
fffff926
fffffa5a
fffff2f2
fffffe19
fffffa31
ffffedfa
0000056a
0000016c
ffffff44
fffff8f7
000001b5
fffffb72
fffff8eb
ffffe625
fffffb64
fffffddc
fffff2e2
fffff1c9
fffff238
fffffd95
fffff2fe
ffffffc9
fffffdde
ffffdb54
00000903
ffffe387
ffffff50
00000a79
ffffed62
ffffe649
00000bda
fffff5fe
fffff27a
ffffeb20
fffff22c
000009fd
00000541
fffff326
fffffed0
00000c7d
fffff74c
fffffdc3
ffffe516
fffffc1c
ffffef06
000006ac
fffffb3c
ffffea54
ffffe3e7
ffffe5a8
ffffe7bf
fffffc1e
ffffe780
fffff453
fffffc87
00000091
000012f9
00000689
fffff53e
0000007a
fffff5dc
00000045
fffffc7d
ffffe351
00000d18
ffffdf23
000007cb
0000031d
ffffe524
fffff300
ffffef93
ffffe821
fffff62c
ffffff24
fffff6dc
fffff1c6
fffffcb8
fffff1a7
ffffeeab
ffffdec4
fffffa8b
00001087
fffffd3b
fffff555
fffff43c
0000029c
00000195
0000033b
ffffe9a4
ffffe82f
ffffed52
fffffe94
fffff1c1
fffffa24
ffffe61b
0000044f
ffffda08
fffffa88
ffffec2f
ffffff43
000003e9
fffff837
000010cf
fffff1c9
ffffe444
fffff7a3
fffff04c
fffff346
fffff59a
fffff997
ffffe820
00000357
ffffeede
00000183
ffffee90
00000232
ffffe6b7
ffffeca1
fffffb60
fffff980
ffffece6
00000483
ffffe79f
fffff5bf
fffff5e1
00000971
ffffee52
ffffdc95
ffffebf8
ffffe4b4
ffffe98b
fffff978
fffff570
fffffd4a
ffffe685
fffff1a1
ffffef22
00000238
fffff27e
ffffe558
fffff8c9
fffff6b4
0000022e
fffffe5f
fffff7c2
00000d6f
00000a4e
ffffdd5b
ffffe7be
ffffeeac
fffff78b
fffffc5e
fffffe5a
ffffff6b
fffff160
00000832
000008aa
fffffd66
ffffeef3
fffff220
00000993
fffffe90
fffffbb1
fffffd62
0000045f
fffff1ff
fffffcb4
fffff00f
000008a1
ffffed06
fffffc29
000002d2
fffffa75
fffffeba
fffffc47
fffffe29
fffff05d
ffffffc9
00000476
0000060c
fffff2f9
fffff17e
fffff870
ffffedee
fffff8d7
fffff46e
0000009a
fffff433
fffffc91
fffff8ee
ffffea19
fffffde7
fffffc85
fffff1c0
fffff51a
fffffeb0
fffff5cb
fffffbeb
fffff769
ffffebce
fffff71b
0000081c
ffffef89
fffff2d7
fffffba4
ffffeb04
fffffe81
000009d6
00000ac3
fffffb9c
ffffee82
fffffd2a
0000019e
ffffe867
ffffefef
fffffc05
0000064c
fffff68f
fffff3b1
fffff340
fffff4e6
000000c9
fffff73b
fffff63a
00000585
fffff5d5
00000988
fffff589
fffff21f
fffffdc1
0000012e
ffffeade
000005bc
fffff55d
fffff8d6
fffff42c
00000450
00000ad9
fffffef1
fffffc85
0000095d
fffffd8b
000002e3
fffff26c
ffffeea4
000007cf
fffff1c0
fffff5e0
fffff8d0
fffffa1e
ffffefa4
0000037f
fffffd79
fffff790
000001e2
00000100
ffffedc6
fffffd5b
ffffeb49
fffff5c1
fffff5b5
fffffef5
fffff0cf
fffff373
ffffec8e
fffff478
fffffefc
fffffaad
0000019d
000006e5
00000e55
000006de
ffffeaa7
fffff92e
ffffecd7
fffff92e
000005ab
fffff899
fffffbd5
000008d7
00000137
fffff624
00000cf6
00000286
ffffeecc
fffffb63
00000257
fffffb5d
00000974
fffffb31
fffffa66
00000968
ffffee5c
ffffeed8
000002b5
00000319
00000ed4
fffff49b
00000518
ffffea95
fffff462
00000291
ffffefc0
fffffed5
fffff0be
00000721
fffff493
fffffcb1
0000071d
00000d1b
fffff821
000001e0
fffff2b8
fffff826
000000db
0000099f
fffffa74
0000092b
00000182
ffffee1f
000007b7
0000087e
fffff7fa
00000c6d
fffff26e
ffffe475
fffff35c
fffffd8e
00000d3a
00000169
00000f07
00000b26
fffff9bc
ffffe89e
ffffed0f
fffff42d
fffff19d
000010f6
fffff82f
fffff5f9
fffffddc
00001332
fffff810
00000271
ffffe860
ffffeab3
fffff517
00000404
00000060
000003c9
00000c20
fffff51d
fffffd09
00000836
ffffebf7
00000dd3
ffffedde
000001a5
00000f90
00000887
fffff9e8
fffff444
ffffeffd
00000ef0
fffff9ec
fffff58b
fffffac0
fffffa81
ffffedc5
ffffefa0
fffff3c7
fffff9b0
00000049
fffffb9a
fffffcae
000005b0
0000058b
fffff1a4
00001056
fffffc46
0000067c
fffffebe
ffffee26
000004b5
fffffc2d
ffffecb4
ffffff5a
00000205
ffffea69
fffff44b
0000097e
ffffeedf
fffffb90
fffff8cd
ffffecb8
fffffd84
ffffe713
ffffff86
fffff640
00000273
fffffc8c
fffff133
fffff762
000005e5
ffffed09
000006d8
000006c1
fffff3a2
fffff92a
00000bc8
fffffada
fffff9b0
0000011f
fffff894
ffffea3c
fffff02a
00000741
0000035b
ffffd5ca
ffff6c65
ffffdf67
0000968a
ffffdd5c
00001c84
fffed556
ffff61df
00005574
ffff0d67
ffffe4c1
000046dc
00008af4
ffff3087
fffeab22
fffea666
000003e2
ffff870e
ffff92f3
ffff4ad8
ffff12d5
000006bf
00006280
ffff4b74
0000320c
ffffeb32
00003816
ffff3b4c
ffff1a15
ffff6451
00005016
00006cdd
00000a61
ffff2c41
ffff3c54
ffff77af
000033a1
0000476e
000004d7
ffffb940
00003392
0000daba
ffffea7e
ffff829a
000032e8
fffe9ad8
0000bf9d
00008eac
000103b6
ffffe352
00002aaa
0000c156
ffffd512
ffffa3b4
ffff9b30
0000192b
fffe554c
ffff590d
0000454d
ffff5241
fffffcba
00000554
00000465
ffffe178
fffe70f0
ffff7dd3
00005240
ffffa9ad
ffffa0e1
0000703f
00002386
ffffb6c0
0000cd67
00000cd0
ffffbf01
00002564
fffe984e
fffffa0d
fffffb86
00007e1b
0000646f
00002ce3
ffff80ec
0000568a
ffff9cf0
0000fe0c
0000073c
ffff7955
0000134d
ffffccd0
ffffdd00
00001a1b
ffff2515
00004666
ffffebb8
fffffe94
fffecc0a
ffff8025
000017f4
00003437
fffe1bfd
0000db8d
00008985
ffff0c37
fffff26f
00005b9c
ffff7005
ffffaf27
00009ee8
ffff54a4
ffff8dd6
00001738
0000b398
fffffbf0
00002c53
00008234
00009833
ffff062c
ffff6966
ffffeea0
ffffff3d
fffff32d
00000453
00007a0a
0000117c
fffff77c
00000895
00001116
ffffee29
fffff212
ffffb82e
ffffb07c
00001a5c
0000db2d
ffff8d15
ffff3df2
ffffe4c6
ffffb247
ffff4447
ffff8273
000035fa
0000a99d
fffeaa3b
ffff9dc1
000078f4
ffffedeb
ffffa921
000036dc
ffffce9a
0000679e
000066f4
fffffe7d
00000c9f
fffffcd1
ffffc391
00001ab8
ffff62d8
000030c5
fffffb63
ffff818e
ffff0ab2
ffffa49d
0000285b
ffff9e2c
0000ab1f
00000597
ffff6194
fffede04
ffffced2
ffffef2a
ffffa46f
ffffa814
ffffd992
00004e91
00002f4d
ffff4f65
ffff904d
ffffc95d
000030ea
000000c2
fffef3d3
ffff3d90
fffe8008
ffffa7ee
ffff90d7
0000654a
fffff5f3
ffff5a14
ffffe545
000032ad
ffff69c3
00004e83
ffffdf23
0000325e
00008419
00003a1e
ffffe91e
ffffb646
ffffa15f
0000d5da
ffffebe8
fffff344
00006aaf
ffffe82e
ffffb959
00002780
ffffe9a7
ffffc4c4
000007a7
000057b0
ffffbc54
00007ffe
ffffe515
ffffaac8
ffffe643
ffff256d
ffff8858
ffffaf65
ffffdd3b
0000298b
0000b2e2
00003a24
00004398
ffffa72d
ffffff34
00007bf6
fffff6f0
ffff278f
00003fc6
ffffa1a7
ffff9abc
00003fe9
ffff9f05
fffff865
ffffb96f
fffe82ae
000003ab
00001293
ffffce6e
00003dd4
ffffb2d9
00002b57
ffff820e
fffffc9b
ffff5e5b
0000d677
ffff4999
fffecc76
00004cea
ffffe4e9
00013adc
00001154
ffff1c46
ffff03d8
0000201e
fffff43e
00003192
ffff823f
ffff1b16
0000546a
00008000
ffff64a1
ffffd1a7
ffffc017
ffffb1d4
00001fa8
ffffc8a7
ffff6862
ffffc80f
00005aed
ffff670e
0000603e
00000901
ffffa1e0
ffffd692
00001fa7
0000153a
ffffa076
ffffdaa5
0000468d
00007113
00000a67
ffff96fe
ffffb35a
00000796
00002dd3
ffff9661
ffff9725
00000904
ffff52da
00004d7b
ffffaa3b
ffff19a2
00006795
ffff6264
00004dd7
ffff2b36
ffffb502
fffff2fa
ffffdc0d
ffff37ca
00007e84
ffff1371
000047bd
ffffb2b0
ffffa009
ffffce75
ffffabef
ffff2461
0000667e
ffff7648
ffff65c4
00000a05
ffff9498
ffff61d3
ffffa2b5
fffff9fe
0000130b
ffffb289
ffffc509
ffff9ff0
00005c92
ffff99f0
ffff7a46
ffff8c5f
fffd79f6
ffffff79
ffff730f
ffffe0b9
fffffd91
ffff7b33
ffffe885
ffffe750
fffff800
ffff6dea
ffff872e
ffffad35
00000fcf
00004d01
fffef279
ffff221e
ffffc8c9
0000766a
ffff5c32
000007b3
ffff77bf
ffff1c68
ffffb619
ffff86cb
ffffc984
00003386
fffffaa2
00003cae
fffe612c
00001da9
ffff7cd7
ffff991e
00001fee
00002a4e
00006304
00011b74
ffffb1b4
ffffcf85
ffff9fbb
ffffe96b
00000ef0
ffffdeba
000011b8
ffffe153
ffffd1f6
ffff4f6c
ffff39ab
ffffac61
ffff3e82
000044cc
ffff4b8a
00010cfc
fffea565
fffe1f0a
00005595
ffff6c00
00004b0b
00003a6f
00000104
000049db
ffff91dc
ffffe5da
ffffce7f
fffec489
fffef776
ffffa11c
00009326
00007084
ffffe86b
00000fe5
00002435
ffffb393
ffff9a80
0000008f
ffff4739
ffff8b3a
ffff8202
ffffe4ea
ffff8a78
ffff5b42
000037c2
ffff7c77
ffffd53e
ffff6007
00006444
ffff1ac4
00000ab9
0000487b
ffffb619
0000054b
ffff55ca
00001117
ffffbd3a
000045af
ffffafa4
ffffc115
ffff80d6
ffff6236
ffffb01a
00000c41
ffff8fb7
ffffc978
000070c9
ffffc125
ffffb66e
000019e3
ffff7704
fffff8c9
000030c6
ffff8ed0
ffffb8dc
fffda28e
ffffc628
fffdaf84
000050a4
00007737
ffffa50f
fffff6f5
000046ba
ffffb829
0000657d
ffff8e28
0000d186
fffe0bb7
000004d4
00006419
ffff0118
ffffd9f6
000039ce
000021bc
0000ee8a
ffffee5c
fffff915
fffe672b
00001e46
ffffd843
ffffa77c
ffffdd94
00001e11
fffe43dd
fffdf6bd
0000081a
fffefcf0
ffff9386
ffffb0e4
fffffce4
ffffa8eb
0000305a
ffff8a90
ffff39d9
fffeea0c
ffffc0ca
ffff85f7
ffff7b09
000089e3
000024de
00001e69
0000aa95
fffff757
ffffcbc0
ffffaca9
ffffcc12
ffff8deb
00001918
ffff3ea9
ffffee58
00000236
ffff9e3e
ffff8424
00001b0f
ffffecdb
fffff789
ffffd2fb
ffff55f6
00000d25
ffff4d69
ffff85ab
000018d1
ffff7c03
00003462
ffffcf17
00006ad4
ffff8c34
fffe6866
ffff9f3a
ffffce8e
ffff7da7
00002988
ffff4e0b
fffee130
00002425
fffefa94
000003fa
00002a2c
ffff9fb9
0000119c
ffff1ca6
ffffc7a2
fffef751
00010f83
ffffedc6
ffffd9d6
000056e4
fffff9c4
ffffa7a6
fffd7d92
000057d7
0000134c
ffff6ced
ffff5a5d
0000446b
00005857
ffffd99a
00000df3
ffffc982
0000267e
0001178a
0000e0f8
ffff7c45
00007651
ffffbcdf
00007aed
fffea99e
ffff6d63
ffff7653
ffff9cf1
ffffbfd5
000051f4
0000488d
ffffea7d
fffe80dc
ffffe372
ffff555f
000037a7
fffebe66
00004b9b
00004c60
fffede80
fffff895
00007b01
00000c5b
ffff9ede
ffffc48d
00008c30
ffff90b5
00000670
00000b14
fffff8fd
ffffc2d5
000000f2
00006fc8
ffff6359
fffefcec
ffffa951
00002648
ffffa05d
0000931b
00000aa9
fffffb3d
000063f1
fffea7d2
ffffebca
ffffcc9b
ffffe5af
fffffea1
ffff625c
ffffcca6
00002a84
00003578
ffffd7eb
ffff9e17
ffff6978
000050b5
ffff5fd7
fffee916
ffffa549
ffff4c7b
ffff7ab8
ffffe6db
000060a5
fffff0c0
ffffa16f
000000ef
ffff2fa5
ffff29a0
ffff6f02
000028dd
fffffc27
ffffa4ae
ffff6962
ffffc0af
0000d39d
ffffceff
ffff4230
000007ad
0000900b
000039c9
ffffe337
00003a13
ffffa7a5
0000271a
fffff948
000016fc
00008a7d
ffffdaac
0000cc02
ffffa3d7
ffff81d5
ffffbce7
ffffa366
ffffdedc
000094b8
000019ba
ffff98fe
fffe9d30
0000520e
00001f2d
ffff60a3
00003423
ffffb0b6
ffff85e8
000045a2
ffffb4d3
fffff680
ffffd2a8
00009c10
ffff77ac
0000995b
fffffcbd
ffff9118
ffffe26a
ffffe12d
00004e84
0000b34a
00001baf
fffea31b
ffffa8d8
000007d8
ffff9437
fffff6bf
fffea1d8
ffff89d4
ffffa3b7
fffff0b1
ffffc7b3
00000076
ffff5338
ffffd49d
00005e17
0000210b
ffffbf82
00002e13
00008563
00005409
00003878
00005cd6
00006a8f
ffffd08b
ffffed65
0000f2d8
ffff9ffa
ffffed28
00002e43
0000c1e7
ffff74e6
ffff317f
0000100c
ffff73ca
000051bb
ffffdfbe
ffff7ce3
ffff5c97
ffffe137
fffecf19
ffff8e78
00002271
fffedf1d
ffff3e6e
fffff661
fffff3ef
00002b93
fffe7608
ffff12b4
00005e15
ffff3c94
ffff6ac1
ffff7618
000070dc
ffff991a
0000d075
ffff6fa0
fffeab4f
000065eb
00004332
fffed9b1
ffffe0d2
00002b76
000079c9
ffffa167
ffff6b17
ffff523d
00001549
00007f07
000001f3
ffffaa6a
00003b18
fffecab7
00005600
fffefc3d
ffff0767
fffee142
fffedab2
ffffcea5
fffeb37a
0000ebf9
ffffd7da
fffffb5a
00007f94
ffffc3b2
ffffbc8d
ffffda38
00004c15
ffffe096
ffff55dd
00002c51
0000099b
0000266d
ffff8d7b
ffffc1b2
fffee345
ffffa075
ffff71d1
ffffcc0b
00003c11
ffff5873
ffff329d
0000053b
000099f2
fffeee19
ffffe134
ffff23e7
00004b73
ffff8f3b
00004675
ffffc5fb
ffff3991
ffff3377
00001b7c
ffff6357
00006bd1
ffff9afd
fffff809
000039db
ffffd297
ffffdf3c
00000089
ffff9861
ffff7e87
ffff65a4
00000f0a
ffffc2f2
fffe9960
00002bef
ffffea0d
fffecc72
ffff7c25
ffffb2ef
ffffc66e
fffffa17
ffff3a46
ffff61f9
00000547
ffff8afc
ffffb5a0
00001559
ffff7d1e
ffffa931
00001af8
ffff7a46
000032bc
ffff375b
00000fb1
ffffe5f9
ffff1bd4
fffe9686
00001132
00000099
ffffafe0
00002f45
000054c9
ffffcb6f
00003f44
fffe9f80
ffffe4b4
ffff6d9f
00003447
00005393
ffff0ce6
fffe3c34
000011b3
ffffea62
ffff72c2
ffff814e
fffffc4c
fffe7256
ffffc05c
ffff92a4
ffff5d14
ffff956b
ffff462e
00000cca
fffff31a
fffec6ab
ffff4cdc
ffffd64b
0000152d
ffffe4c5
ffff3f76
000023ce
ffffd024
fffff247
ffffac73
ffff52d5
fffeeea8
ffffe303
ffffa2f7
ffff7c7b
ffffc97c
ffff86e5
fffff4f2
00001c02
ffffda86
ffffb877
fffeb1e2
ffff6c71
ffff1ee9
ffff1086
fffefdca
00000303
00004268
ffffd283
000019d6
ffffe54c
ffff7462
ffff5233
00000805
fffff485
fffffd23
fffe7b2a
0000a8da
ffff176e
ffff45c7
00000cac
ffff80ef
00000ef5
fffef203
ffff78db
ffffddfa
ffffa18c
ffff890d
ffff69b7
ffffde39
000003f1
ffffc535
ffffc4f2
ffffa416
ffff9be0
ffff83e7
ffffc055
000029ad
fffe96ad
ffff4685
00005a00
ffff4b50
000029a6
00006d34
fffef402
fffff010
ffff80be
ffff8539
ffff375c
ffff6bde
ffff8d6a
ffff2d63
ffff5072
ffffabb6
fffeee3e
fffef53f
ffffc172
fffff39c
ffffa357
ffffeac2
ffff976a
fffe262b
ffffea1c
ffffa66c
ffffc3df
00002d6d
fffef4c3
000020be
fffecade
00000dc9
ffff56c7
fffeb806
ffffd6e3
0000141f
ffffe87e
fffea1d6
ffff3a55
00001e4c
00005055
ffffee7c
0000619d
fffe6e62
ffff36d5
00008778
00004e13
00001e46
000027c5
000004c6
fffec967
fffe7052
ffff05fd
00003017
00000564
fffe7bf4
00006c4e
ffffa685
fffe480a
ffffb61c
00006015
ffff53cc
00003ee3
ffffba9a
000012fb
fffe3388
000011a6
fffea502
ffffb75e
fffffb1c
fffecb82
00005838
ffffea83
ffff885b
00002693
ffffa3c4
ffff50ab
ffffe132
ffffb954
ffff1ab3
ffff1a5d
ffff2a98
ffff1f6a
00005b75
ffff6969
ffffc6fe
000043e8
00000e6a
000061e3
fffea28c
ffff7b13
ffff0ec1
ffffa1b9
000007a8
ffff1b31
ffff611d
000041ee
ffff6643
ffff7785
fffff38f
0000ccc1
fffffcac
ffffb052
00003a99
ffffb862
ffffd34d
00000cbd
ffffcee2
fffff9b0
ffffaa68
00003d34
ffffb421
ffff7ce4
ffffbb69
ffff1c97
ffffea2d
ffffbdd7
ffffb878
fffe6fb5
ffff346a
ffff9cba
ffffe27e
ffff03eb
ffff935d
0000c61b
ffff9c7f
ffffca60
00002c00
ffffa460
fffffa34
fffff838
fffffd49
fffffc2f
fffff3d9
00000f55
00000547
fffff8bd
00000208
000006ef
000002bb
fffff75c
fffff109
00000747
fffff021
0000114d
000000e2
000005d3
fffff5c6
0000030c
00000196
ffffe83b
fffffedc
fffff393
ffffe55e
ffffe60f
fffff9ff
000002d1
ffffec1d
fffffe6d
fffffa32
ffffec15
fffff6a8
fffff671
000000cb
fffff425
000005ee
ffffe83e
00000acb
fffff6e7
fffff948
fffffb6c
fffff119
fffff4a1
fffffecf
fffffcf1
000005db
00000f25
ffffece8
fffff1a9
0000012a
fffff423
fffff5cb
ffffff61
fffffbb4
fffff3ca
00000906
00000475
000001e6
fffffb8e
000006fb
00000546
fffffdc1
fffff803
000006b9
000008e7
fffff73e
fffff472
fffff6bf
fffff18a
000004be
fffff5ee
0000028d
fffffdc6
fffff8fd
fffffb1b
fffff68c
ffffffd7
fffff98a
000004bb
ffffecd7
fffff1f1
fffff4a2
ffffef0d
00000bea
00000211
fffff380
ffffe946
fffff3c2
00000b18
fffff7b9
fffffa77
fffffe46
ffffffe1
fffffbe4
00000bfc
00000b7c
fffff0d9
00000b91
fffffb12
000007ef
fffffb37
ffffe998
fffffe2b
00001040
fffff3b3
fffff4c6
fffffcfd
ffffef9d
000003e4
0000014e
fffffc29
0000062f
fffff45d
00000c23
fffff470
fffff273
fffff086
ffffec67
fffffb32
ffffee9e
fffff8f0
ffffea2e
ffffec44
000004a8
ffffff17
000003a6
ffffef6b
ffffe714
000005af
000005b4
fffffdf0
fffffb66
ffffe8bc
fffffaba
fffff077
fffff9b8
fffff06b
fffffecb
fffff36e
ffffff62
fffffd72
ffffffc6
ffffeac1
000000bc
000003ef
fffff5e8
ffffe54b
fffff36d
ffffed32
fffffb1f
000008cc
0000011a
fffff6b7
00000395
ffffe7a8
000004cb
ffffec0b
fffff0d0
0000027c
ffffe64c
fffff370
ffffeb80
fffffaa8
fffffc39
ffffffeb
ffffed05
fffffa06
fffff8f8
fffff04b
ffffe9cf
fffffd37
000001ee
00000278
fffff3bd
fffffdfd
fffff11c
fffff83b
00000688
fffff76a
0000180e
fffff56e
00000d1e
00000092
000003d6
fffff932
ffffdbd4
ffffff59
fffff87b
00001613
fffff0fa
fffffc8b
fffff657
ffffe4c9
ffffe37f
fffffe2c
fffffb13
ffffff56
fffff120
000003bc
fffffa82
000002a8
fffff738
fffff87d
ffffe44b
ffffe8cf
fffff4a3
ffffe904
fffff0c4
fffff5ad
ffffebfe
fffffb01
ffffeace
fffff2d0
fffff1d6
00000609
0000051d
0000067d
fffffc63
0000049a
fffff087
fffff448
fffffa14
000005ff
fffff3fa
fffff706
fffff53a
000007b8
ffffee5d
fffffbf6
fffff9d1
fffff4e6
fffffc02
fffff67a
000001f3
fffff6b5
fffff7c6
ffffeae1
fffff74f
fffffdd8
ffffea94
fffff2b1
fffffc04
000003a2
fffffa3a
00000ee9
ffffed7a
ffffff49
fffff09c
ffffee6f
fffff70f
00000307
fffff76d
fffffee1
00000511
fffffdb1
ffff2763
ffffc3de
ffffede8
000009d8
000020f8
00000ecc
ffff6a75
ffffe996
ffffb7c3
ffffe677
ffffff28
ffffe194
ffff7aa1
ffff91e1
ffff6e17
ffffc9b9
fffff3b1
00002d2e
ffff8033
ffff2b56
ffffabb4
fffff895
00003b70
ffff898e
ffffada1
00003916
ffff74c4
0000301b
0000315c
ffffdfe5
00001cbc
ffff8daf
ffffc12a
0000225d
ffff76d8
00004769
00003ae8
fffff50b
00000bca
00002bed
ffff8f5e
ffffed24
00000369
00001065
0000720b
ffff60c3
ffff45b0
ffff9d1c
00007622
00000b6c
ffff8096
00003578
fffeff6a
ffffeb81
ffff60d6
00000b6f
00001011
ffffb1fd
0000248c
ffffa73a
000012d5
ffff5096
ffff702f
ffff1fcb
ffff8035
ffffad1b
00002743
ffff82aa
ffff4dd9
ffffbdd2
00001ba2
fffffde0
ffff417e
ffffd7e9
00002614
00002193
ffffd871
ffffff9b
fffff071
000045f9
ffff8837
ffffdc86
ffff76e6
ffff57ac
00004009
000022da
ffff0c3e
ffff4e2a
ffffe079
ffff7a1c
ffff1a2d
00006e72
00004791
ffff952d
00000174
00000fb3
ffffd099
00001edb
ffffbb3f
ffffdbe1
00000149
ffffd776
ffff5879
000029e5
000051d3
ffff74ad
ffff9829
ffff3b0e
00004b24
ffffffe3
ffff78b5
ffffc1fb
ffff03f7
00002522
00002a00
00002d44
ffff849f
ffff64e3
ffffbde6
00002d68
ffff6141
fffeca7f
ffffc557
000053f5
000053e9
ffff03c4
00002cc5
ffffe8ad
ffffb48e
fffefd46
ffff5d35
0000100e
ffffc604
ffffc3c1
ffff6584
ffffd337
fffff928
fffff196
ffffc63a
ffffd97c
ffffb9f1
ffff3506
00002a67
ffffbc92
00004408
ffffd65a
fffed1ff
ffffa8d4
ffffe87d
000077df
fffff8fe
ffffee44
ffffb3dd
0000164b
ffffe2a9
000095e6
00000311
0000799f
000005a7
000067ae
ffffc058
ffff9c48
000058ea
00004d5e
00002d9a
ffffb716
ffff9c5f
ffff7640
ffffefda
ffffe849
ffff207e
ffffdad0
ffff2d9f
ffff4c36
fffff76c
ffffa3e4
ffff96c4
00000ee8
fffff1d9
ffffb7b8
000036f6
fffd6179
fffffc42
ffff816e
ffffdb34
ffffe6d2
ffff812f
ffffdcff
ffffc60b
ffff5264
00003a92
ffff8795
ffff803a
0000142f
0000052f
ffff6fe2
00003765
fffffa8b
ffff9bd5
ffffda0d
000004c8
0000229b
00002ca8
000039b9
ffffadbe
0000331e
ffffe6b6
ffffcac9
ffff8dc6
fffff4a9
000006a6
000026d6
ffff275e
ffff855b
ffffff76
ffff9533
fffffd62
fffff3db
fffffecf
ffff6020
ffffbae5
ffffc161
fffffb20
ffffc7c8
ffff2a63
00004ddc
ffff00ce
ffff4dea
ffffa963
00002dfa
ffffc5a2
ffffe6bb
00003d65
ffff6df4
ffff9502
00000509
ffffe094
fffea2b0
00004c81
ffffb2a3
ffffaf69
ffffb505
000021fe
000051c8
ffff55b8
00000d4f
ffffdb87
ffffee11
000012a9
000029b5
fffff7c0
ffff402c
ffff5f1e
ffff9b52
ffffb5da
00003b60
ffff7682
ffff8e2b
00007d4b
00008395
00002293
fffffde3
ffff6cd1
ffff7d86
fffff22c
ffff8893
00001cbb
00003834
00000b06
00005d31
fffffa60
00001bb4
00000d55
000014f2
ffffccba
ffffb4e1
ffffe3e1
fffff747
0000bc16
00001b1b
00004458
ffffe7eb
ffff44f1
ffffedd2
ffffcf31
0000704f
00003c5d
0000385f
0000befe
00005f7f
00004555
fffef8f3
ffffbf4e
000018a7
0000956d
000007e7
00002e51
fffffbdd
00000729
ffff5a3a
ffffa823
ffff9296
ffff811c
00003214
00006fe3
ffff8e0c
00003919
fffff2d2
fffff4d7
ffff51bf
0000533a
000012eb
00000f65
00001ef2
fffff712
0000a44d
0000011b
ffffa637
0000fd84
00009f29
00004b93
ffff8bc2
000029cd
000022ec
000021b1
ffffee61
ffffbc30
00004ba0
000009f1
ffff895d
ffffecc5
000050d7
ffffe7ad
0000033c
000009e8
00002cc5
00004ac2
ffffd7ce
00007fa8
00007abc
ffff65bf
ffff83ad
00007db2
00004620
ffffe7ad
ffff4c66
fffff1c0
ffff9728
ffff6a53
fffff0e9
ffffa9d2
0000048e
ffffc5c0
ffff558f
ffffbf8b
0000a084
0000018c
ffff9f8c
ffffe2f2
ffffd5d1
0000446a
ffffa86b
fffff5c2
ffff9152
ffff54db
ffffe741
0000268f
00009f0b
000014b4
000025ce
00002ab0
0000573d
0000245a
000007fd
0000a1f8
ffff80fc
ffffb7fc
ffffc05a
0000066c
ffffeb58
ffffcf58
ffffa580
000018c6
ffff7334
00003235
0000250f
ffff7486
ffffdac4
ffff99ec
00004f43
0000600d
00003172
fffefe6d
fffe5f14
00000ac6
ffffc008
ffffdf7a
0000217d
ffff8fc0
ffffa473
0000259c
00000f2b
00007075
000059da
ffffaa39
000083e3
ffffb335
fffffa1f
000000bd
ffff4784
00002b21
ffff45d8
00005edb
ffffe052
00000d7f
000037a1
ffffd8cc
ffffb5d6
00009b8b
00000917
0000b5ee
000082d1
00002658
ffff84c3
fffff0d1
00004978
00007e8d
ffffe65c
00002cf9
ffffc975
00006d79
000097a5
ffff7e64
ffffe5b4
000021f2
0000aeff
ffffea4b
0000237f
ffff4669
ffffce3f
ffffcfa9
00005928
ffff8833
ffffd4e3
00007930
ffffb372
00003cda
0000ceaf
fffff854
ffff91a0
ffffe508
ffff6c68
00001a7e
000033b6
ffff950d
ffff9140
fffff463
0000c17b
0000d350
ffffd263
fffffb52
00005533
ffffcd9a
fffff253
0000d748
ffffe560
ffff5950
000037f1
ffffbcc2
ffffd230
00000549
ffff9440
ffffa204
0000d182
fffed7c7
fffffc5a
fffff7bd
ffffd502
ffff2531
ffffe4b2
ffff2473
fffff712
ffff58e8
ffffd127
00007224
ffffe404
00000d87
0000a7e4
00005c32
00007170
ffffc4af
ffffa4a3
ffff7f05
ffffca37
00001686
0000d3a3
00002362
ffff2751
ffffc421
000011bb
0000c925
ffffc3fc
0000beae
fffff9f5
ffffdb99
ffffba83
ffffe40d
ffff4ed0
000069df
ffffd46d
ffffa43c
00001677
00000761
ffff9c50
00000308
fffebc11
ffffb1c3
ffffe521
ffffcfb9
ffff2a73
00001f64
00002d55
ffffb2cd
ffffcbd8
ffffce59
ffffd17c
ffff09a2
ffff700f
fffff167
fffff1f3
ffffbe08
ffff0a18
ffffeec4
ffff8b5a
ffffbe7b
fffed637
fffee4ae
ffff3140
ffffd75b
000026fc
ffffcd06
ffffb68b
ffff4c5f
fffffd68
ffffa674
00000350
ffffabaf
ffff1724
fffffdb0
ffff6e3b
ffffbf54
0000006f
ffff8deb
ffff4acc
fffff29f
ffffef16
ffff629d
ffff952a
fffff312
ffffbb60
ffffd5bd
fffff5c2
ffffadac
ffffe025
00008a40
ffffc3ad
ffff9529
ffffb823
00004e59
ffff9455
ffff5fd6
ffff70fc
fffff22b
fffe25e0
ffffc9bf
00008121
ffff8856
fffe8e3f
ffff62df
fffff78b
ffffb0d1
fffee965
00006cec
ffff6ca9
fffff570
000002e6
ffffeef9
ffffe583
ffffae3d
00000344
ffff72af
ffffb51f
ffff2ce9
ffffa717
0000558a
ffffba92
00001f80
ffff7e1d
fffe657a
0000b12d
fffff49f
ffffb4a5
ffffb1e1
ffff4d4f
000004fc
000075f3
000027b6
fffff26c
fffea8e4
ffff6e02
fffef985
ffffe172
fffe3111
ffff5da2
ffffe52c
ffff323b
ffffd8c7
00001767
00008481
ffffe284
ffffb539
fffff038
ffffcbcc
000052ee
fffe9afb
ffff867d
ffffd02d
ffffa7fa
00003243
ffff76db
ffffd101
ffffc7d7
ffff387e
ffff9bbb
ffff0d1b
ffff8811
ffff8894
ffff4af2
ffff5c59
fffe794a
00001bca
ffff8df4
ffff6839
ffff1fa4
fffe8ebe
ffff9f02
ffffbf94
fffff20c
ffff6c70
ffffaeef
ffffde68
ffff649e
ffffe4ff
fffebca1
ffffc1ec
ffff8ce5
fffe6f66
ffff8402
000011ea
ffffa622
ffffd5ba
ffff89ca
00000b07
ffffe843
ffffd0c1
fffd5900
0000158f
000012ca
fffeceb8
ffff4799
0000059b
0000220d
fffebe4c
00000078
000060f0
ffff5045
ffff9de6
ffff9780
ffffe969
ffffabda
ffffe52e
000006f8
fffeb1a9
ffff36cf
fffff145
ffffc4a4
fffff689
ffff969b
ffffc4be
00004fc5
fffdaed5
ffff9f80
fffff320
ffffc0e5
fffe644e
ffff9c09
ffff8be7
ffffe1d7
ffffe8d8
0000aa67
ffffa481
ffffd5fa
fffe8211
ffffef5e
ffffa238
fffff781
00004d81
ffffef3e
ffffd5b2
ffff6866
00001a96
ffff5631
fffff04b
ffffe557
ffffa685
0000725c
0001124b
00006f69
ffffac0c
ffff1979
0000152d
fffeca7e
fffed42f
00006c11
000016ec
000017ec
ffffefed
ffff588b
ffff9a0e
ffffadd5
ffffda15
fffdc03b
0000d340
ffff6a28
ffff5cf6
ffff2281
00009c2e
ffffcacc
ffff8651
fffe4788
000077ee
ffff79f9
00004e1c
ffff3740
ffffdf61
ffffc819
ffffc5f3
00000c14
ffffdf1b
00000928
000024dc
ffff2f58
ffffb643
ffff22a9
ffffbb85
ffff9c39
fffe1ed5
ffff0267
ffffdb14
ffff1d64
0000d757
ffffa07a
0000138c
0000c66b
ffff9d83
fffff377
00003a16
ffffe9f3
fffff179
fffff06a
ffffecfa
ffffff7d
fffffe60
fffff5be
000002bb
0000081b
fffffe3c
000016a9
ffffdf48
0000091b
fffff6c7
ffffef37
fffffc2f
00000c21
00000caa
fffff2f7
ffffe919
ffffff3f
ffffff76
ffffe851
00000557
fffffca4
ffffe411
00000545
ffffef5e
fffff543
fffff7c7
fffff888
fffff937
000005d4
fffff0bf
00001b5a
000005cd
ffffff20
fffff233
ffffe349
fffff4d7
fffff7fc
ffffeed5
ffffda66
00000c1e
ffffebff
fffff5f0
0000018c
fffff4f1
ffffdf0c
fffff5e3
fffffd90
ffffe965
fffff735
fffff931
fffff046
ffffec37
ffffe994
fffff502
ffffeddf
ffffe5e6
fffff5ef
fffff774
000004d5
ffffe3df
fffff61d
fffff7ae
ffffed15
00000115
ffffee03
ffffe2f6
fffffc50
fffff135
000002dc
ffffe411
fffff53b
ffffeedc
0000045c
fffff9e6
00000351
000018ac
ffffdf25
ffffe52b
000002df
fffff245
fffffdf8
fffff55a
fffff419
fffff92e
fffffea6
fffff8da
fffffbbc
fffff487
ffffec1d
fffffd10
fffff2a0
00000037
000008cf
ffffe27d
ffffdd73
fffff420
ffffea90
fffff8d3
fffff1e6
fffff3b5
fffffc90
00002266
ffffe262
ffffed26
fffffd24
ffffe9ea
00000521
ffffe901
fffffc18
ffffeb7a
fffff77e
fffff390
00000686
ffffefaf
fffff6d8
fffffaab
ffffe77b
fffff5ad
fffffe6e
00000631
ffffe54c
fffff54d
fffffe78
000001d1
ffffe503
ffffe364
0000151f
000002b2
ffffdc50
fffffd43
ffffda13
ffffed87
ffffec08
fffffff4
ffffe870
fffffeeb
ffffeb7f
ffffef97
00000a6e
ffffed1a
ffffec7c
fffff0d6
ffffe5aa
000000e0
fffff067
fffffb14
00000479
0000067d
fffff760
fffffa80
ffffefb6
0000111e
fffff7cd
fffff099
00000348
000000c3
ffffeb89
fffffb11
fffff9f4
ffffe95e
fffff260
00000019
fffff9f1
fffff2cc
00000a4d
000003ad
ffffe771
ffffef7c
ffffeb96
ffffe81a
fffff32f
000003be
00000296
0000096c
fffff4cc
00000a19
00000bc2
000003a5
fffff948
fffff2fc
fffffd17
000001ec
fffff51d
ffffe48a
ffffd769
00000ae9
fffff302
fffffe15
00001177
fffff845
fffff235
fffff30f
ffffe8cc
fffff742
fffffa06
fffff3b0
00000919
fffff6b6
000008f4
000003f1
00000bae
fffff599
0000063d
00000020
fffffd18
000004a6
fffffbd1
0000063a
ffffe6d9
fffff40a
0000095e
fffff16b
0000097e
ffffe447
ffffeb0a
fffff84a
fffffc6d
ffffeb89
00000291
00000511
fffff922
fffff2ce
fffff316
fffff0c2
0000014c
00000188
ffffe212
00000265
fffff3a2
ffffedb2
fffff665
0000031a
fffff3ca
fffff297
fffff65a
ffffe578
fffffda9
fffffb6f
fffff856
ffffe511
fffff0af
ffffee3a
fffff3df
ffffdd5a
fffff785
fffffb87
fffff81c
00000bed
000001b1
fffff614
fffff73b
fffffa9f
0000057d
ffffd8f2
ffff6e11
00005fea
00001e82
00004e9d
ffff799e
ffff15d0
ffff9843
ffffb651
000060ca
00004828
ffff79e6
000026e8
0000906e
ffffaa1b
ffff5f09
fffff7da
00005242
fffff9ad
00001ce3
ffffd70b
fffff2b9
fffff8c0
0000911a
000090a7
ffff0f72
00008e1c
00007ccb
ffff92d1
00003929
ffff08f7
ffff0d06
ffffb67e
000035c0
0000026f
0000149d
ffff8d2d
ffffdfcd
000070cb
00001740
0000607b
00002998
fffffaaa
fffe6c0b
ffffa81f
ffff8140
ffffc38c
ffff80c6
fffffa4c
ffff8174
00002712
fffefb54
00006c99
000051b1
00004185
0000171a
ffff474b
000057a4
ffffbaf2
00002db1
00003c21
ffffef01
ffff29d7
000097be
ffffd4d0
ffffdb1f
00002093
ffffc1ac
ffffc7e0
000003ac
0000437c
ffff8bbd
ffffd61b
0000118b
000036b4
ffffebd3
00008ac5
00000006
ffff3d54
000028c5
ffffe622
000008bc
ffff41c1
00003c3f
ffffaa2f
ffff5fac
fffff85b
00000460
ffffc532
fffff38c
0000361c
fffff078
0000aea0
fffed5d4
ffffbdea
00000677
ffffddc2
ffff1682
ffff8240
ffff0f0a
000026fc
ffff48a7
ffff37cb
fffff008
000074ca
000036f7
0000774b
ffffcdcd
fffedd86
ffff2a76
ffff9447
00005615
ffffd44e
00008341
fffffc8d
ffff0147
000025bc
ffffe57e
ffffd68e
ffff6867
0000586d
00000aad
ffffa4f1
ffffe19e
00000858
0000cd1e
ffff638f
ffff0ef3
ffffbff4
0000785d
0000c947
ffff9012
fffefd1a
00000928
ffff5f7f
ffffbe7b
000080e9
fffebb3f
ffffc752
fffff586
ffffd4c5
ffff7218
00004789
fffffa60
00002d86
0000263a
00003d89
ffffa8b6
000017d8
ffffa260
ffff8f83
ffffbb43
fffffe04
00000de7
fffffbe7
ffffc36e
ffffd35b
ffffa21f
fffff6c0
0000d10c
ffff7f26
ffffa870
ffff7614
ffff98b8
ffffc9c7
0000f626
000044c6
0000620c
ffff4259
ffff3ee7
00007aea
ffffb604
0000afb8
ffffa296
ffffa946
000055fa
ffffed71
ffff0025
00003eab
ffffc562
ffffaca5
ffff6812
000008d9
fffff545
ffffd504
ffffe7bd
fffe22fc
ffffe1bf
fffeca51
ffffff68
ffff2c91
00004fee
000047d0
ffff778a
ffff56f3
ffffa053
00000de3
ffff5489
ffff7432
ffffc52f
ffffea35
00003879
0000b670
ffffaa22
ffff2c36
000064e9
ffff5be1
ffffc729
ffffbaa0
000031d0
ffff3d7f
ffff763f
000004c2
ffffbae7
00000028
00004d63
ffffb106
ffff7dec
00007265
ffff1437
00011de1
0000536f
00003bd7
fffec4d3
fffe444c
ffff791c
00005053
fffff0f5
000050a3
ffffe451
ffffa597
0000484b
00004f81
ffff31c1
fffffd6b
00000188
00006ba8
fffed56b
fffeae21
ffff6e96
0000be60
ffffbd13
ffff2573
0000d1fc
ffffecde
ffff5ab7
ffffdf2a
ffffc6ff
ffff88bf
ffffc160
000010c5
fffec76e
0000a0f0
00004b6f
00006074
ffff7be2
ffffee81
00000d3a
ffffec07
ffffeb2c
00000125
ffffe8b9
fffffe0b
000002a8
fffff6bf
ffffe787
ffffe91d
fffff346
fffff01a
fffffffa
0000019c
ffffea9e
fffffbc6
ffffe24c
00000936
000000b3
fffff534
fffff8d4
fffff408
ffffe912
00000613
fffff923
000000e3
ffffe8cb
fffff30e
ffffef03
ffffff3b
fffff0ea
ffffed2b
00000272
0000026d
ffffffb2
ffffff48
ffffff39
ffffe77a
fffff7b8
ffffedb9
fffffb46
0000014e
fffffaa7
ffffee1a
fffff57e
ffffed4d
00000205
ffffeb49
ffffe750
ffffebee
ffffe29b
ffffee25
fffff62a
fffff286
000004d0
ffffed96
000008e2
fffffa48
fffff8e2
00000c61
ffffe98d
000004fa
000002ac
00000cb8
ffffec4b
fffff3e1
fffff8f6
ffffec45
fffffa5e
fffff1bf
000000d7
fffff17b
ffffed76
fffff61a
fffffe2c
fffffd3d
00000401
000009dd
ffffe821
fffffe82
000000ab
000001f6
ffffe961
000000c7
ffffe781
fffff005
ffffe6d1
fffff847
fffffab8
ffffe733
000004a7
fffffeac
00000030
ffffe63c
fffff15f
ffffee87
fffff529
ffffec7f
fffffe40
fffff352
fffff245
00000382
fffff43a
fffff7a1
ffffe921
ffffed22
ffffe5ae
ffffeb87
0000072a
ffffec52
0000030b
00000789
000001af
00000a90
00000310
0000082f
fffff3b4
ffffedb5
ffffea55
ffffff49
fffff568
fffff5c5
fffff61d
fffffd6c
fffff97d
ffffff30
fffffd73
fffff047
fffff52f
fffffdad
ffffece8
ffffffcf
000008f8
fffff933
fffff6bd
ffffffa9
0000090d
fffff665
fffff6ae
fffff51c
ffffe4a4
fffff402
ffffe861
fffff800
fffff6e9
00000688
fffff40e
fffff89c
ffffeebd
fffff0c8
fffff971
ffffeb94
fffff033
fffff201
fffffdb2
fffff9b3
0000043a
fffffdfb
fffff581
ffffe91e
00000878
fffffeb5
fffffe4c
ffffeb6f
fffff240
ffffe371
ffffe428
0000041a
00000294
00000411
0000013d
fffff05e
0000053d
fffff4ae
ffffea5c
fffffcfa
ffffecd5
0000046b
ffffe7b9
00000531
fffff483
fffff880
00000116
ffffeea5
fffff84c
fffff66d
ffffea5c
000005cd
00000683
fffff1e5
0000012a
fffff055
000001d8
fffff6dd
ffffeade
fffff64f
fffffd19
ffffe507
ffffffa0
fffff82d
0000044f
fffff8a8
ffffe9e1
fffffdbc
fffff87c
fffff250
ffffec10
ffffe9cc
00000820
fffff160
000002f3
fffffedf
00000ab8
0000050e
00000424
ffffeaed
fffffcc5
ffffea5d
fffff83b
fffffa49
fffff1a9
ffffe929
ffffe2e8
ffffe39d
fffffba6
000004e2
ffffe8b6
ffffe475
00000471
fffff9c8
ffffe906
fffff4a0
ffffff01
fffffaff
ffffff5f
ffffea43
fffff1bf
ffffeec4
ffffeb91
ffffe86d
00000719
fffff609
fffff478
ffffe90a
0000008f
000009a8
ffffff0f
fffff37c
fffff42f
000009dd
ffffe77e
fffffabc
fffff7de
fffff850
fffff340
fffffb6b
ffffeacc
fffffe26
00000466
ffffe0a7
00000376
fffffd58
ffffea6e
0000056e
00000a74
fffff670
fffff7c0
000001f9
00000539
000000cf
fffff40d
0000004e
fffff1f4
00000826
fffffb84
fffff0d4
ffffecdd
ffffeea8
fffff22a
ffffebbd
fffff1f5
000004d5
fffff4df
0000089c
000005b2
fffff1c8
ffffeb8c
fffffd48
fffff9cc
0000001a
0000028a
fffff60e
00000438
00000d97
00000a10
ffffef7f
fffff56e
fffff49d
ffffee04
00000393
00000962
fffff72c
00000743
ffffe981
00001971
ffffedd3
ffffffb9
fffff69c
fffff63a
fffffb4e
fffff01d
0000016e
fffff614
00000130
ffffe306
fffff551
fffff68d
fffff86e
fffffd3d
ffffff89
00000061
fffff7a5
fffff2a8
ffffecd3
ffffe807
fffff1bb
00000a1c
fffffd72
fffff1ff
000015fd
00000375
ffffe7fc
00000bb3
ffffee5b
00000f75
ffffeb5d
0000079e
ffffed71
ffffff36
fffff6aa
000006a2
fffffd9a
ffffe97a
ffffee6f
fffff521
fffff4f2
fffffea1
000001ed
0000000f
ffffeba3
000000a0
000003ce
ffffeadb
ffffe558
fffff734
fffff54d
fffff97e
0000000f
00000198
000000f2
ffffe74e
ffffef75
fffff591
fffffb43
fffff4b5
fffffacf
ffffff77
fffffcf6
ffffec60
fffffcea
000002e6
0000118a
fffffd4d
fffff455
ffffe83a
00000586
ffffedcc
fffffce9
ffffebf3
fffff1e7
ffffff0a
ffffe857
fffff323
000001ba
fffff78e
00000435
fffff82a
ffffe309
fffff6d5
fffffeac
fffff6f8
ffffea3e
0000086b
00000c36
00000e3a
00000743
000004d9
ffffef86
fffff5bb
fffff4cc
fffffea8
000013eb
00000ce1
00000c57
fffffe0e
fffffa57
fffff1ce
ffffeab9
00000a7c
fffff27b
ffffffaa
fffff245
fffffd70
fffff2a0
fffff966
000007d3
fffff5bd
fffffd5b
00000368
00000704
fffffe38
fffff767
ffffe21f
fffff471
fffffb2b
ffffff43
00000024
ffffff21
fffff6d7
fffff2b3
fffff08c
fffffe6d
00000522
fffff376
000000c9
00000b01
000002ab
00000c35
00000bde
000008c3
fffffcd1
fffff274
00000509
ffffea67
fffffe09
fffffa4c
00001a2c
0000016f
ffffff61
00000f83
00000bdf
fffff04c
fffff2eb
ffffebee
00000742
fffff980
fffffe29
000005cc
00000f7c
fffff3b7
fffffa65
ffffe8d3
ffffeb39
ffffee35
000012be
ffffeb8a
fffff910
00000519
000004e7
000005c2
00000032
fffffe22
fffffc8a
ffffe6e2
ffffecfd
fffff00c
fffffaf2
fffffffb
ffffe818
fffff52b
00000502
00000ceb
fffff4d4
0000065e
ffffef9d
ffffec10
000004a2
fffffaba
0000045a
fffff344
00000536
fffffccd
fffffe55
00000262
fffffbe5
00000d6c
fffff7f8
fffff8f7
00000c48
fffff80b
ffffec10
fffff1cb
00000bbe
000001cb
ffffedc2
0000093f
000003b4
000000c0
fffff921
fffff31e
fffff9fb
ffffe38b
ffffe287
fffffb29
ffffecd7
fffff503
00000061
fffffcb2
fffffbce
ffffff16
fffff3f1
ffffe9f7
00000d66
ffffee01
00000376
fffffc73
0000009c
fffffe11
ffffea82
00000690
fffff0da
fffff368
ffffe616
000005da
00000733
ffffe2e3
ffffeff3
fffffb8f
ffffee19
fffffebf
fffffae5
00000001
fffffb9a
00000221
fffff542
000000fb
fffff5f7
ffffef50
fffffc77
ffffef2f
000004e6
fffff124
fffff5d4
00000bf4
fffffb8f
ffffe630
0000055c
0000104a
ffffebaa
ffffefd2
fffffbe7
0000020a
fffff49e
fffff6ac
00000237
000001ca
ffffe9e8
000000c0
00000442
000000c3
fffffc05
0000057b
000009ac
fffffbff
000011ea
0000060c
0000024c
00000889
fffff8e8
fffffbef
00000459
00000065
fffff5ad
ffffdd82
fffffda2
0000047e
ffffe412
fffff99a
00000018
fffff99d
00000657
ffffffa2
fffff36d
fffffb92
0000053e
000005f2
0000085f
0000068f
fffff5c9
ffffe872
ffffe2a3
000000a1
fffff297
00000873
0000005a
ffffee92
00000f98
000004b4
ffffe335
fffff41b
ffffe98e
ffffeaf4
fffffd88
fffffc40
ffffeef1
fffffa5d
fffffd80
fffffa1f
fffff4a1
ffffeb3b
ffffe6ef
fffff5f6
0000030b
fffff2d8
ffffeef7
00000272
ffffefaf
ffffdf6f
000006c2
00000630
fffff549
fffffbd0
ffffe98a
fffff94d
ffffdbb9
ffffefd0
fffff6f9
fffffaac
fffffdf6
ffffecb3
ffffefa3
00000959
000004bf
ffffec5a
fffff6ce
fffffe68
fffff659
ffffe4e8
000001df
fffffe41
ffffffc2
fffff660
fffff8ca
fffff001
fffffb45
fffffa40
ffffeea1
fffffd6c
fffff849
ffffed22
ffffffb4
fffff3c8
fffff0f6
000008a6
fffff77a
00000625
00000cb9
fffff4f5
fffffe91
fffff2cf
00000893
ffffe501
fffffe6f
ffffee2e
fffff309
fffffbe7
fffffd98
fffff53d
00000071
ffffec6e
ffffdf15
ffffeb43
ffffefcb
ffffea81
ffffea71
fffff129
00000545
fffff3af
ffffef8c
ffffec4d
00000447
ffffe932
fffff518
fffff6ab
fffffae5
fffff7c5
00000305
ffffe27f
ffffe72d
fffffa09
fffffcea
ffffe688
000007f7
000007ff
fffffd45
000002e3
fffff162
00000176
fffff823
fffffe4e
00000df6
fffff851
ffffff93
000008c0
fffffc2c
fffffbe1
ffffe8b9
fffffebc
fffff80b
fffffc33
000004aa
ffffec6e
fffff0c6
ffffe7e9
00000803
fffff34c
ffffece6
fffffc46
fffff893
fffff287
ffffecf5
fffffb9b
fffff7ad
fffffa83
fffff72c
fffff377
fffff76f
fffff41d
00000651
00000a31
fffff222
00000058
fffff933
0000025e
fffff61b
fffffcc2
0000040c
fffff43d
ffffeddc
ffffec59
fffffe20
000000ad
ffffed55
fffff894
00000335
000000cd
fffff77d
ffffff0b
fffff39f
fffffded
0000012b
fffffeb8
00000784
fffffe3d
fffff779
ffffecb6
000003cb
00000a90
00006cf0
ffff8a6f
ffff9631
00001474
00003a08
00002c4d
fffff295
ffffa3b5
ffffc8ec
00002c6d
ffffe499
00007e83
00007def
ffff2ba3
ffff4cf1
00000e0d
fffeee4e
ffffb480
ffff99f6
ffffedbf
000026f2
00006491
ffff2cdb
000055eb
ffffa557
ffffca96
000013b5
ffff4c29
fffefd9b
ffff2cf6
000003ca
fffff88c
0000c62d
ffffcb83
0000452d
ffffce91
ffff9ac4
00003842
ffff0bb8
ffff4102
000042f8
fffff60b
0000470b
ffffc77f
ffff6013
fffff76a
ffffdf2c
ffffe099
0000104f
ffff48c7
fffffdf2
ffffe2d4
ffff6b9e
ffff115f
ffffdb60
ffff7d3b
ffffe605
fffef998
ffff13ae
fffffca6
ffff8806
ffff2d2d
ffff481b
ffff4e95
ffff3309
ffff2f1b
000024d1
ffff7736
000017bc
ffffabb2
fffeb64e
ffffc288
ffff9e6b
ffff92b9
00001a8e
fffefa98
00000403
ffffd182
fffe9e46
000054b6
00000b83
ffff953d
fffeb01e
ffff2079
ffffe8e0
ffff859c
ffff7409
00003eda
00009e7a
00005b0b
ffff52cc
ffffcb7a
fffffdc5
ffff3f6b
fffff4cc
000038c4
00008d4e
00003ae5
ffffc5fc
ffffbc6d
00002a7d
ffff78ad
ffff45ad
ffffcb39
fffff483
ffff02ed
fffed5a8
ffffcdeb
fffed51f
ffff7c69
ffffa788
0000081b
ffffb335
ffffd370
ffff95de
00000bf2
00000d72
00000657
ffffe3b9
000067a2
00001c4b
ffff6d92
ffffc163
ffff9f77
ffff4f45
ffffabc9
0000289c
ffffb2d0
fffe6c52
00007927
ffff68f0
00002c98
00005517
fffffc30
ffff785b
fffeda04
00005ff1
fffeddc4
ffff3972
ffff2c71
fffef6f1
ffff217d
0000489b
ffff1029
000032c0
ffff0e24
000092f7
fffff933
ffffb985
ffffa83f
0000b8ea
fffed590
0000541e
ffff1c73
ffff0707
0000415a
ffffc54e
0000029f
ffff6171
00004f22
00003dfe
ffffb479
ffffa47f
ffff4c59
fffecc0b
ffff9ba9
0000868b
00005958
00001ed6
ffffea88
ffffb79c
00003d91
ffffc1fc
ffffcb09
ffffa299
ffff7e0f
00000705
ffffd810
00000bf5
fffe9e5c
ffff88b3
000068aa
0000337f
ffff2712
000025de
ffffafdc
ffff4370
fffee7a0
ffff2a53
00000794
ffff4300
ffff6f00
00005c99
ffff83cc
ffff3761
000005e7
ffff0281
ffff4b6d
ffffbb17
ffff9c80
00006828
ffff46cb
ffff1b7f
fffe92bf
000010da
ffffa067
ffffadc2
ffffb4da
fffe68db
ffff5d57
ffff7e13
000011e1
00002339
fffff6ba
ffffafb3
ffff89db
00004982
00009a1f
ffffeacb
ffff6892
fffeea0f
ffff7b00
ffff6822
00000385
000014a7
ffff70a2
ffff794e
ffffde08
ffff7216
ffff05a8
0000529e
ffff26c4
ffff7c15
000071d8
ffffe3da
ffff9701
ffffd10e
ffffec09
ffff6baa
00001b55
ffffe259
ffffdcd0
ffff2af7
fffebf46
ffffa9c6
00007202
ffff1d08
fffe6412
00002722
00001cba
ffff61f1
fffe879b
00001ac3
00001726
00003c92
fffff485
ffffed71
fffffdec
fffff6ce
ffffffac
fffff360
000002cd
ffffec44
fffff2b4
ffffef5c
000007f0
0000053b
fffff253
fffff8b0
000002c5
0000024d
00000e84
fffffb26
fffffc4a
0000095d
ffffff57
ffffee5d
fffff9ee
00000906
fffffb9b
fffff3f3
ffffedca
000007f9
fffff3ab
fffff38c
00000102
ffffff26
ffffffb9
00000097
fffffdae
fffff8be
fffff7a8
000001b2
00000519
ffffff9c
fffff56d
fffff94e
fffffefb
ffffefa6
ffffffa3
000001da
ffffff1a
fffff6b6
000009ce
fffff3ee
0000051c
fffff96f
fffffdd6
000003b4
ffffeea4
fffff928
fffff899
fffff0b4
ffffff87
fffff627
fffffb65
fffff494
0000028c
ffffecd7
fffff585
fffff89b
fffff99e
00000209
fffffa6d
ffffff80
ffffe56e
fffff9b6
0000092b
fffff527
00000d55
000002d9
ffffee15
fffff80a
0000080a
fffff51e
000010f3
ffffedeb
fffff4ea
000003a9
000000e9
ffffef0f
0000020c
ffffeda5
fffff22c
00000553
fffff587
fffffb59
fffff5d2
ffffef0e
ffffec31
00000699
0000070a
fffff8ac
00000a5a
fffff181
fffffa0a
ffffe8b2
00000b8f
0000007b
fffffe8c
ffffe4e8
ffffeeeb
000007e8
fffff791
fffffd14
fffffef1
ffffff4b
fffff3a0
00000d1f
ffffffe5
fffffd73
00000626
fffff2b9
000006af
fffff362
ffffeb6d
ffffe729
fffff6f1
00000198
ffffff77
fffff4fc
ffffef6e
fffff578
ffffeccf
fffff617
fffffb34
ffffee96
fffff8b5
fffff846
fffff8ce
ffffe0e7
00000396
ffffed7d
fffff892
ffffff0d
00000118
00000570
fffff9d7
fffff548
fffff75e
ffffec55
fffff9eb
fffff44d
000009c0
000007e8
0000016a
fffff870
fffff2e2
00000278
fffffa61
fffff9d2
fffff265
fffffa9c
00000755
000008ca
fffffcce
ffffff7e
fffff7eb
fffff751
00000f41
fffff6da
fffff7de
00000430
0000090a
fffff67e
fffff783
fffff1a0
00000569
fffffa60
ffffebc6
ffffed5b
fffff6d2
00000203
ffffee91
0000079f
ffffeeb4
0000076c
ffffefba
00000c0d
fffffa4e
000006d8
ffffe88f
fffff57c
fffff5d3
000002f3
00000738
00000a16
fffff2b3
000000b6
000000a4
fffff960
fffff8a7
fffffdff
fffff772
0000021e
00000467
fffffb75
fffff99c
00000608
fffffcfa
fffff078
ffffeb8b
fffff97d
fffff3f5
fffffe96
0000041c
000001ef
0000097b
000007a9
00000a48
fffffdef
00000372
0000018e
000005be
fffff092
00000457
fffff00e
0000004a
fffff42b
fffff8f8
ffffff24
fffffa24
00000ae6
ffffeea5
ffffed87
fffffd35
fffff329
fffff2e4
fffff3f7
00000a63
fffff5d2
fffff32d
00000b7a
fffff3a0
fffffe35
fffff3f3
0000022f
0000057b
fffff3c7
fffff1e9
000003f9
fffff3af
00000387
0000065d
fffffa4a
ffffffda
00000bf1
fffff4ef
00000030
fffff27f
fffff4b2
ffff057a
ffff64b1
ffffa7db
ffff6e4f
ffffc2e0
00004a51
fffffa33
ffffcde4
fffffb33
ffff4e05
ffff6c23
ffffdd33
ffff961c
000006fd
fffeeb9e
ffff5cb2
00000a65
fffffb52
ffff16ee
fffff8a8
ffffe7b3
fffebb53
ffff28b7
000031d0
ffff199c
ffff8e54
ffff8891
ffff2e25
ffffbf7f
ffff963b
ffff6163
fffe93a0
0000b05d
fffff898
ffff41e4
ffffbae4
ffffb536
ffffd8f3
ffff10e8
0000379b
ffff8c16
ffffec2c
00000d0e
ffffe10c
00008744
00004b42
ffffb67c
ffffc2eb
00002d96
00001ff4
ffff6f6a
ffffbef8
00001f49
00004cd3
ffffd91e
ffffbecb
fffffd78
0000256b
ffff48ae
ffffb7e1
00000a4a
fffe8e2e
ffff2fb4
fffec938
ffffd2e8
ffff802d
fffeeb01
ffff8def
ffff67ec
ffffde77
ffffcf01
ffffe748
0000590f
00000e73
ffff8844
00006a02
00002297
00000fe1
0000eded
ffff70cb
000024a9
ffffc697
00002c1e
ffffecd3
0000187a
000005f8
ffff7549
ffff7250
fffff808
fffffd9b
fffff67c
ffffdffc
ffff5e9a
ffffc8a9
fffde779
fffff9aa
ffff3eea
0000a8f5
00005da4
fffffab2
ffff116a
ffffb6ff
ffffe2e6
ffffe7b3
00003b78
fffe651e
fffefff9
ffff3c09
fffea8bb
ffffd564
ffff5ba0
ffff7913
00000e11
000062c7
00002f48
ffff7ece
ffffdbe5
ffffd748
ffffdb82
ffff7012
ffff2896
fffec009
0000435e
fffffa09
00006fff
ffff058b
ffffb08e
ffff0061
ffffc63d
ffffbc22
ffffd99c
00003e17
ffff29ac
ffffa985
ffff9e69
fffff5de
fffff550
ffff8243
ffff75b4
0000bd82
0000426e
ffffa6b8
00001b25
ffff6bca
ffff0a53
00004f0a
ffffb501
ffff928d
ffffa66c
ffff7b8d
000028c6
000009a8
ffffc333
fffef3af
ffffdfbf
ffff42d3
00002dd2
fffff4a5
0000091a
fffffccc
ffffa315
ffff98f3
00004890
00003dc1
ffff5448
0000475f
ffff7902
ffff2851
00000276
ffffb868
ffff3317
ffff2b34
ffff5a5d
00003250
ffff9d44
ffff93ba
ffffcda6
ffff518c
00006344
ffffa83d
00005b47
ffffec07
fffe758f
00003b14
ffff9dac
000024fa
ffffa8de
ffffd0fb
00000db8
000088e0
0000386a
ffff6f5e
fffee103
ffffd701
fffcd0dc
00001f3d
ffffb937
ffff7b4e
00003b29
ffffbd41
ffffa924
000006b4
ffffd8ab
fffef37f
ffff5d1f
ffff70dd
00003721
ffff8138
ffff0a55
ffff1f91
00003934
0000047c
ffffc7f6
ffffc489
fffff86e
ffffe510
ffffadef
00008907
00003efd
0000407b
000006da
ffff2c59
00004461
fffe4df7
ffff8d39
ffff4861
00002616
00001b38
00000bd3
00005001
00002d6e
ffffd997
ffffff7a
ffff78e8
ffff6700
00000ce4
ffff92a9
ffffe97b
fffe8d6a
ffff5daa
ffffd4ba
fffdd36e
ffff4027
0000471a
00006e84
00004224
ffffe24a
00000da1
ffffe805
00005a21
ffff4686
00006060
fffef20d
ffffb1d9
fffffc24
ffff1d2d
ffffead7
00006a68
ffff95bd
ffffdfea
ffffa39c
00002478
ffff0543
00000789
ffff4e5d
0000090f
00000a4f
ffffbd9e
000020bb
000039f2
fffffdfc
0000aa6b
fffff3c7
ffff3367
fffffe2d
ffffb464
ffffbe29
ffffffa7
ffffee1e
00000a79
00001cde
ffffab8c
ffffea47
ffff94e6
00000f91
0000030f
ffffe11d
ffffbcd6
ffff9be1
ffffe787
00004190
00001c31
ffff44fe
000004fc
ffffe92a
fffff0f4
00002618
fffff8c0
fffff26b
ffffb153
ffff8f3c
fffdf162
0000345b
fffff748
00007233
ffffbcc5
ffff57e3
fffed1d0
ffffdcec
000018b8
ffffcf47
fffeee63
00001471
fffff848
ffff8ad0
ffff9e02
00001fa0
fffff084
ffff605c
0000516a
00001ee0
00000068
ffffad11
ffff6646
0000ee25
ffffa6ba
000002bf
fffff161
00000f76
ffffbf51
ffffb93e
ffffcd85
00002a1a
fffffc78
00000d23
0000083c
000015a3
ffffd109
ffffafd9
00000ff0
ffffecb2
00004226
ffffefdb
ffffbb38
ffffe0c4
00001761
ffffbf2b
000067a9
ffff5fc0
0000377a
00002cc9
fffffb94
fffffe85
ffff63ab
0000191e
ffffac5d
000084dd
ffffee2d
000003db
ffffee20
00006ef5
ffffac07
fffff411
ffffcb94
ffff7964
ffffe8b8
ffffbd70
00002578
ffffed13
000089e1
ffffd35a
ffffc31b
ffff4120
00003899
00000ba8
00018ef7
00000320
ffff4505
ffff6a43
fffffdac
fffff8aa
ffff9dbb
ffffff33
ffffc137
000021af
ffffe9c4
00004f0d
ffffbf0a
ffffecff
000015f5
0000066d
00004b91
ffffcac7
00003d2e
ffff4b22
000026be
ffff84e2
ffffba6a
ffffbc2d
ffffe91b
00000857
fffed51c
00002773
ffffe782
ffff846b
00001b37
ffffe525
00006e82
ffffcc0f
0000ae3b
fffff76d
ffffece0
ffffb908
ffffb513
0000024d
0000a410
00000267
000039a7
fffff8b7
00006205
ffffb409
00009309
ffff2286
0000616d
0000086e
ffff9c1b
00005502
00002129
0000c42c
00001fa8
00002e37
00002982
ffff17a9
000043f9
00002275
ffffd27d
ffff41a8
0001264b
ffffa2f3
00002fee
ffffab81
fffff6ca
00005fce
ffffdcdf
00000d3a
ffffa659
ffffd418
ffff713a
ffffa4c9
fffff2b8
fffff612
000077b5
ffffd111
ffff86e3
000015c6
ffffdaa8
ffffeebf
0001119e
0000b19b
00002b83
ffffe84a
ffff6805
00008261
00002fbc
ffffb964
ffffc1be
00002d05
ffffd7ed
ffffc5be
ffffd10b
00000af9
ffffea0d
ffff794f
00004f5a
ffffd11e
00002419
ffffbef0
0000209d
ffffeda6
ffffb86f
ffffd412
00004b5e
ffffc404
fffff3bf
00002a40
0000108f
ffffdf50
0000869f
ffffecc7
00000cf7
ffffffc0
000028f8
0000d08f
000142fc
00003454
ffffae6d
ffff4a9b
000002d6
ffff16d4
0000ac28
00007d73
ffffa42f
0000913b
000013db
fffff2a7
00006dee
ffff0682
ffffd5f0
00000753
0000680b
00002e1a
000052a7
fffff97c
fffffd2e
fffffc63
ffffe881
fffff470
fffffb8b
fffff1f7
000002d5
fffff904
fffffc40
fffff5d9
00000826
00000da3
000004e7
ffffe3df
fffff689
fffffc82
fffff8d0
fffff195
000004f7
00000c17
ffffe9c5
00000a16
fffff936
00000887
fffff718
000005b6
fffff967
fffff572
ffffec79
ffffe4cf
0000090b
0000069f
00000bf5
0000039a
ffffee89
fffff5c6
fffff88d
ffffefd0
fffff89d
000003e6
fffff0ae
000002c3
0000011e
fffff357
000001eb
000001ec
fffff29d
0000058f
00000cc2
fffff0dc
fffff59c
fffff93f
fffff7ed
fffff4e7
000000c5
fffffded
000002ce
fffff3f5
fffffacd
00000572
fffff560
fffff305
00000011
00000c9b
fffff8c8
fffff153
fffffddd
ffffeb8f
0000036e
00000528
fffff275
fffffdca
00000bb2
000004e0
00001297
fffff4dd
fffffcca
fffff318
fffff167
fffffc85
0000049d
000008b1
fffffa0a
00000d92
fffff9c2
ffffef10
fffff9b7
0000093a
00000ad3
ffffed13
fffff48a
00000527
00000197
fffffd76
fffff8dc
00000166
fffffeb5
00000409
fffff5dd
fffff8d1
ffffe92e
000001db
fffff941
fffffb2d
fffff207
ffffef38
fffff0cb
000008bc
fffffe12
fffff0b0
fffff51a
fffff6fd
fffff2f6
ffffeeea
fffffa11
ffffe8d9
0000038c
ffffea97
ffffe5dd
fffff251
fffff3f5
ffffedb2
ffffefaf
ffffefab
00000bb4
ffffe6f9
0000027d
000004bb
00000436
fffff165
ffffed5b
ffffef37
ffffee15
0000026c
0000041e
ffffead5
ffffeeb7
ffffffb7
ffffee48
ffffef2f
fffff2c7
ffffe53c
fffff538
000004b4
fffffed5
fffffebb
0000086e
0000045e
fffffecc
fffffe3a
fffffdcb
fffffe53
00000396
0000036d
fffff108
fffffdd5
0000067b
000005fd
fffffffb
fffff3ae
00000a5d
fffff5be
ffffed5a
fffff493
fffffdc2
fffff0ad
fffffddc
00000221
fffff88c
00000279
fffffbc9
ffffffc4
ffffff0e
fffffc8d
00000014
00000b5a
ffffeeeb
000006e9
0000058a
fffffd85
0000053b
fffff771
fffff2a8
fffff530
fffff69e
fffff349
00000004
fffffca3
00000371
0000062b
00000906
00000247
0000074c
fffff4fd
fffffa68
fffff641
ffffea84
ffffeadf
ffffef01
fffffd21
000005f8
fffffafb
ffffe897
00000590
00000e48
fffffa0c
fffff2ad
fffff6af
00000074
ffffec5d
fffff006
0000052b
000003a0
fffff68f
00000ef9
ffffe286
fffffc13
ffffee94
fffffb3e
fffffdc1
fffff6cd
fffff40b
fffff829
00000cdc
fffff4a9
fffff1cc
000001ba
00000577
fffff23c
fffff606
000007b6
000000d2
fffff1b3
fffffa3d
000002ed
fffff87a
00000546
000005ce
000000ec
000009ef
ffffe067
fffffa82
fffff851
ffffee0c
fffffcaf
fffff4e8
ffffed75
fffffd38
00000058
fffff3a0
fffff459
fffff593
fffff710
fffffc3f
ffffeaaa
000006b4
ffffe47d
fffff4cf
fffff2f4
ffffedf2
00000e3e
fffff68e
ffffffd8
fffffa6d
0000005a
fffff29c
0000076b
ffffeeb3
000004a0
000008ce
ffffe4ca
fffffd80
00000147
00000bf0
ffffffa6
fffff32d
ffffed1d
fffff7f0
000000d2
ffffe422
fffff360
fffff163
ffffe918
00000084
0000053f
ffffe469
fffffacc
0000025e
00000202
0000052d
ffffee0f
fffffb74
fffff476
fffff2e5
fffff614
fffff585
000003e6
00000cfd
000008f0
fffff61e
fffff2f8
00000b16
000006dc
fffff652
ffffee63
fffff040
000001ef
fffff31a
0000061f
fffff111
ffffee87
fffff833
00000d1f
fffffac7
ffffee87
00000bac
fffffe38
fffff50e
00001478
00000d39
fffff662
fffffd7f
000002c9
ffffffb1
fffffa94
fffff5d0
00000db8
fffff711
00000442
fffff3f8
fffff1e1
fffffff8
000000a7
000003e0
ffffefdc
ffffeeb6
fffff87b
00000648
ffffef78
fffffa50
fffff3ec
ffffe84c
000006d8
000007cf
00000f78
00000971
ffffff29
fffff6e7
ffffe98c
ffffe6e9
fffff1ea
000003da
ffffe8f4
00000207
fffffaba
ffffe9f4
000000d0
fffffb2a
fffff5ee
00000797
ffffeb00
ffffe47c
000000b9
00000a8a
fffff688
0000098a
fffffcc5
00000264
fffff304
fffff4fa
fffff7d3
fffffc31
fffffbed
fffffbfd
00000072
000009a2
fffffce6
fffff592
fffff306
fffffaf4
ffffeedc
ffffedea
ffffefde
00000adb
ffffef08
00000706
00000461
00000687
fffffca1
00000087
ffffe5aa
000006d3
ffffee9c
00000518
00000639
000000d5
fffff65f
fffff2c2
fffff0c9
fffff7eb
fffffba9
fffff519
fffffb50
ffffff8c
fffff51a
fffffc00
ffffefe8
000001e2
fffff316
000006b4
fffffed7
fffffe6b
fffff043
00000b24
0000043a
ffffe7e2
00000a09
fffffe29
000007a8
ffffecd7
fffffa79
fffffcd6
00000429
ffffec23
ffffee4a
fffffe93
fffffba7
fffff973
ffffef55
fffff7ec
000003ac
00000e41
fffff8d9
fffff4f1
fffffe40
000005b1
fffff00e
fffffd4c
00000163
fffffe99
fffff0aa
ffffed4a
ffffe8fa
ffffff97
fffffd32
fffff300
000005f5
fffff2bb
0000097f
fffff67a
fffff2d0
00000fb1
fffff7ef
fffffaea
000004af
fffff65f
ffffff3a
fffff976
000006bd
fffff563
fffff264
fffff502
fffffa1b
000002bd
00000255
fffff5b8
ffffee82
0000079c
fffff30f
ffffe919
fffff590
ffffec13
fffff340
000004f6
000003a1
fffffe2d
00000055
fffff56e
fffffe5e
00000550
fffff221
0000016a
ffffff1a
0000060c
000003bd
fffff45b
fffff5ce
00000301
fffff040
fffff7f5
fffff207
0000023b
fffffb5c
0000007d
ffffe968
00000a43
00000023
fffff443
ffffee56
fffffd77
fffff893
ffffee53
fffff278
ffffebf1
fffff5dc
ffffff8e
ffffe9b3
0000059d
fffff2a5
fffff14f
fffffdf0
ffff732c
00006761
ffff7e6f
00003b08
ffffe45c
ffff8740
ffffa854
ffffc1d2
ffffcc5b
ffff801e
0000984b
ffffdca8
fffff2f0
ffffab8e
ffffcb80
000077de
00000978
ffff92ef
fffecc17
ffff7fc2
00000ee0
00002eac
ffffabee
ffff741a
ffff896b
000003b5
0000b097
ffff810c
fffff8f2
ffff7fe0
ffff3a7c
00001ad4
fffef68f
ffff9994
ffff82b2
00008c8a
ffffea7e
ffffe453
ffff47e6
000001e3
ffffa7b5
ffff9fb5
0000099c
000020eb
ffffbf5b
ffffc0b6
ffffa4f7
ffff9cdd
ffffd0ab
ffffd79c
ffffb625
00000979
ffffb01a
ffff9ce1
ffffb6e2
fffe7f57
ffff80a6
000026d1
ffff659a
ffff980c
00001f58
ffff5c5a
ffffdcc4
ffff46cf
ffffbfa4
fffe5c46
00000441
ffff1203
ffffe072
ffffd63f
ffff6fa8
ffffc2da
0000b40f
fffff208
fffeebaa
00000696
00005e02
00000c8c
ffffc1bf
ffff9748
ffffbe05
00000623
00001819
ffff32b8
0000b388
00005c81
00004685
ffffc8be
ffffc844
ffff3d7a
ffff9485
ffffe0ac
ffffd7c3
ffff89b6
ffff78c2
fffffcc6
ffffaaa8
ffffb185
ffffc73e
fffffda7
ffff66f7
00000eec
ffff6ac5
ffff8a8c
fffff156
000028b9
fffee410
ffffba5e
ffffa2b3
ffff5ccb
00000809
ffff9069
ffffbce7
ffffedae
ffffa82d
ffff8b50
00004afa
ffffea8e
ffffdc9b
ffffd6a7
ffff5422
ffffadcf
ffff877b
ffffd361
ffffeb95
fffefecd
ffff317f
000034d1
ffff3c87
ffffe617
00007800
fffe41f4
ffff32e3
fffff4ef
000008f5
ffff5057
ffffb3a8
fffffa7a
ffffe705
ffff71c4
000057ed
fffe86a4
ffffab51
ffff527d
fffeb0e9
fffff555
ffff9c2b
fffecddb
ffff4c97
ffffacf8
ffff8010
ffffe206
ffffe8b2
00006c80
ffffa6f1
ffff61ed
ffff678e
ffffdc88
000001ed
ffffdba3
ffffadb9
ffffa0a7
fffe52c4
ffff3d42
ffff1926
ffff7c9f
ffff779e
000050cc
00002b3b
ffff1646
ffffabd6
ffffa5ac
0000150e
ffff9180
ffff5f84
fffffc26
fffff047
fffedcd8
ffff6625
ffffc772
ffff172c
0000630d
ffff481a
ffff0d40
000024bf
ffffaf6b
0000341c
ffffddc4
ffff7700
ffffc599
ffff9e52
ffffd1e2
fffe1996
ffff6356
ffff990f
fffeeb56
ffffe444
fffeef1e
000035ca
ffffb7f2
ffff7c91
000090be
ffffa125
00001df5
ffff3f15
ffffdbd2
ffff9128
ffff8ff1
fffffe9f
fffeae81
ffff9794
ffffabb2
fffff697
00007e91
fffff42b
fffff86a
fffeeb89
000090af
ffffd9a1
00001429
ffff1971
ffffd5df
0000ac5b
00001ccc
fffff7b3
ffff3d8e
ffff63a4
0000a039
ffffcfa8
ffff8c9e
ffff764e
ffffd866
fffffa2d
000041aa
ffff5b63
000012b7
00000059
ffffe7ae
ffff1d80
00003a11
ffffd242
ffff9f31
ffff91b8
00002556
ffff6a48
fffeee22
ffff6329
ffff8d0b
ffff1f3d
00002b7c
ffffdba8
ffffd1c6
ffff3d50
00000a4a
ffffa6b0
fffff053
ffffe2e2
ffffe0bf
000009a2
ffffff2f
ffffed27
fffffb08
ffffec2b
000007b3
ffffff1e
fffffc5e
fffff042
ffffeeb0
ffffefb3
ffffdcda
ffffe536
ffffee6f
00000745
fffff619
ffffec9a
ffffd2b3
fffff0ef
00000c72
ffffeabd
fffffc92
00000094
00001dad
0000049a
00000a30
ffffdf1d
fffff256
000001e5
ffffeadc
0000058b
00000727
fffffd78
ffffed99
fffff527
ffffea26
00000643
fffff55b
fffff898
fffff1a8
00000038
ffffec2d
000000a7
fffffdc7
fffff370
ffffe7ae
ffffef90
ffffe550
fffffa44
fffff6a6
00001844
00000a53
ffffe0e7
ffffe7a3
fffffa67
00000238
00000444
ffffdee1
fffff193
ffffed56
ffffe328
ffffe690
fffffba8
ffffffbf
00000125
fffffbc0
ffffe529
ffffd62f
00000281
fffffc0b
fffff6df
fffff216
00000ef2
fffff8ee
ffffe5f5
00000dc6
0000024a
000009d8
fffffd9c
ffffe84b
ffffeb09
fffff333
ffffeee7
ffffe401
ffffff4a
fffff68d
000002cd
fffff769
ffffff74
000002bd
ffffec4d
ffffe481
ffffecb7
00001222
fffffe6f
fffffbbb
fffff1c2
fffff669
ffffdc92
fffff5d4
ffffea93
fffff3f8
fffff89b
fffff733
ffffd85f
fffff92d
ffffe822
fffffb61
00000218
ffffeeef
fffff7de
fffff307
ffffe8dd
ffffe9c7
ffffda9d
00000d82
00001313
00000189
ffffdf28
ffffd4b9
fffff477
fffffd53
fffff629
fffff475
ffffe6c6
ffffe997
000005f3
fffff60e
ffffe182
ffffdd73
fffff9f6
ffffdf39
ffffe9a8
ffffe4ea
fffffee0
000014e0
ffffdc9d
ffffe982
fffff4c2
fffffe77
fffffeba
ffffefa0
ffffe7f8
ffffeede
00000aba
fffffdda
fffff272
ffffe7b3
ffffd9d2
fffffecb
ffffde78
ffffd0fc
fffff6de
ffffe532
fffffece
fffff7ac
ffffefef
fffff462
ffffe31d
ffffebf6
ffffe7e6
fffff8c8
ffffdc35
00000023
fffff6ff
fffff09b
ffffffa9
fffff387
ffffe5d5
fffff7a6
fffff397
fffffc6d
ffffe81b
0000032d
00000691
ffffe855
fffffd04
ffffe45e
fffff4fb
fffffc7e
fffffe79
ffffeac4
fffffcab
fffff8e2
fffff5b7
00000c35
00000bf7
00000606
00001651
00000123
fffff6d7
fffffbee
fffff6e0
00002dc3
00000f1d
0000009c
ffffe5c9
00000d91
000001ae
fffff4ea
000008a9
fffffde5
ffffead4
fffff066
fffff2d4
ffffef9a
fffff65c
ffffdeeb
fffffadd
fffffecd
00000100
fffffed1
fffff403
ffffee59
fffff75d
0000051f
fffff463
fffffc77
fffff36c
fffff4b0
0000041a
ffffe9b2
fffffe3b
fffff03b
ffffe219
ffffde7f
0000021f
fffff0db
000002a2
fffff3b7
fffffe0a
ffffefe3
ffffea86
fffffda4
00002076
fffff2d5
ffffe6c5
ffffddda
fffff470
fffff6ab
ffffe083
00001824
ffffecce
fffff528
ffffddca
00000320
fffff948
00000c3f
fffffd10
ffffeac5
ffffe2de
ffffdd93
0000081a
ffffeca9
ffffe27a
00009d4c
ffff5a6f
fffedf8f
ffffafc6
fffe525d
00009fc4
ffff9ab9
ffff913f
0000413b
ffffea81
ffff4fd1
000044c0
0000879d
0000d01b
00001ec1
000003ca
fffee2c5
000031ce
ffff5f6c
ffff033f
0000ec7b
00003724
ffff8d66
00008b07
0000de59
00003aeb
fffea0a6
0000c249
fffffd9f
00004721
ffffb9f4
00004759
ffff416b
ffff51e7
fffff34d
ffffaa59
000062dc
00006bc2
fffff3fb
ffff9e4d
00003b73
fffff559
ffff4d8c
ffffa2bf
00003feb
ffffdf8f
000010fc
ffff2976
fffff409
ffffea00
ffff6ecc
ffffd0ab
ffff9d7c
00006731
00004789
00001c08
ffffd48c
ffffea78
fffedea9
0000132e
ffff86e0
ffff9d2b
ffff7c00
0000b73a
00003293
00001b2e
fffef2f0
fffebbba
ffff75d1
ffff47ff
000020ba
fffff9dc
ffff3e7e
ffff0605
fffead8e
ffff452c
00000b74
00004356
0000110c
000077a6
fffdf26d
ffffa501
fffef993
ffffe15a
ffff8ef9
ffffe780
ffffff52
fffef276
00002d6c
ffff5ec6
ffff8635
00000a79
ffffa137
fffff549
0000022d
ffff9305
000015af
ffffa246
ffff8a1c
000073f1
fffe1432
fffedfed
ffff47e2
ffffb976
ffffea63
00000c2f
ffffba21
fffef024
ffff6316
ffff28e6
ffff7e11
00003664
ffff0597
ffffd68a
00002ee2
00008944
ffff64b7
00008a77
0000a15f
0000348a
ffffac28
fffffb61
ffff1994
0000216e
ffffddee
ffff7d4a
000027b8
ffff82d9
ffffbb53
ffff99d5
000058ff
ffff854b
ffffcac6
fffedae0
000026ef
ffff3401
ffff831e
00002ee6
fffca04d
ffffcf1d
00007cac
ffff82a0
ffffddbc
ffffdc4e
ffffc3e4
fffefaaf
ffffdc52
ffff9385
ffffa907
fffeddc1
fffef57b
00003c62
ffff5a25
0000292d
ffffb876
000079fb
ffff96a3
fffffd6f
ffff675c
ffff8ad7
000028c5
ffff3f31
ffffa244
ffff6e5f
ffffbd56
ffff0a56
000066c0
ffff6116
fffe7aa5
ffff8d06
fffe8588
0000732c
ffffed4a
ffffd199
0000d874
fffff969
ffffcf18
00001c9d
ffff6579
fffee01e
ffff9313
ffffd173
ffffd065
ffff3336
000002dd
0000620f
ffffc7fb
0000bfa9
fffe285f
0000adea
000011a6
fffffba8
fffffcba
ffffa549
ffff99af
ffff8078
ffffe8b9
000030fc
ffff066f
00001aa7
fffeefa7
ffff87c2
ffffacbb
ffffb698
0000bf33
fffebbfc
ffff8882
fffd9087
00003a98
ffff7f18
0000a7ae
ffff76f7
ffff0570
fffff130
ffff9330
ffffea19
00007f63
ffff971d
ffff5e10
fffec6e0
ffffe7ac
fffe36a1
00000e51
fffff501
00002718
ffff26e8
ffffbeb1
00004aaf
ffff7d0d
ffff75c1
00004b12
000057f0
00005096
ffff8988
ffffd486
ffff0695
ffff72b1
ffff1d89
ffffce79
ffffa9f3
ffff9649
ffff4f56
ffff70ed
ffffcf26
fffe8dbb
ffff9cfe
ffffc8f6
fffff997
fffe262e
0000125a
ffffdca1
ffffc982
000043a3
ffff91fd
000074e8
ffff92d0
ffff732c
ffffee60
ffff9e20
ffffdb3d
ffff8b68
000024df
00007b0f
0000483d
fffff28f
00004ebb
ffffdac2
fffffe4c
00002da9
ffff70cf
fffeb6a5
00000e8f
0000392b
00003733
ffffc24e
ffffde5a
ffff9f9f
00000471
ffffa394
ffffb150
ffffc82d
0000171f
00007397
0000169d
fffff810
ffffa97a
ffff539c
ffff6af0
ffffa40c
00002e82
000029d8
ffffaca0
ffffc492
fffed191
ffff5a0f
ffff9c62
ffffecca
00000488
00003c26
000065cd
ffff7ad7
00002c9f
ffff8bb0
ffff0917
ffff5e86
0000013b
fffe738b
000015e1
00003e91
ffff2dc6
ffffe805
00001a45
000044f2
ffffb8f9
ffffcb6a
00000dd0
ffff15c6
0000138a
ffffb00a
00008e8d
ffff2cf3
ffffc41d
0000420c
fffff251
ffffcbfb
00004d12
ffffdb32
00002c4a
ffffcd55
00005377
ffff9793
ffffdb98
fffffa25
fffff3c9
ffffd37f
000000ae
ffffd10c
00007ab8
fffffec0
000051ff
ffffede8
ffff4da3
ffff561e
ffff6b24
ffff9f65
ffff823a
ffff8352
ffffd44f
00001d05
00004b9d
0000056c
ffffb9f5
ffffb406
ffff941d
00006d5f
ffffea66
0000036c
ffff972a
ffffaa3e
0000394d
ffff8437
ffff4658
ffff91ba
ffff4bf6
fffe7e02
fffffede
ffff52cf
0000422a
fffffe84
ffffe96c
000034e1
0000138e
ffffc9ae
ffffafab
ffffbea7
ffffef10
ffff97e0
ffffc442
ffffcb11
ffffaa4c
00003986
ffffe7b3
00000770
ffff6986
fffffba6
000041cd
ffff7617
ffff6bb1
ffffecd9
ffff0261
fffff76d
ffffddff
00005ebc
fffffe21
ffff228b
ffff9819
ffff79a9
ffffa24c
ffff9cb6
00003bed
ffffc60d
ffff273b
ffffd5a6
00003cd1
00001307
ffff3205
000087b4
ffffbcbb
ffffd4b9
fffef3c8
00007113
ffffc180
ffff9735
000017b4
ffffdbc4
ffffe9e5
ffffd603
0000ba7c
000028e0
00001f49
000007c6
00003cb7
000014eb
ffff7588
fffffe6e
ffffe2b3
fffffdbc
ffffa706
ffff5dc8
00000534
0000351e
000081ec
0000415f
ffff501a
00002da9
ffff29cc
ffffea1b
ffffd185
00001399
fffffb1f
ffff303b
ffffe823
ffff900f
fffffa94
00001bb4
ffff3a14
00005875
00000f87
00002a32
ffffd3f5
ffff184e
00003499
00000bb0
ffffbbf5
ffffe4e4
ffffcb84
fffffadd
fffff76a
ffff443c
ffff3503
000066dc
ffff690f
000023d1
0000167b
ffff67d3
ffffd90c
ffffd820
fffffb0b
ffff9805
fffffe02
ffff9cc7
ffff8f30
ffff60a1
00004158
ffff5794
ffff80c6
000035a6
ffff6c40
ffff2e7a
fffff209
ffffb2cf
00004f87
ffff5c5e
ffffae11
fffff88e
ffffeeb4
ffffa530
000007b1
ffffc364
000022b4
00000bba
ffffb16c
ffffd918
ffff4305
00001e47
ffff5761
ffff7f6e
ffffb4ef
ffffac40
00000915
ffff826a
00000136
ffffaa86
ffffe9d2
ffffbce3
00006745
fffe828f
ffffddc4
00003680
0000519e
fffff069
ffffbb4e
ffff03ae
00001814
0000008a
ffffd747
00002a12
00003e25
0000796a
00001f16
ffffcb30
ffffffac
fffff33b
00004d53
00004287
ffffc885
fffff474
00000977
ffffff6a
ffffdc3e
ffffd8ce
00000864
fffff683
00000dc2
fffff4ae
ffffd718
ffffcef8
fffff83f
000019e1
00003eb8
00002b72
00001d00
ffffcff2
ffff9eb9
00001e6e
fffff761
00001440
000026dd
00002ec1
0000b04c
00011f72
00000987
00002963
fffffb3f
00003201
ffffe45d
ffffa573
000023b6
00017e75
fffff556
fffee7fb
0000190e
00003db7
ffffddb4
ffffbb6b
00001957
ffffdf11
fffffec3
0000ccf3
00001483
ffffeb94
0000841a
ffff1dcb
fffffb4b
fffff487
ffffe0e1
000023ed
00000355
00007296
ffffdf24
00001c63
000000ce
00000bf6
00000ccd
0000244c
00001581
fffff830
00001e2b
fffffaa7
ffffbd0b
000020fb
fffff755
fffff098
ffff8cae
00001073
0000ac14
ffffd65c
00000e1e
00001ffa
00002642
ffffff1b
00009f2e
00008338
fffff4b8
fffff776
00002d9a
fffff730
ffff56a6
00000b7d
ffffee67
0000054a
fffff4ef
ffffa9b3
0000058e
fffff48b
00002b78
ffffe138
ffffef3a
0000018e
fffffac2
000071b3
0000182c
00001571
ffff72fe
0000032f
fffcea1b
00002f94
ffffeba1
00002bee
ffffa5ab
fffff292
ffffc6f0
ffffc5bf
ffffdf90
ffff7a1a
00001989
000017b0
fffeba4a
000075bd
00000b07
00002d1c
ffffce69
ffff3912
00002083
000020f8
00004ebc
fffff7db
00003306
00000490
000039ee
fffff9fa
fffffb0a
fffff548
fffffa7a
ffffbd72
00002c49
00000938
000010be
00001b39
00002b14
fffff2dc
fffff8f3
ffff18ca
ffffe6d6
ffffeee8
ffffd4a7
ffffbec0
000004a6
00002d9b
0000091b
fffffd95
ffffd667
000009a7
ffff831c
00000fac
ffffeabb
00000e90
000007a4
0000084f
ffffeb43
fffff652
00001c34
000016e0
fffff280
ffffc139
0000354d
00000b7e
00002f47
000026f1
000010b1
ffffe326
000026b9
00000699
00001055
ffffd93c
0000234f
ffffe76b
fffdeb4d
00006ac7
00002d06
fffffd6b
ffff9fc7
fffff2f3
ffffe29c
ffffb8ad
ffffe94b
fffff979
00001921
00001b74
ffff9641
ffffec6d
00000df9
000042b5
ffffd578
00003118
ffffe687
0000110c
0000116e
00003c1f
ffffe12a
ffffeba8
fffff5a5
000001aa
000008a5
00001fc0
000017c7
00002dc9
ffffe0c9
000023ce
fffff909
00003c82
0000f507
fffff351
00001266
ffff89b2
fffff8cb
ffffb813
ffffcca4
00000832
00000919
ffffe446
00001134
fffffdda
ffffe5d8
0000048d
0000c6de
ffff39d3
fffffd29
fffffae9
ffffcc7a
ffffd6e4
ffff4bc7
00004a59
00000a5d
ffffe5aa
ffffe90b
ffffee7a
000032b6
fffff2c0
00017f92
00000eb6
0001aa7b
00001ca4
00003cfe
000004f8
000027c8
fffff059
ffffd752
00006554
00001209
ffff96c2
ffffa7a8
fffffd63
ffffe77f
ffffbe6e
ffffd91d
00000da7
ffffd76b
00001759
fffffd74
ffffddfa
ffffe901
00005164
00000a52
00000ed9
ffff98b8
ffff0e0e
ffffd332
ffff6c81
000024da
ffffb38a
ffffed47
ffff695d
ffffd621
fffef25a
ffffa235
00001cdb
fffff477
ffff6cf1
ffffca1d
ffff4bbe
0000923c
00001902
000073cd
ffff7427
ffffa66d
fffe9de4
ffff83b7
00005125
fffffea0
fffffcc0
ffffc222
00004bf9
ffffe578
00000753
000029a1
ffffdef8
ffffd7c4
fffff319
fffff599
ffffffbe
ffffce80
fffe90e4
ffffb912
fffff52f
0000645c
ffffbff7
0000080e
fffff694
ffffa142
00001e33
ffff484a
000051b3
ffff8e27
00007d84
ffffbc84
ffff5b24
ffffca21
ffff7695
ffff8f32
0000009c
ffff6c7f
ffff5a3b
fffffc93
fffff535
ffffdb5d
00005060
ffff46e9
0000185c
fffffc9f
ffff9437
00002760
ffffce0e
ffff6eb2
00001f34
0000331b
ffffc5e1
ffffbc2d
ffff9f8f
00000978
ffff7d8d
ffff44f8
000010c2
00000290
ffff7d3e
ffffdfe7
ffff8001
ffff3030
000018f9
ffffa979
fffff752
000027d5
ffff6021
ffff960e
ffffb7c3
ffffee17
fffff38e
ffffe530
00002651
fffed752
fffff73e
00002ac1
ffff265e
ffffb27e
ffff5b71
ffffeda8
ffffe478
ffffb144
ffff672d
ffffaa55
fffff37a
00004226
ffffdd66
ffff96ae
fffea3d4
ffff7ccc
fffefc54
ffffb06f
ffffd29f
ffff6824
00004628
00007888
ffffeb16
ffff9e4c
000053f9
ffffcd76
ffffd1ff
00002a54
ffffdb96
ffffce26
ffff51ec
ffff9a5d
ffffdd9c
ffff8fd3
00004af8
ffff791c
000074d9
000005bd
000065eb
000015f2
000037cd
00007af9
ffffb4da
00001a6f
0000405c
fffffc36
000011d7
00000a1f
ffffdcfe
ffff2323
ffffe354
ffffe751
00001770
00000d8a
ffffba76
ffffd437
0000216e
ffffe8f0
00001b7b
ffffca40
ffffe883
ffff1679
00003e2d
ffff55de
ffff9869
ffff1d15
00000851
00006178
fffff034
ffff5f9c
000012f5
ffffea25
fffff3f4
ffffdc85
ffff87fe
000028df
ffffbe0c
ffff9ead
ffffe633
fffdbf49
ffffe07a
00004f80
ffff90be
ffffb07b
00008393
0000086a
ffffb51d
ffffdaf0
ffffb863
fffffda6
ffffdab2
ffff2d7b
00000d23
ffffb108
fffffc9f
ffffa3cf
00000c8a
ffff947a
fffffee4
ffffd0a6
ffff887d
fffffc41
ffffe91d
fffeda7d
ffffe767
ffffbd61
ffff60e7
ffff3e08
fffff017
0000016f
00002d01
ffffe755
0000333b
ffffb569
ffff2a1a
ffffb96e
ffff6a06
ffffbad4
ffffbd18
ffffeca9
00003c0b
ffff8545
ffffdc5c
ffffbd14
000088cc
fffff293
00005a2c
ffff937e
ffffe4ad
ffffdd19
ffffbd8e
000050d2
ffff92d3
0000334e
ffff3ca7
ffffa339
fffffe81
ffff94c8
ffff703b
ffff90bd
00001f27
ffffee5f
ffff0b86
ffff0bd9
ffff44dd
ffff989a
ffffffe6
fffff8cf
000001c1
ffffe3b6
fffffee7
ffffc65b
ffffc6cf
fffef29f
ffffd910
ffff4d5c
00000756
ffffc393
fffef944
000003a6
ffff6a2e
fffe5f08
0000884d
ffffa57b
ffff35c0
0000e856
ffff2967
ffff9a6b
ffff9d43
fffff88e
ffff59ab
fffff2b3
00006fec
ffff13fe
00003614
0000944e
00006e37
00002f79
fffeb0a6
fffffe19
00003983
ffff286c
fffe50d1
ffffb9c2
ffffc547
0000010b
ffffe6b1
00002a5f
ffff9ccc
000045c2
ffff0b2d
ffffeb15
ffff0d87
0000541f
ffff290b
000011b0
ffff96fc
00003cb7
ffff1a8a
000036d8
00000652
00000fde
00006ea1
00000c28
fffebeb9
00006141
fffff1a5
ffffd386
fffdfa7f
ffffe660
fffeef76
ffff83e6
ffff6cc2
ffff125c
ffff3208
ffffb914
0000128d
ffffb224
ffff84b4
fffff082
ffffee5f
ffff8df4
0000327c
ffff9da1
fffffde7
000017fb
fffdea88
000053c3
ffff7b6e
00001e04
0000bf4a
fffea81a
ffff5c39
00004957
ffffa7bb
0000a590
00003fa4
000027b8
00000e11
ffffee1b
ffffbf26
ffff2ac5
000076c8
ffff38db
ffff31fe
ffff3534
0000414f
ffffd034
ffffa09f
fffec59c
ffffa8a7
fffefdb1
ffffdc42
fffff803
000054a3
ffff67e8
0000c6a4
ffffff4a
ffffc511
fffff5b3
ffff7aab
00005ebb
fffff8a2
ffffbd50
ffff0ce1
000020c0
fffff5f3
ffff645b
00001f09
ffff9f41
fffe843a
ffff78e8
fffedf35
ffffda74
fffec480
00003d43
fffec919
ffffde44
ffff8a62
00000de0
ffff33d7
ffffa937
fffec622
000046c2
ffff615e
ffff6042
ffff3af9
fffdffd7
ffffebcc
00001250
0000bd3e
00004010
00000164
fffefe74
00003563
00004e19
ffff6c6b
ffffc738
00005eab
0000ca8c
ffff6fa8
00000ecb
ffffc3d8
00006a29
ffffd39d
fffe891b
000089a4
ffff3c2d
00000493
ffff9938
ffffda06
ffffe5c5
00001fc8
ffff1363
fffed28f
ffffab69
0000125e
ffff8ec7
ffffdd16
000034bd
ffff38fb
ffffd486
ffff55b4
fffffd97
ffffc196
ffff4e95
00000620
00002fb1
ffffdc57
00000861
ffffe4eb
00000974
ffffb527
ffff6906
ffffd06f
ffffa0a4
ffff3ea0
fffefcfd
00006f16
ffffc6fd
ffffe390
0000716a
ffffe734
ffff3bf6
000039f4
00000301
00004061
000013ed
ffff9d0d
ffff1756
ffff5c9b
ffffad59
00006158
ffffde9f
000020ff
ffffed2b
ffffbae6
ffffffd7
ffff7a74
ffffcd86
ffffbe2a
ffff77dc
ffffb487
ffffbd6f
00004d71
ffff4c94
00001ead
000055c8
ffff9e4c
ffff9344
ffffff62
ffffc86a
000054b1
ffffbb43
ffffc9f4
ffffd7c4
ffffdcdf
ffff65fa
ffffb6dd
fffffc01
00000e4e
ffff894b
ffff30a3
fffeaf2f
ffff4539
ffff08cd
00001127
fffe4d4e
ffff5bc5
ffffad71
fffebbed
ffff98ef
ffff75c2
ffffe03b
00005cae
ffffcc84
ffff433d
ffff51d0
fffff907
000010ca
fffe8542
000026a0
ffff7a58
ffff02db
ffff7896
000024f3
fffdddbb
ffffa62f
0001223d
ffff7304
ffff14fc
00007664
fffea4b4
00003b68
ffffb81e
fffff84b
ffffb887
0000b554
ffffb277
0000b42a
ffffda20
ffff40c4
ffff99e1
ffff7b7d
0000be61
ffff90b0
00001533
00013388
ffffc354
ffff6230
00001220
ffffd5b6
ffff6a85
ffffd06a
ffffad33
ffffc07f
fffffa07
00001c1b
ffff8922
ffffbd2f
00000d77
fffffecd
ffffea94
ffffd08f
ffff0a13
00001885
fffff3f4
ffff3ad7
000002c2
00004080
00005098
ffffdeab
00004790
ffffb6f3
00004652
ffff8080
fffd7aaa
00001f82
ffffb8cd
00001a32
00005625
000081dc
ffffb089
ffff4ac8
00006d48
ffffc99a
000038bb
ffffca09
00001629
00000ce5
ffff6f88
ffff9d13
00000729
000058c6
0000396f
ffffdfc2
00000dbc
ffff7742
000013bb
ffffb96d
ffff6df1
fffe518f
00004507
00000280
000087d4
ffffa47d
ffffcf1b
ffff26b2
0000352a
0000200a
fffec55d
ffffbe56
ffff7306
000024d0
ffffedaa
00004392
0000dace
ffffe6a7
fffff067
ffff0482
00000a8b
0000f60e
0000431f
ffffdbf8
fffffb72
ffff7f2f
fffffc27
ffffc986
00006083
ffffee15
ffff0fc4
00002d3c
0000f4a9
000033af
00003403
fffff39b
fffeac59
00006148
ffffe9fc
00003366
00001abb
ffffc9f0
ffff5f11
00003baf
000011d3
00003611
ffffb252
000011a8
fffff2c6
ffffbb0e
ffffa6a2
ffffd224
000018a5
ffff44a9
fffe3310
ffff71ae
00003a36
00001901
ffffd8aa
ffffae15
ffff4f56
ffffe068
00005930
0000569c
00001592
ffff2e31
ffff4b7d
00007372
000064d7
ffffd5a9
000039b0
000041a6
00005651
ffffbd95
ffff8efe
ffff63a1
000007db
fffff6f4
ffff29b1
00002f66
00005e8d
00001306
00006e47
ffffd20a
0000b2a2
ffff13fd
ffff19da
00004c44
fffef09d
ffffbb35
ffff92d2
ffffab45
ffff8362
fffff4d5
ffff0f40
ffffe9b1
fffff7f8
00000886
ffffa9b4
fffe8cd3
fffff0d6
ffffb378
ffff96ad
ffff9f24
00000d59
ffffe03a
ffffec6c
fffefa8e
ffffc3fc
00007761
0000b7b2
00001c88
ffff0b8b
00007e39
ffffd6d2
ffffe5ca
00005de3
0000214f
fffff3ed
00005403
ffff59fc
00002deb
00002222
fffff911
ffffeadb
ffffc9af
ffff70a0
ffff63b9
ffffe889
fffffe2d
000026b3
ffffc111
ffff4af4
fffff492
0000d89d
ffffa7e1
00006eb1
ffff943e
ffffef49
fffef1cd
ffff7477
ffff5438
ffffdece
0000034d
ffffec6a
fffdf5bb
ffffbd9a
ffffde7f
ffffe222
00006879
fffff08f
00003d0c
fffe853c
ffff3c12
fffdda44
000051d3
ffffbba9
000101c3
0000dccf
00002bcb
00007a57
ffffcdc9
ffffd743
fffed573
ffff020a
ffff3559
ffffb392
ffff11e5
0000449b
ffff877b
ffffc630
ffffe816
00001338
fffff7cf
000015e5
fffff149
00002053
fffffa84
000019ea
00001d8e
00005cb3
ffffe64d
ffffe8ee
00000bca
ffffe9cf
000011ce
fffff544
ffffec09
00002ac8
ffffd5a3
ffffcb4b
0000004e
ffffcc08
00000d08
fffffb4b
ffffefaf
ffffb1cb
fffff84e
ffffe0f3
ffffdd1e
000001fd
00003d24
00002ee5
00001669
ffff8f1a
ffff82ab
ffffe4b3
ffffe5c1
00003397
ffffe5ab
ffffb78d
00000688
ffffe71a
ffffbda2
00001549
ffffd89d
ffffe762
000001b2
0000019c
fffffafd
ffffcdf2
ffffe484
fffffb12
00000a64
ffffdc74
ffffaaf6
00000462
ffffdd02
ffffc8fc
ffffdcd9
ffff9b45
00000f70
00000a5f
ffffd758
fffff421
00000b6c
00004f8d
000065fc
ffffd5c1
00000bec
fffff194
ffffebc8
00005473
0000403a
00000078
00001137
ffffaca5
ffffefab
ffffd330
fffffbd7
00000144
000010d5
00000b48
00003305
fffff37b
ffffff87
fffff43e
ffffa5b8
00000990
00002bb5
00001a2e
00000169
ffffd323
0000051d
00006102
0000255f
0000267e
0000194a
000060a4
000015ed
fffffe23
fffff1c2
ffffed6e
0000152f
ffffed28
ffffbeea
ffffb45b
ffff83d5
00003ae9
fffffd68
00001af4
ffffe288
00002218
ffffd7d7
fffff672
ffffa8a8
ffffe9d0
ffffd54a
ffffcd4b
fffff9b7
ffffedfb
00000cf3
ffffec06
fffff2dd
ffffbc4b
ffff91d6
fffff04c
ffff5551
ffffef36
ffffb124
00000563
ffffcaef
0000129d
ffffe243
00001ee7
000045ec
00001b7c
ffffdd1a
ffffc60b
fffff13e
00001e75
00000c79
ffff6b8b
ffffb497
ffff558d
00004147
ffff9c99
ffff8fa4
0000397c
fffef6af
ffffee2a
fffff7d1
ffffe6e5
00000eea
00000487
ffff88b4
00000920
000002f3
ffffd85a
ffffca3c
ffffd9e2
ffffd864
ffffd506
fffff58d
ffffe1a8
00001a21
fffff90b
ffff8c2a
ffffd9f7
00005866
0000270a
ffffd5dc
00000bf3
ffffefcf
fffff030
00004051
ffffb11a
ffffe472
00001267
00000d28
ffffc993
ffffecd0
0000071c
ffffdc9b
ffffe8df
ffffdcdb
fffff82c
ffffcb31
ffffcfc0
ffffe143
00000651
000003fe
000013c0
000011ba
ffffefd6
000009ee
00001524
ffffdafe
ffffcd7d
00001177
ffff789e
ffffe2f7
00004f35
fffff30b
fffffc59
000034eb
fffff220
00001335
ffffb3ce
00001e30
00000224
fffff85c
000056a7
ffffe9ea
ffffd91f
fffff9c1
ffffcdd9
fffff0a1
fffff1be
fffffd3b
ffff7cce
ffffeacb
0000033a
ffffdc36
000017ec
fffffd04
00002689
00001598
0000237f
00004e39
00000213
ffffd05e
ffffd96a
ffffce92
ffffccb4
ffffc1a8
ffffd64a
fffff02d
000020e6
fffff399
00002648
ffffe2c1
ffffad64
ffff9888
00000b23
00004595
fffff104
ffffcc3d
00001360
ffffe5d6
000021ae
ffffa58a
000012a6
000019b6
00000689
00000439
ffffd766
000008cc
ffffd196
fffffc1e
fffff856
ffff255b
00004bd8
ffff3095
0000a96d
ffff21ca
00008136
ffffbd45
ffff8d08
ffffb0c4
ffffdb38
ffffaaa0
ffff08df
ffffd788
fffffed1
fffe71a6
ffff8c1b
0000078f
ffffc7c4
000012da
ffff8628
000022ba
ffffd67f
ffff5e24
ffffd1f8
ffffe3ff
ffffa8ca
000024b8
ffffca3a
ffffa00d
00004256
ffff64e8
ffff7834
ffff5ef0
ffff941e
0000211a
fffffcb7
00002bcd
ffffd17f
ffffda05
ffff2652
fffe219b
ffffbc08
00000551
ffffab30
0000c104
ffff92b0
ffffa1a8
ffff5292
ffffc679
00003c62
0000be1d
ffff8fc3
ffffb6e2
00005975
ffff5e05
fffeed64
00004018
ffff5dde
fffffb0d
0000034b
ffffeaf9
ffff5ffb
00002688
00005aa5
00005f49
fffef48f
00000d48
0000948a
ffffcf45
fffec2f1
ffffaad4
ffff724c
0000118b
ffffeaa6
fffefa2d
000021a3
000087a1
00000f35
ffffed89
fffedaa8
00006781
ffffd718
000033dd
000028d5
ffffc807
ffff890d
fffebb52
ffff0c0d
ffff4991
ffff78b2
0000043f
ffffe2bf
00008cab
ffff9992
ffff2939
000007af
00000858
ffff2d75
ffff5dee
00004fdc
ffff8290
ffff7479
ffffc5f4
ffff9055
000000a5
ffffcbbe
ffff1a33
0000382c
ffffc036
ffffc518
ffff8a00
ffff9da0
ffff03f6
ffffb9b7
ffffc9c2
00004ffa
ffffc526
ffff1995
ffff756c
ffff44f6
ffff7324
00001902
ffff9b55
ffffcb30
ffff45a5
fffe603b
ffff9528
ffffe4c8
0000403c
fffe78ec
ffff75b3
ffffac9f
0000007c
ffff49f6
fffe6297
ffffc0ce
000015d1
00006600
ffffa40d
ffff50aa
00005d7b
ffffe3dc
0000361f
ffff586a
ffffb474
ffff0e2c
ffffb541
ffffbdcc
ffff7159
000017ee
ffff8bbd
000005b6
ffff324c
fffee3af
000050fe
ffffdddc
ffff4707
fffffd2c
fffffbd2
000040b9
0000909d
ffff66ab
ffff88cc
00006189
ffff6259
ffffae68
00002917
fffedb6f
000043a9
fffe94bb
00006699
000048dc
ffffb78f
ffff3e6d
ffffccb3
fffefb55
ffff1a1f
0000527f
00006ecb
ffff07bb
ffffea05
ffff4c49
00005468
ffff313e
000063e9
ffff3903
ffff9de2
ffff86ed
fffede25
ffff6a3c
0000084e
000011eb
ffff5959
fffe98b4
ffffb875
ffff0811
ffff906a
fffedd19
fffe74ca
0000935c
ffffc30b
ffffc8b6
ffffaa18
ffffcc56
ffff52ac
fffffb3a
ffffc892
ffff61e3
ffffd1fa
ffff6893
000004d4
fffec312
ffffbddf
ffffec22
fffffee9
fffffa29
00005b77
00004579
ffff291a
00000002
00005146
ffffc809
ffffae16
ffff60d5
fffef313
ffffc9a3
000029cd
ffff7fd3
000005e1
00009195
000054a9
00009917
ffff79a0
ffffbaae
ffffae13
00000046
ffff3bd4
00008605
00007b1e
ffffff3d
00004097
ffff8319
ffff7551
ffffe507
fffefa45
fffff87c
ffffc27e
ffff3c6b
ffff7df1
fffffe2a
ffff477f
ffff64b3
00007545
ffffa9bf
ffffb177
00003746
fffffdec
fffff8b7
fffffe1c
fffff321
ffffed4a
fffff08f
00000314
fffff812
ffffff9b
00000601
ffffecda
000000fa
00000147
fffffc56
00000425
00000c11
fffff471
ffffe60b
fffffe42
ffffed8e
fffffe29
000002b1
00000982
00000ce5
ffffeec9
00000333
ffffee88
fffffab7
00000268
00000584
ffffed33
ffffea4e
fffff02b
fffffc48
000005cc
000006ea
0000018a
000005b4
0000027b
ffffe9ae
ffffed76
fffff6c1
fffff4a8
fffff66c
00000243
000006e0
fffff49c
fffff74d
fffff33c
00000a24
fffffaf3
00000bc5
fffffcb9
fffffb22
000001d7
fffff07d
ffffff0c
fffff9cd
ffffedda
ffffea1a
00000ee3
fffff5d8
fffff863
ffffeba9
fffffff1
fffff151
fffff6ae
00000407
00000621
000001d6
fffffadf
ffffecad
0000004b
fffff640
ffffea7d
fffff7cc
fffff787
00000efd
fffffe9f
00000452
fffffe1c
fffffeab
ffffe91a
fffffeb0
fffffe80
fffff5d3
00000b40
fffff956
fffff9fb
00000871
fffff4f4
ffffff74
fffff9f4
0000072b
ffffefed
fffff8f7
00000486
ffffed8f
fffff21a
fffff787
fffff8e8
fffff3c6
000005ec
000005e6
00000201
fffff77f
fffffed7
fffff8e9
fffff60c
fffff89e
fffff47d
ffffed14
fffff934
00000b20
fffff90e
00000d15
fffffc9e
fffffb3e
fffffee1
fffffda5
00000339
ffffef6c
fffff1c9
fffff52d
fffff86d
0000073f
ffffec8d
ffffebef
ffffefce
fffffe0e
fffff36b
fffffbe0
fffff60f
fffff6ff
ffffff55
fffff8b1
00000041
fffffbeb
000009c1
fffff191
fffffa67
fffff2e3
fffff141
ffffefff
fffff5c0
0000001d
fffffd30
ffffe5bd
fffff23a
fffff951
ffffff43
fffff571
ffffff02
000001d3
00000067
fffff836
000008e7
fffff344
0000095f
ffffeb5e
fffff5db
ffffee7d
fffff66a
000003e2
0000073f
00000b74
fffffebd
ffffee4f
ffffee87
fffffc26
ffffeab3
fffff259
ffffef1d
ffffeb42
fffff296
fffffddb
fffff3e2
ffffea2c
fffff924
fffff802
ffffeefa
ffffed75
ffffe7c4
fffff92e
fffff522
fffff494
ffffedb9
ffffee6d
000002a8
ffffef03
00000574
fffff8d8
00000163
00000701
fffffecb
000008a1
000011d1
fffffbb3
00000967
fffff7f0
ffffe48b
fffffa59
000000b3
00000845
fffffdd6
0000001e
fffff040
fffff65b
00000105
fffff934
000008cb
fffff37d
fffffc54
fffff69f
ffffefa0
fffffe21
00000333
fffff1a9
fffff2ad
000009d6
fffff7f2
fffffce7
fffffc15
00000b87
fffffbeb
fffffbca
fffffd3f
00000048
0000043f
00000947
fffff0ec
fffff209
fffff87c
00000bb2
ffffee8e
00000448
000003fe
fffff855
ffffeb4a
0000012a
000003ae
fffff491
ffffec07
fffffb7f
0000099c
00000645
fffffbc5
00000541
00000569
ffffffa6
fffff725
ffffff87
000005fa
ffffebbc
ffffed6e
fffff7f1
ffff9372
ffff886e
000012ee
00000393
fffef83f
ffffb80c
fffc922f
ffff7984
ffffdc76
0000410b
00001e1f
ffff4e05
ffff642b
00000a9a
ffffc215
ffffa66d
000002ce
ffff7535
00001f62
fffea7c7
000004d4
ffffe9a5
00007d45
00002ed7
ffffdd05
ffffcd52
ffff1457
ffffa7cd
ffff916e
000019a0
fffff005
000040d6
fffef5f5
00006261
fffef53a
ffff6e8b
0000619d
ffffc787
00007cad
ffff29ce
fffeb56b
00007293
fffff864
ffff9aa5
ffff12ff
ffff97a4
00003caf
00004d8b
ffff1491
fffeb0c0
fffef897
ffffd7ec
fffffe3f
fffeba7f
ffff80d9
00002ff3
0000ae12
fffef1c9
ffffe648
00002958
00000c70
00002677
ffff4838
ffff3a20
ffff3e95
ffff25a7
00014dc9
ffff841b
ffff21a6
fffff96a
ffffa1da
00003ff2
00008de1
0000a2cd
ffffc3ca
ffffba8d
fffff368
00000740
00005d71
000062f4
fffff511
000026e7
ffff62ae
00005829
0000a042
00018fb6
00000d23
ffff85e6
fffeee84
ffff4a10
0000340b
ffffdcff
00011694
00000809
ffff6207
00000d40
ffff4ae4
000004d0
ffff8f3e
00000bb0
0000366e
00007468
ffff288e
00000c9d
0000020f
00000624
00001db3
00002f23
0000660b
00003e01
ffff79be
fffff66f
ffff3b92
00007223
00001bbd
00006c72
fffe8474
000072ef
00007b85
fffee5e9
ffffda9d
000044e9
ffffd0d7
0000026c
00001ddf
fffebfa0
ffffea7a
ffff6c5a
fffed997
00000271
00001f2f
ffffb416
000039b6
000016a2
fffe9b24
000027c4
fffff0c0
00007d56
00000cd0
ffff12c4
000095fd
00001fb7
00005223
ffff723e
ffffdbad
00004bb9
00002f57
fffebb22
ffffb7c6
ffffc74e
ffff7e1e
00003c0c
ffffbcda
00004fb7
fffef50e
ffffa036
ffffb0fb
ffff46b7
000006e2
00004c61
fffffaf9
fffecd02
00004ad9
fffee8b7
ffff5f9b
fffff05a
0000afd8
ffff9b3a
ffff7db8
0000d67f
ffff64c7
ffffd017
ffff801e
00001a46
ffffd581
ffffe9d1
ffffd366
00009ef3
00000129
ffff75ae
ffff8ce6
ffff9c5b
fffff6c3
0000771b
fffffa85
ffff1c3a
ffff1b96
ffffafff
ffffb222
ffff0367
fffe81cf
fffffd7d
fffffb36
fffeb4a1
ffffefb0
ffff57a1
ffffe8e5
00000585
ffffbd2e
000026cf
fffebd77
00007c38
fffeea0e
ffffc49e
fffff47d
ffff3471
ffff7804
0000a3d2
00004266
ffff82c5
000036d5
ffffcfc9
0000219a
00001674
00000902
ffff67bc
0000489f
ffffe0f1
ffff2f9e
ffffe707
0000d9be
ffff4019
ffffc4f4
ffff6461
fffff5cc
00004985
00002def
fffff2c7
00003652
00001a6f
00000142
00006e2c
ffff9ed1
fffff57d
fffed6f0
ffffcfdb
0000c88c
ffffe8f3
ffffaba5
ffff9a32
ffff3766
ffff4aef
ffffaaf3
ffff8c87
000038b1
ffffd149
0000a95e
ffff62aa
fffea8f7
000034bb
fffed960
0000173d
0000554e
ffffd7ff
00002fd5
ffff8efb
ffff1c13
ffff98bf
ffff5e56
0000158a
000001da
00002ba3
ffff602c
ffffa94c
ffffd645
fffff3d6
000043cb
ffffbf8e
ffffc408
0000e106
ffffd62a
00004d06
fffff5b9
ffff9c46
ffff7223
ffff5317
00000795
ffffb446
ffff1c21
fffff6aa
ffffeee1
fffea945
00002489
fffff19e
ffffaf35
ffff9853
ffff1c70
000029ad
ffffcf47
00002d3d
ffffd115
ffff7af6
00001b1e
ffffedb1
ffff5b21
fffef07f
ffff1544
000039b1
0000027e
0000095e
ffffad74
ffffd9ea
ffff980d
000008cf
fffea62f
ffffafae
000028d5
ffff4f60
00003a55
ffffac0c
ffffa41d
ffff5d02
ffff75c6
ffffc297
ffff3f95
0000b5da
00000526
fffe9eaa
ffffe626
fffff8a6
ffff83bc
fffe44b9
000018a0
ffff4c6b
ffffc70c
ffff45ca
00005861
00001252
00001731
fffffe47
ffffe88c
00001a97
ffffff1e
00000424
0000db5e
ffffcd4b
0000251d
00003c60
ffffbc57
ffffb44e
ffffb5bd
ffff06bb
ffff8490
ffffd4e7
ffffe3e3
ffff40e7
ffff453d
ffffd02d
000057df
0000b3ef
ffffeb03
fffff0a3
ffff73cd
ffff1410
fffffeeb
00002bcb
ffff4fff
ffff9314
ffffc064
fffefbdc
00000d33
0000201c
00000205
fffe9b4b
ffffc1f8
ffffa3e2
ffffc78c
ffff6335
fffefe36
ffff5ac4
00001bc7
00008ee0
ffffddf7
ffff198e
00001abe
ffff74f8
fffecf6f
ffffa673
0000a9e5
00005e1f
ffffc70b
ffff971f
ffff8d90
ffffb3ea
000057c9
fffd8ed6
ffff9eee
ffffbce3
ffff65e7
ffff8a48
ffff7b3c
ffff72dc
0000067e
ffffbbe6
ffff60c8
ffff6384
ffffc717
000032cf
ffff353b
ffff908b
00004392
00003bd3
fffeff24
ffff5949
ffff7771
000010bf
ffff7ffc
fffffc52
ffff6d34
ffff1290
000019ca
ffffd9b3
fffef079
ffff37e7
000007bc
ffffb487
fffff7e3
ffffac02
000038e9
00000a96
ffffc5b9
ffffb6b7
ffffdb25
ffff118a
00000804
ffff3044
ffff84d2
00005a81
ffffd68a
ffff7cf4
ffff60e8
ffffd70e
ffff73cf
ffff5a5f
00002af4
fffff2e9
00001a3f
ffff469d
ffffd876
ffff41d4
ffff9797
ffff9f82
ffffe10e
ffffd98b
fffed264
00004ab3
ffff28c8
fffffd62
ffff71f6
ffff3543
00001fec
ffffd771
00003fbc
fffeea96
00002703
ffffddf4
ffffa976
0000d413
00006938
00002c2a
00006a68
00009fd2
ffff9a24
00008db5
ffff6b20
ffffd318
ffffbb64
ffff2410
0000067e
00006de4
fffff4ab
ffffcb0b
0000865f
ffff766c
ffffa011
ffff517a
00006973
ffff92ef
fffffdec
ffffb5c6
ffffa95e
ffffd6b4
00008a37
fffef688
ffffbd47
000000b3
ffff0674
ffffe98b
00003e5b
00000e0c
ffffeb49
00000ab7
ffff960b
ffffd33a
ffffe0d9
0000212c
ffffd7a6
ffffaf50
ffff26de
00003015
ffff02e4
fffeff20
ffff132c
000009e4
000006ec
00009ad8
ffff9556
00007cf2
00005594
ffff7155
ffff6e8d
fffff711
00004f8c
ffffa2ad
0000a17b
ffff8f8c
ffff733c
0000707e
ffffbae0
fffee2f2
00002317
00000e78
ffff7540
fffec52b
ffffc063
00003812
0000247b
0000315f
0000057f
0000d12d
00006009
0000416c
ffffade7
ffffe017
ffff8137
00005d94
000064c4
0000aa23
0000bbaa
ffff342d
ffffdeaa
ffffd5ac
000001f4
ffffff46
ffffd624
ffff411d
0000840f
ffff9709
fffe9364
00007c06
ffff71d3
fffe54c7
ffff2617
00009854
00001a09
0000200c
ffffc842
ffffdaf2
ffff3dec
ffff9e4d
00003984
fffffcd7
0000e69c
ffffd128
ffffd578
fffff833
ffff8739
ffff60ef
0000015f
ffff706a
ffff071f
00002abc
ffffda2b
000002a4
ffffc04a
ffff54fe
ffffa76f
ffffa265
ffffb5e7
ffff88ee
ffff9153
ffff98ec
00004a9d
000087ca
00007f75
00002d41
ffff1af2
0000a300
ffffde15
fffffb85
fffed7b2
00005741
ffffda92
ffffba68
0000403d
ffffd37f
00001649
00001cbf
00001700
fffe76fc
000018bd
00013e6a
0000ae00
ffff58ea
000085e7
000046e9
ffffc2d5
fffff88b
ffffde7f
00004e77
ffff75a3
ffffbcd7
00000bc9
ffffe239
fffead13
fffff11f
00009f93
ffffeed1
ffffc66c
ffffd5d7
ffff8177
fffecfd2
ffff8d81
00007ada
ffffc8ea
ffff1a81
00002b44
0000b421
ffffcfbe
ffff7a81
fffeb0c0
000033fd
00007b49
ffffe4c9
0000674a
00003b40
00006524
ffff35c1
fffe6867
ffff5222
00003e7d
000039a2
00011633
ffffb064
ffff4cb7
ffff40fd
fffed8c2
00005631
00008274
ffffa1d5
ffff3f3f
fffff252
ffff0ab5
ffffa706
ffff8f7a
00004acb
000041c1
fffe8942
ffffe3e9
00009646
ffff667b
00001621
ffffb429
000040b5
00002fa3
ffff5754
ffffc8e2
0000b7c2
ffff286a
00000054
00001687
00008eaf
ffff5589
000092cc
ffff7a62
ffff8f35
00009460
000051b1
000009fa
ffffeade
ffff88a1
00009077
ffffbae5
ffff10f1
ffff3d1a
00003391
ffff8d53
00000bc6
00006bba
fffef325
ffffbf25
000039c1
00007408
ffffc535
ffff3a2b
0000912d
00010a6a
0000a94a
ffffc5e3
fffe8537
00005399
0000d47c
ffff3d1b
00007d0a
ffffc09f
fffefba5
ffffaa5a
ffffcb77
00000e9b
000036cf
ffff5b27
00007d05
ffff5eac
fffff5da
00003d5b
ffff08bc
ffffdd84
0000b48b
fffd53a5
00003cb3
ffffec66
ffffb345
fffed3d3
00000803
ffffffb8
ffffe048
ffffea10
ffffc9a6
ffff81fd
00008358
ffffe661
ffffd0fe
0000249d
000027d3
ffffa610
ffff6b30
ffffa6e2
0000c6ee
00007d8d
000050cb
ffff66a8
ffff9295
ffffb857
ffffcaee
ffffd689
ffff3d05
ffff98d4
ffffb732
ffffbeec
fffef2b7
ffffd531
00005f4b
ffffa770
ffff784f
ffff05a1
ffffed11
00010cfc
ffff00e2
00000728
fffeb209
ffffaba3
00001cd9
ffff67ea
ffff41ff
00009d18
fffffa0c
00000d14
00000ac5
fffedc4d
00000642
ffff4866
00002606
000033ea
ffff35b4
ffff007f
ffffef0e
ffffe679
ffff6cec
ffff8cdc
fffee4d8
0000286a
00002c50
ffffd02a
00002c0c
fffffe5c
000020df
000025fe
00001b51
00004278
ffffb0f8
0000235e
fffeca32
ffff6186
ffff34e0
00002b38
fffffefc
ffff995f
ffffa216
00001228
ffffc217
ffffa031
ffff9311
fffff024
ffffd9ae
00005537
00003036
ffffa090
ffff7286
00003de4
00004ee7
fffff590
000046bb
0001056d
ffff1d97
00009c24
fffef89f
ffffa2d9
ffff7088
0000711f
ffffb85d
fffff042
ffff95c2
ffffea21
ffffd96f
ffffcc0f
ffff7014
ffff38cf
ffffff67
000014fa
ffffcfbf
0000904b
0000084a
00003107
000013f7
ffffafac
ffff8432
fffff0d0
00000ba3
00000c67
00003fe5
0000f008
ffff52cb
fffed842
00010012
ffff3f9c
fffff456
ffffc0d4
fffffff7
ffff40fd
ffffaaee
fffedcf8
ffff94d5
fffe54c3
0000a062
fffecd61
ffffabf2
ffff3282
ffff1f9b
000032b8
ffff8b19
0000035a
ffffe57e
ffff650f
000008e7
00003089
ffff8dfb
ffffa7e4
ffff29a9
ffff62c7
ffffdc2f
fffe270e
fffea865
fffff319
00006741
ffffbfc3
00003527
00006ed2
00008de1
ffffc827
ffffba10
ffffb637
fffefdaa
ffffdaa7
ffff67f7
00000522
ffff1078
ffffb94e
00006fd3
fffeff5d
00000cf1
00007318
ffffa34c
ffff7132
000057ca
ffffd700
0000529f
00005cba
00001911
00004ba0
ffffaa4d
00000592
ffffd4f3
00005254
ffff1f0f
ffff7918
ffffeaa2
ffff485f
ffff9b5b
00009ff0
000063e0
ffff7bc9
00001b49
fffffdbf
00000cd4
0000be28
00004070
ffffe627
00001363
fffffe52
00003055
ffffe34a
ffff9c84
ffffa9c6
000042f0
ffff13bc
ffff481f
fffff9ca
ffffdc99
ffff7e95
00006703
ffffea81
ffff5b24
ffffedd9
ffffbf0b
0000fdcc
ffffd0da
00001e37
0000542a
ffff8a8c
ffff7813
ffff9a82
00001265
00001c6a
ffff3f8a
ffff73f1
ffff9386
ffffa186
000018f0
ffff5c0e
fffe9238
fffffd6c
00003f83
0000903c
ffffcb95
ffff77d0
ffff825d
ffff99fa
fffee193
fffea3d2
ffffe4f4
00004560
00007137
fffe6db3
ffff36a6
ffff6c75
ffff6780
ffff1b14
fffef6b9
ffff0158
00005521
ffff80ce
00002b13
0000257c
ffff1d2c
ffff4211
ffffdcd1
ffffe537
00001142
ffffe41b
00009c35
fffff47f
ffffd91d
fffffc56
00003430
ffffb7cf
ffffc824
fffef7a4
0000528f
fffeed90
0000b1d8
ffff9eee
fffff2a5
000062a3
ffffb78b
ffff5e67
fffff8be
ffffadae
ffff74a0
0000b6a5
00007fec
ffff45eb
ffffbba2
ffff621a
00000d45
ffffddcd
0000070b
ffffc03c
ffff9e70
ffffa886
fffe6f39
00004738
0000e2a2
ffff2007
ffff8a56
ffff350a
fffe03b4
ffff3718
00007778
ffff9e3c
fffff17a
ffffcc97
ffff3c1b
00006228
0000b1ca
0000037b
fffffe65
fffffd73
0000092c
0000096a
fffff93e
ffffee49
ffffebed
fffff4dd
fffff0bd
fffff8e0
fffffc95
fffff28a
0000086b
00000c75
0000066c
0000076b
0000019f
fffff2b8
fffffdb9
00000849
fffffe75
00000787
000007d3
fffffd4f
fffff592
00000d83
ffffed80
fffffbf0
0000007c
fffff835
ffffec0b
fffff70a
00000e3c
fffffad5
0000031a
00000612
fffffbaa
000009ee
00000579
fffffba0
fffffa9b
fffff68d
000003b0
00000a73
00000e9a
fffff696
0000003e
fffff06e
ffffeeef
0000062e
00000264
ffffec4e
fffffde7
000009d6
fffff9e4
fffffd3a
000005b5
00000245
ffffffbd
0000028f
fffff8d2
0000019b
ffffee81
000006e4
ffffed92
fffffb32
000002d9
ffffef80
fffff9c6
fffffaad
fffff71c
fffff841
fffff70b
fffff2cb
fffff66e
fffff8b4
0000022b
000000b4
ffffff8d
fffffc25
fffffb10
0000036b
fffffc98
00000602
0000045d
fffffc90
fffffac4
00000962
fffffc77
fffffffc
fffffa74
ffffffbf
00000119
fffffc25
fffff7a0
ffffee11
fffff9bf
00000674
fffff584
000001fd
fffff399
00000025
fffff8ca
0000059c
fffffcae
00000215
fffff86c
00000a78
fffff134
fffffc18
fffff02f
ffffee94
ffffef0a
fffffdf8
000001cf
fffffd7a
fffff736
fffff536
fffff7c6
fffff47b
fffff9f6
00000b4c
00000467
0000030c
fffff697
fffff0ee
fffff2cf
fffff884
fffff73f
fffff838
fffff741
000004eb
fffff782
00000770
ffffef55
0000021f
ffffec52
fffffa3d
fffff978
ffffef63
fffff28a
fffff29d
fffff8d6
fffff908
ffffebe9
fffffdb8
fffffca6
00000138
000009e4
fffff787
00000cbd
fffff9f2
fffffba2
fffff8de
fffff41b
fffff9d7
00000252
fffff73f
000003b8
ffffee24
fffffc84
fffff6a1
fffff8d6
00000b6e
ffffeff0
000001bb
ffffe6ba
0000097e
00000999
fffff690
fffff9b5
fffffde2
000002ea
fffffb71
fffff6ee
000008bd
00000ac1
fffff9d8
fffff294
0000092f
fffff384
fffff20d
fffff469
0000010b
fffff92f
fffffc86
0000047a
fffff31a
fffff43b
0000069a
fffff358
00000524
fffff9e3
000002e6
000004ba
fffff498
ffffeeed
fffff8f5
fffff699
fffffa33
fffffe9e
ffffedd9
fffff6f7
00000462
fffffc1f
fffff35d
00000ca3
000006f1
fffffc13
fffff07b
0000006c
ffffff66
fffff4fe
ffffee3b
fffff95e
00000458
fffff95d
fffffd22
00000760
fffff1bd
fffff967
00000143
000002c7
fffff97f
fffffbe2
ffffed5c
ffffed76
ffffff4f
fffffe4e
00000705
ffffff6c
00000cd8
fffffb6b
fffffa18
fffffea1
fffff6d7
fffffb88
fffff2cb
000000a0
fffffd5f
ffffff91
00000dfa
00000340
00000121
fffff404
fffff7ae
fffff82f
ffffed5d
00000364
00000a34
ffffffb9
00000751
fffff1c2
fffff09f
fffff973
00007edc
ffffe5da
ffffc860
ffffd24b
ffff2aa5
ffff376e
ffffd441
ffff9d0b
fffff764
ffff96f8
ffffd895
000007ae
ffffe15f
ffffece1
ffffc69e
fffff2eb
fffff49a
ffff5d44
0000a7d3
0000796e
ffffafef
ffffa565
00004033
ffffbd25
ffffddc6
00002e10
ffffeb4f
ffff80d8
00001ffb
ffffaa3e
ffffef7a
ffff2821
ffff8ea2
0000a3f9
ffff7d56
ffffa8cc
ffffcfff
00005dd9
00001d55
00008260
000007dc
ffffd810
fffff938
ffffce1f
ffff2cdb
fffffdd1
000046b2
00007182
00004c3c
0000995e
ffffcfff
00003090
000075d4
ffff60c0
fffffbea
fffe464e
ffff34a0
00006c9a
ffffbd33
ffff518f
000000c9
00000a5c
ffff4a59
ffffc25e
000059ed
00003109
ffffff52
000002ae
fffff30e
ffff4f67
0000a0e6
ffff6b2e
ffffdb23
ffffc64e
ffff7590
00001d58
0000010c
00000902
0000acf6
ffff69ad
ffffdd27
ffffe606
ffff04c8
ffff446d
ffffb959
ffffa136
ffffb7ec
ffffb380
00003fa5
ffff9147
00002915
ffff8a09
fffff8d1
000025cb
00002ed8
fffffb5f
ffffc23d
fffe537a
0000319e
000019a7
ffffcc08
ffff83fa
ffffd8c7
ffffad23
00005f24
0000686e
ffff7f6a
ffff950e
ffffaadb
ffffd7ed
ffffd0a1
000052fa
000039ce
000089a9
00000f11
00003efa
00003b18
ffffa3a2
000009c1
ffff8240
000004a0
ffff91a4
00006490
000034fd
0000589e
00000665
00007ae2
0000316b
ffff2967
fffec727
00003f65
00002f91
ffff754d
fffe7341
fffffe06
ffff5bdd
00004bb5
ffff8d3f
00001399
ffffc1d2
ffffecdf
000057d8
ffffce71
00001275
fffffe41
ffffd204
0000932f
ffffa2e7
ffffa21f
ffff1200
ffff9ee6
ffff8c19
00005fe5
ffff5d6e
ffff313d
ffff8165
ffff6900
00001f15
00000835
ffff11b9
ffffd07a
0000cb13
ffffc7ab
000051ad
ffff8af4
ffff9fcf
ffff952c
00002a33
0000191e
ffff2f49
00000d9f
ffffa1a0
ffff88fb
ffff9223
ffffa285
00007463
ffff754f
00004302
ffff5f54
00000670
ffffbca1
ffffc710
ffffb424
0000ae09
ffff8f44
fffee6e6
00000b82
ffffd01d
00000e13
fffff068
ffffa68f
ffffc972
ffff3452
000009b7
ffff5ead
ffffc311
000042f1
ffff65d2
ffff9a97
ffff5219
ffffe5b9
ffffd126
ffffe13e
ffff7c13
ffffd270
fffffae4
ffffe3f8
ffff9c0c
00001563
ffffe5c7
ffff4560
ffff5f94
ffff148f
ffffa10b
fffff1a6
0000884f
ffff1e9e
00000cac
ffffab3f
ffffc746
ffffd62e
ffffbfa2
00004294
ffffa48d
00004bcc
00005eda
ffffcb42
fffffe53
ffffce05
fffff0b2
fffffd1c
00002167
ffffe460
000015de
0000101c
0000313d
ffffb784
ffffda20
000016e7
ffffa959
0000628b
ffff530a
ffffe9b0
00003a4f
ffff4a1f
00000674
00003745
ffffc711
ffff762d
ffffdbde
ffffadb6
fffe98d4
ffffcc71
00000afd
00002dfd
ffffd049
000048a9
00002247
00002d04
ffffdd68
ffff74d8
0000e334
00005f97
ffffc8b6
ffff906e
00003ad7
00000721
ffff7396
00005956
ffffeba8
ffffc3e2
00004a3f
00000807
ffff60e2
ffffecbd
fffffe56
fffffbd9
00001e6c
ffff740d
ffff9807
ffffbacb
00002e2e
0000a650
00002c01
ffff75ed
ffff94bc
ffff12dc
ffffead5
00002e8a
ffffc9d7
00005d8c
ffff2d4f
00003541
000085d7
00008d7c
fffecdac
ffffc12e
00002ac4
00000f31
ffffbd5b
000026c7
ffff35b5
ffff1677
00002b76
ffffee6d
ffff98a8
ffffbe37
ffffbf73
ffff4aaa
ffff0c96
ffff781b
ffff9a4e
ffffec56
ffff3737
fffea7a3
000063c8
00001783
00000de1
ffff328e
00000ad0
0000572e
ffff110b
00003d72
0000208e
0000de32
0000a015
ffffff37
00001ca8
00006a92
0000c843
ffffea26
ffffceea
fffec7b3
0000095e
ffffc130
ffffd606
00002fdb
00001a13
00000ad3
ffff30e8
0000ba5a
0000d6fd
fffff279
ffffefef
0000b575
fffe7629
000047a3
ffffa021
fffece7c
ffff1f78
00004c0e
fffff57f
00000003
0000570f
ffffd931
fffffad1
ffff062c
00007139
00002e41
ffffd306
ffffe61a
00000361
00009ce0
ffff1dc6
00003d17
ffffe7fd
ffff75ea
0000b983
0000a4da
00002667
00005f49
00000229
ffff8839
00004899
ffff6b4d
ffff78fb
00004963
ffff53f7
fffec7c5
0000d611
ffffa26a
ffff4b57
ffffce98
ffff5d41
000038be
000048ee
ffffa351
ffffba6b
ffff5dbe
ffffb1c2
fffeddc6
000041f7
00002d88
ffffcdc8
ffffa635
ffff94c3
000008b1
ffffcccc
ffff0833
ffffebf9
00001c82
ffff9da9
ffffe49b
ffffbd9b
ffff2b30
ffff0188
ffff70f1
000039c8
ffffbf85
fffedb85
00007657
00003cd9
ffff2c03
ffff18ea
00000e9c
000018a3
00002019
fffffae9
00001a16
00007933
00002dc2
00003d25
ffffc0d8
ffffbbc9
fffffe15
ffff301c
00005f7f
00001e49
ffff4617
00003a69
000035b7
ffff4dd0
ffffe5a7
fffff8cf
ffff57e8
00007816
ffffe572
0001248b
ffffdafb
00004e0c
000004cf
00007465
0000162b
00001477
0000ba2c
ffff8dc8
ffff69eb
0000ae7a
ffffcc9c
000027d3
ffffdc10
ffff780c
ffffe70e
00005c9e
fffff7c1
000063c6
ffffd5fe
0000752c
00000503
0000123b
000014f2
ffff5486
00002bf7
ffff7d7a
ffff8895
ffffdb4d
00003621
000065b5
00000b09
ffffcc7d
000009df
00011171
ffff1ec3
00002892
ffff7428
ffff4f8f
00008d4c
ffff9e1d
ffffc67d
00005b60
ffff8afd
ffffaa7b
ffff3732
ffffd0ff
ffff2ef9
ffff0ad5
fffeae1f
ffffe474
000050f8
0000ce80
ffffa933
000029c8
ffff0581
ffff85e4
00005799
ffffd649
ffff9209
fffee7f9
ffff9b62
ffff7d9e
ffffe675
ffffed01
00000f41
00003a56
ffffcc80
00003c60
00006ec0
0000122c
ffffecf6
ffffd400
ffffd5ba
ffffc4a9
ffffb8e4
000042a3
000084f8
ffff0501
ffffc00e
ffff6d9f
ffff2a0a
ffffce6d
00009a0f
ffffc92f
ffff4b2a
ffffabd6
00000c45
ffff3d21
ffffb379
0000e852
000006db
000072df
ffff62ef
ffff312a
ffff8704
00002951
00002cd8
ffffcf2a
ffffebb1
ffffd61c
0000ae29
ffffa3ac
00001628
ffff8b9f
0000eb9a
ffffaf5b
ffffed39
000059b2
ffffa7ac
fffe6103
ffff9616
ffff5c9f
00005654
ffff5d39
fffffcb9
00001e11
ffffffe6
ffff3f61
fffeb7ba
fffe8d4e
ffff5d36
ffff209d
00007413
ffffaddc
ffff7c45
fffff1fe
ffffc045
00000b5b
ffffe174
00001f91
fffee8ee
ffff9813
ffffc079
ffffb992
fffffcbf
00003970
ffff4514
ffff5555
fffffea2
ffff3987
ffff4994
000040fe
00001384
ffffc08a
00002bb0
ffff1df2
ffffebe2
00001fff
ffffcc37
ffffc195
fffebe37
0000039c
ffffb532
ffffbace
0000004a
fffffef3
ffffade1
ffff072c
00009919
ffffed4a
ffff9711
fffe9a01
fffff5f2
fffffc0c
fffe70be
ffffa7a5
fffffe03
0000d691
000066bd
000003bd
fffff77c
ffff6caa
0000483d
ffff239e
0000375c
ffffdb46
ffff1f05
0000277d
000051a9
ffff8095
0000246b
ffffc7c7
fffefbd8
fffe5906
fffede7e
000001c6
ffff1082
ffffa329
00000ca6
00003808
ffffb3c1
ffffa44d
ffff6451
ffffedc0
0000151e
ffff939e
ffffdf30
ffffe6a9
00001e8d
000013ac
ffff30f5
fffefe2a
ffffa497
ffffd7bc
fffff07f
000033e2
00005680
ffff1fb9
ffffe1e5
0000cb37
ffffad93
ffff624f
0000296e
000015ac
fffe4f4b
ffff4620
fffefeea
ffffe4e4
0000096f
fffeb98a
ffffd28c
00007a6f
ffff1877
000037b3
00000b70
ffff6159
00005070
fffff16c
ffff8f95
00009ecc
0000143d
00007454
0000011a
ffff5a8c
ffff7438
ffffc949
ffffa74b
ffff58fe
0000238e
ffffeb01
ffff4cc0
ffffbdff
ffff69b2
00002fde
ffff8937
00001563
ffff9f24
ffff1377
ffff44e6
ffff7a11
ffff8f35
0000025f
ffffe73a
ffff10c4
ffffecfa
00012cc7
ffffeed5
ffff8103
000059ef
00007f58
ffffa0c7
00006856
ffff219c
ffff260a
ffffeeb7
000059d9
00004ca1
ffff73c9
000049f3
ffff003c
fffee162
ffffe533
ffffc8f5
000060ec
000032e7
000046f8
ffff3285
fffff457
00008557
ffff6948
fffef6c5
000033de
ffffdc2d
00000486
ffffe1a7
ffffa2ba
0000a6de
fffee8ef
0000058c
ffffa884
000042d9
fffff536
ffff1a96
fffec4de
ffffcd1f
ffff46c1
00001597
ffff9605
00003bfe
ffffc81c
ffffecb6
00003aba
fffff8bd
ffffddf1
ffffb732
ffff2b22
ffffba3d
ffff8236
00007c1e
fffff112
ffffc9c5
ffffa4dd
ffffd21a
00001fdb
ffffad64
ffff71fe
fffed332
fffd83c6
ffff7541
ffff9467
ffff255e
fffff46c
0000843e
ffffaf87
fffffd85
ffffe85f
00008524
fffed805
ffffcfe3
ffff6f2a
fffffef0
00000b8c
00000238
fffff66e
ffffee45
00000910
fffff3da
000003d5
fffffd43
fffffdd0
fffffff8
00000175
0000039d
000001b2
000000c8
0000066d
fffff795
000006dd
0000048d
ffffea22
00000a0a
ffffe678
fffffde2
000007b6
fffff6e1
fffff150
fffffe5a
ffffff86
fffffcab
0000081e
ffffedd1
ffffe90d
00000245
ffffff7c
ffffffaf
00000bc6
000004e7
000002df
fffff562
ffffed9b
00000607
ffffff19
fffff9ec
0000011f
fffff019
fffffffa
0000000a
ffffede2
fffffc29
ffffec03
fffff2f1
ffffe5fa
0000021a
fffffc3c
fffff391
000001fa
ffffe7df
0000009d
fffff872
fffff5a7
00000651
000001bf
000001e3
ffffe930
fffff795
fffff1ae
0000088e
ffffff25
ffffeb27
fffff9cb
00000176
00000ad8
000002ac
ffffecd8
000000b8
00000e79
fffffd97
00000a37
000008c5
fffff64a
fffffba0
fffff9e4
fffff871
fffff6a1
00000336
000000c5
00000678
000006b9
fffff3d1
fffffbb8
fffff6ea
000004b4
fffff620
0000087a
00000090
00000ade
ffffef46
fffff284
ffffeea4
fffff2f0
ffffe851
000001a9
fffff43f
00000785
00000e4c
fffffb65
00000403
00000276
000008ed
fffffa11
00000897
000007ad
fffffed0
fffff177
fffff9e4
00000581
fffffc3d
fffff4f4
fffff32f
fffffb61
000000e8
fffff310
00000673
ffffea8e
00000410
fffff650
fffff472
fffff6df
ffffe383
00000ba3
fffff8fe
fffff3cd
fffff1a7
fffffc1d
fffffc47
fffff855
ffffe972
00000467
00000f56
00000ccc
00000b22
fffffbfa
ffffe5f7
00000032
fffff523
fffff516
000001bb
fffffe07
fffff42b
ffffeec5
00000b4d
00000714
fffffaae
fffffb3b
fffff91d
ffffe409
00000860
00000a15
ffffffab
fffff820
fffff833
ffffef6e
fffff834
00000360
fffff76f
fffffcee
0000038f
fffff2cf
0000082a
000000c2
fffff84f
fffffb63
fffffaf1
000004fd
000007fb
fffff5b0
000004d4
fffff0d9
000003cc
000004c5
ffffee37
ffffff93
fffffbcb
fffff221
fffffba1
ffffe8dc
ffffef34
0000030f
fffff4f4
fffffbc0
00000afd
00000297
fffffca1
fffff30d
fffffb13
fffff632
00000f73
fffffc1b
ffffeabf
fffff9c4
fffffc9f
000005fc
fffff775
fffffe5a
ffffeba0
fffff04e
00000477
fffffaab
00000c32
000003b1
fffffa68
fffff447
00000486
00000748
ffffeef9
fffffb76
ffffeb45
fffff140
fffffd49
fffff02c
0000074f
fffff8f8
fffff2ee
000000d5
00000487
fffff919
ffffebc3
ffffecc0
000005ae
00000aec
fffff09b
00000aae
0000025d
ffffed8b
fffff93a
fffff18d
00000796
fffffd8f
000001e5
ffffff5b
ffffff82
ffffeb56
ffffeea2
ffffeeac
000001c4
fffffa50
fffff2e4
fffff31e
fffff333
ffffdd1e
fffffd1b
00000a6f
fffffadd
fffff955
fffff2d1
fffff221
ffff58ca
000017d2
ffff5ad2
ffff99d8
ffff6773
000021d2
ffffd78f
ffffcbad
fffff3d2
00001ef6
ffff81e2
00005133
ffffd51e
000019fa
00001340
00001564
0000012b
ffffdd60
ffffdddd
00002d01
ffff513f
ffffdecb
000009bc
ffff84e6
ffff1204
ffff5d77
ffff481f
ffffec5f
ffffe817
ffff8ac8
00000a66
ffffdf80
00004dcd
ffff851b
ffffac60
ffffa014
ffff8620
000034e6
ffffa859
ffffb715
00000de2
ffff796b
ffffedec
ffffe3ea
0000180a
ffffced8
ffffe858
fffffcde
ffffd3f5
fffffcdf
ffffcd09
ffff927d
000000d7
0000173b
00006529
00001086
ffffd6c2
ffffbbbc
ffff8e7a
ffff4f26
0000047d
ffffcfcb
00002405
00002f56
000035f1
fffeecb8
0000ab14
000012d7
0000135f
fffffe78
ffff5ef7
ffff2670
ffffeac3
ffffc93b
ffff41c9
ffffab14
000000f3
ffffff73
00000eb8
ffffeada
ffffb196
ffffdd42
ffffc160
ffffe360
ffffd0b6
00003ba7
ffff560f
0000222b
ffff9e1c
00005597
ffff3f50
ffff992e
000032a7
00001283
ffff8456
fffff355
ffff59a5
0000145f
ffffbc27
ffff9910
fffff39c
ffffadfc
00003c8b
ffffeb0e
00001f50
ffff06cc
ffffd42a
ffff7324
ffffe3f4
0000114e
ffff8241
ffffe592
fffffdff
00006407
00000d9d
ffff5332
00003de3
ffffb936
ffff455d
ffffa3e1
ffffcd7e
ffff267c
ffffae9f
ffff33f1
ffffc24e
fffee280
ffff5bb4
ffffd984
ffff86fc
ffffcf5e
ffff939a
ffff8bfa
ffff8565
ffff733c
ffff8284
000022f1
ffffa2c9
fffff45a
ffffc596
ffff5739
ffffd0fa
ffffbaa6
ffffd0f5
ffffb001
ffffbdb0
ffff52bc
00003284
00003891
ffff8943
ffff9a5b
ffffbdb4
00000ff8
ffff68a0
00000cbd
ffffd7e0
00001316
000004c9
ffffc8bf
00000357
00000ddc
ffffe6b2
00002166
ffffff9a
ffffb7c8
ffff93ce
00002537
ffffceb3
000003a9
ffffc02c
0000162b
fffff5ad
0000210a
ffff3a50
ffff76f2
fffec1d7
00002675
ffff6b9f
ffff4998
ffffa553
00001789
00000123
fffffddc
ffffc0c1
ffffbffe
00001026
ffff91bb
ffffcd0f
00003fc5
ffffa7cc
ffff6a18
ffff819b
00006ab5
ffffa1a7
00002e5a
00003e08
ffffbd8e
ffff6ead
ffffa203
ffffb057
0000234d
ffffef1b
000003ea
00004d1b
0000242f
ffff83e5
ffffa857
ffffbd48
fffff2d7
ffff6e5c
ffff7ae1
0000615d
ffff7e89
ffffde22
00001f9b
ffffd893
00001d95
ffffb450
ffff958e
ffff78d7
ffff6678
00006b26
ffff5829
fffff3b9
ffff36a2
00000fe0
00003bdc
000015c7
ffff42b4
ffffbaa6
ffff37fd
ffffb02f
ffff86cd
fffff690
00003b39
00001e1a
00000db8
ffff5039
ffff9f77
fffff1a1
ffffdc60
ffffafe5
ffff6ab0
ffffd8b3
ffff9571
ffff9246
00000087
ffffbcea
ffffa0d2
00003ea1
ffffa293
fffff5c2
fffffe17
ffffee0c
00001858
ffffcb43
ffff57d2
000065eb
ffffdce1
ffff6f0b
000082d8
fffff6d4
fffeea13
000080f2
fffed0d6
fffebd7b
ffffcdb4
00004318
00007be2
ffff6ac2
ffffad89
ffffcbab
000014a9
fffff7a0
fffeceeb
00000de4
00001606
ffffe130
00006216
ffffd5b5
ffff0432
00004b50
00001a73
000079cc
ffffcbb7
ffff9acc
000050ea
00004b9d
ffff828f
000048d0
0000576f
00001afe
00000b00
ffff7158
ffff329a
0000e208
ffff31bb
ffffba78
ffff7692
000002c9
fffed388
00001d79
00001ae0
ffffc8c8
ffff940c
00003c16
ffffc44e
ffff9e1f
ffffc268
ffffc3a4
000082c2
ffffbfb1
00004884
00009320
ffff99ce
ffff7d3b
0000e4b7
ffffeeed
000073e9
ffff39d5
ffff6697
fffed19c
0000a9c9
ffff8181
00008642
00006ce8
00000792
00003602
ffffb226
ffff7bf0
ffff5d44
00000456
0000a678
ffff6d28
000010d1
0000a677
00002efc
ffffd4c1
000162f4
fffebdbd
ffffd4ec
ffff93b3
00000d49
ffff6c97
00000320
00006de2
ffff63ae
ffff83e0
00005707
00014ca9
ffff76bf
000013e4
fffff5f7
000004df
ffff2492
000004d7
000000ad
fffffabe
ffffb449
ffffe70e
00002338
ffff364d
00006680
ffffe8cd
ffffbb8a
ffff9485
ffff4c0d
ffffb6b2
0000d95d
ffffce9f
fffff8f9
ffff7369
00001cc8
ffffeffb
ffffae18
ffffd21a
fffea0fa
00004350
ffffd7c0
ffff405a
ffff4db1
00004aeb
fffff156
0000693c
ffffd43c
000062a4
000036c9
ffffa6ba
ffff90a6
ffffada8
ffffe1b5
fffec3a4
00005e74
000087b2
ffffe9da
ffff95a4
ffff8f7a
00000aa7
00002456
00000fdb
00000c35
00000096
ffffc36a
000059fe
00010887
fffff6ef
fffff938
00005580
ffff643b
ffffa3a1
00004333
00005d4f
000051d9
00000420
000045cc
fffff39e
00000b6a
ffffce6e
ffffc77b
ffffb754
0000fe72
ffffcc80
00009fca
0000ae3f
0000add0
00003dbb
00001f0f
00004149
00001fc8
00000241
ffffe0d8
ffff87d6
ffff8e58
000035aa
fffff686
ffffed07
ffffc268
0000124f
ffff7683
ffff8dd6
000072f7
ffffa95e
ffffa919
ffffdbaf
fffeb126
00000ab4
ffff6edd
000064f3
00003e2b
00002a52
fffe768b
ffff7549
ffff973a
0000f922
fffff996
ffffce06
000063b3
0000562e
0000b39a
ffff572f
ffff8ace
ffff79eb
00008cb9
00000132
00000454
00005346
ffffb408
000009b3
ffff7cb9
00005069
000070ec
ffffea5d
ffff4231
ffffea38
ffffe86a
ffffce48
00003203
ffff941f
ffffc26a
00001130
ffffd2cf
ffffa29d
ffff7459
ffffe0ea
000055f1
00005e34
ffffe9d6
00003c00
ffffd0d4
00008ff1
ffffa51f
0000bdea
ffff216c
00004b9c
ffff784a
000019d2
ffff8b74
0000d29c
ffffa446
000031db
ffff4730
ffffc4a4
00001dcc
ffff78ed
000041d7
fffff51a
0000b621
ffffe29a
fffeb680
00005b75
000020fa
00002ccb
ffffa24d
0000008a
fffff612
fffff7e5
ffffef40
ffffff47
00000683
000006c4
ffffffce
fffff34f
fffffa8a
00000408
fffffb64
00000919
ffffebc2
ffffe7b0
fffff468
fffff7fd
0000084c
ffffedab
ffffef1c
ffffff60
000008c0
fffff018
fffff373
fffff26f
ffffec33
fffff962
fffff6a7
fffff1c7
000006ac
000001f3
fffff67c
fffffb4e
fffffaa3
fffffdbb
fffff7d5
fffff8e8
fffff729
fffff533
ffffea01
ffffed6e
fffff1de
0000069b
fffff70d
fffffa24
fffffed8
fffff222
fffffe17
ffffe150
fffff3b9
000003a8
fffffbae
0000012a
fffff027
ffffee5b
fffff6b4
fffff3c7
00000b13
fffff262
000001c6
fffff3b9
fffff144
fffffcbf
00000ad0
00000a89
fffff290
fffffd90
fffffc73
00000bc6
fffffde9
ffffeaf5
fffffa65
ffffff53
00000045
fffff641
fffffe20
ffffeb17
fffffd54
ffffed9b
fffffb8a
fffff339
fffff8e7
000001f0
0000006e
00000799
ffffea84
000002c6
ffffe6ec
fffff485
fffff8d6
ffffef80
00000154
fffff969
fffff553
00000a43
000004c8
fffffc1b
fffffb95
fffffcb2
ffffe9a4
ffffff25
ffffeb59
ffffeb5d
000005b6
0000011e
000002c2
ffffee8c
fffffd8b
fffff58e
fffff6e2
ffffffe1
fffff38f
00000085
00000bb4
00000489
fffffa24
fffff919
fffff0a2
fffff907
ffffe7cc
fffffce2
00000110
fffffff5
000000c7
fffffaf9
fffff861
00000365
fffff004
ffffec98
fffff6d2
ffffffe0
000000d4
fffffee1
0000024f
fffff4e7
00000ec9
0000079f
0000019d
fffffeef
fffffa5d
00000111
fffff74a
ffffeee8
fffffd4f
ffffe369
00000a04
ffffea7b
fffff9af
fffff2cd
fffffc39
00000751
00000d19
fffffdfb
00000ac6
fffff67e
fffff0da
fffffd8a
fffff870
0000004e
fffff958
ffffeeab
fffffc2e
fffffc7e
0000003b
fffff289
00000413
000000b2
fffff7a1
fffffb5a
0000090c
ffffec68
fffff9d9
fffff740
fffff06d
ffffe97b
00000573
fffff8ac
ffffe38d
fffff326
fffffdfe
fffffb1c
fffff310
fffffa20
0000025f
fffff191
ffffee2d
ffffff64
ffffeceb
fffff83a
ffffeec9
fffffa39
0000024f
000005a6
fffffc26
fffffd64
fffff1fc
000000af
ffffeb55
ffffe90e
fffffe84
fffff877
ffffeddb
ffffef6a
00000c2d
ffffe990
ffffee99
000002cb
ffffe8a2
ffffeeda
0000092d
ffffecc5
fffffa5c
00000c89
fffffc76
ffffedef
ffffede8
ffffeaf5
fffffe43
fffffda7
fffff4a1
ffffe751
ffffe4e6
fffff5ae
00000268
0000040b
00000960
fffff6c7
ffffea93
00000134
ffffef54
fffffbbd
fffffd6c
ffffed98
fffffa31
fffffb12
fffff359
fffff16e
fffffdeb
fffffd3b
000008c1
000006d5
0000018b
fffff610
fffff92a
ffffedfa
fffff1ac
0000039c
000004b6
000002db
00000453
ffffed87
ffffe549
000007f4
fffff46c
fffff919
ffffed01
ffffc34b
00002955
00005558
ffff337e
00006970
ffffb221
00000396
000009d3
00007a91
fffffb4f
ffffebba
00004047
ffffd46e
00012b51
ffff7065
ffff22ab
0000001c
00003df0
ffffaf58
ffff958c
000043a4
000091bd
ffffaa16
00001ced
ffff60dd
ffffc19f
ffffe2da
ffff7cb0
00000b01
00001f1f
ffffb757
00004137
00004513
00002ed5
00002853
0000288a
ffffe84c
00003640
00004b35
ffffeeba
0000a150
ffff69a7
0000067a
0000019e
ffffa27e
ffff6d6c
00004d3b
000013fb
ffffe845
ffffc74b
ffffefa2
ffffe72b
0000c26f
ffffc7cf
ffffdd84
ffff1899
ffffbd1b
ffffb93b
ffffc89c
0000518b
fffffe6f
ffffe144
ffff97b9
00006e7d
ffff54d3
ffff6cdf
0000318c
000051f5
fffff464
ffffc542
ffffd8d7
ffff8d4c
ffffed5d
000053c4
00007eaa
ffff7433
ffffbb0a
00000d47
ffff3846
00005129
ffffd672
0000208a
0000102d
ffffb331
000023f7
00005be9
ffff9faf
ffff24fe
ffffa806
00005923
ffffc315
00005991
000059eb
ffffce21
ffffc1aa
fffffe40
ffffbaeb
0000af39
ffff99ff
00002932
ffffad41
00003fc1
ffffefa4
ffffc735
ffffcf51
ffff4e80
ffffea6f
00000172
00005a9a
fffffa13
ffffd3d5
00000a20
ffff94e9
ffffeae5
ffffd517
ffffd07f
ffffdab3
0000096e
00004c75
000016eb
fffff6a4
ffff7073
000046f8
00000a91
00003a37
0000365f
fffed611
00001eb8
ffff1900
fffef87b
ffffb38e
ffffecf0
ffffc077
fffebadf
fffff6c5
ffff9753
ffff6816
ffff8ef8
ffffe658
00001349
00001ff1
ffffaa16
00000447
00000b6b
000035d9
ffffbd7a
ffff7bde
ffffe15f
000028b9
ffff0110
ffff6e54
00001079
ffffe0ca
ffff6bd5
00004a70
0000977a
000019e9
ffffc9c8
fffffd48
0000491a
ffff755f
00001fa8
00003ac9
ffffab99
000060ac
0000439c
ffffeb47
ffffbc8b
fffff805
fffff1aa
ffffac73
ffff64b7
ffffca74
ffff6691
ffff46f7
ffffd811
ffff9230
ffffaf17
ffff764c
ffffe0cc
000007f5
fffff0a6
fffeaf8b
fffe4c15
ffffd652
ffffdef7
ffff66f6
ffffe585
000006f1
fffff3b9
000024b7
ffffe79f
ffffe86c
ffff4a2e
00007394
00002293
fffffe1b
0000b401
fffff65d
00006e0a
ffffc4df
ffff9622
ffffb998
000044fb
000018cf
0000904f
fffff68a
fffffeb7
ffffcd7d
0000242c
fffffdc1
00001a82
ffffcfce
ffff9de6
ffffe6e1
ffffe007
ffff430a
ffffd57a
00005274
ffff6e28
000037a5
ffff4d96
ffff29da
00003ab8
ffff3360
ffffcc2d
00000a42
0000b6e0
ffff9569
ffffc4d5
ffff8ca9
00004a18
ffff61cd
fffea1dc
ffffed3c
ffffad20
00002197
ffffe103
fffeae58
0000708f
ffffe6f6
fffff412
000014bb
ffff7202
ffffbfc4
ffff609b
0000690f
00005c8c
ffffe7d0
ffffa516
00005580
fffff83e
fffff27b
ffffe4e1
00004826
000048cb
000026f5
ffff7025
ffff2fcf
000000e4
000050da
ffff7429
ffff9739
ffffb379
00001119
ffffd0d1
ffff88fc
ffff5579
ffff674c
fffff1c3
ffff9709
fffdf56f
000009d1
ffffec75
0000425e
ffffb1c6
000028da
ffff6434
ffff496c
ffff9592
ffff7dff
ffffd5af
00001367
0000b607
00003c24
ffffb69f
0000f343
ffff26bc
ffffdd7c
ffff6c51
fffe7adc
0000ae58
ffffa797
ffff8ad0
00006182
fffed808
00004ba9
000056ba
fffff353
ffff0409
fffea692
ffff47fd
ffffbb51
ffff631a
ffffff27
ffffe2e2
ffff93b0
ffff9d47
ffffd4c2
ffffda06
ffffa71b
ffffe7c4
00001192
ffffc8e7
ffff9dd6
ffffef65
ffffda47
ffff36e7
00005a6b
00000fe6
ffffdb93
fffe8a5b
000067a4
ffff90b3
ffffd0f1
00001937
fffef19d
fffeb7b0
ffffcef0
00005be6
fffe5216
000089d9
ffff791e
0000082c
000023da
00004d22
fffff840
00000ce6
ffff1d94
fffe59b8
ffff7927
ffff2a40
fffea3ee
00000764
ffffc034
ffff2c76
00000e8b
ffff20ac
ffff5e0e
ffff29b8
fffff002
ffffff23
fffff0af
fffe854a
ffff6e2d
00008a44
ffff56fe
fffff31b
fffe8279
ffff652d
ffffcf6b
ffff4608
00003758
ffff1c27
ffffc50f
ffff5080
ffff1c6c
0000208c
ffffdab6
00008918
ffffdd8c
ffffd3f7
000037ae
00004a08
ffffcedf
00005aea
ffffb739
fffff8e0
fffe268b
ffffc92c
000079a4
fffe84ce
ffffa91e
fffedb42
ffffad82
ffffae63
ffff4562
00008f4c
ffff4679
ffff63de
0000dbf3
00005189
fffec0c5
fffe468a
00001961
ffff9ac9
ffff6c0a
00006a48
ffff9233
00004691
ffff7dcb
00004dfd
0000540f
ffff6ac1
ffffe6a4
fffed10a
ffff5eae
fffec1b1
ffffe94a
fffea2c4
00003319
ffff864b
ffffe422
ffff3543
fffffe44
ffff3618
000072f2
ffffc8c6
fffeea20
ffffebe1
0000aece
0000438f
fffec59a
0000c799
ffff9938
ffff4cbe
000083ee
ffffcf4b
00005d48
0000245f
fffea68f
0000a30e
ffff8aad
ffff8c8f
000034bf
fffeb203
ffffb05b
000013c6
00001eca
000059b4
0000021c
ffffd1c4
ffffa5e9
00009acb
ffff6ea4
fffec062
00002e58
0000c0d1
fffd6d6e
fffffb8a
ffff91ae
fffed1fd
000027d3
ffff839e
ffff7852
0000365f
ffff202c
00008f15
ffffd1d1
ffff757e
ffffd682
00000908
ffff7afd
00009afa
ffff576e
ffff9220
ffff8963
ffff8455
00014d8a
ffffe0fa
fffff108
ffff71c6
ffffc05e
fffff66c
ffff4f3d
ffffe4de
000066ff
ffff1868
ffffb7a5
fffff551
fffeb052
ffff5628
ffff4165
ffff7337
ffffbd95
ffffb4de
ffff68d6
000022be
ffffcac3
ffffa7ec
ffffb362
0000011a
00000f3f
00004734
000031e5
fffefa9f
ffff6719
fffea293
ffff9e2d
ffffe114
000021d9
00006bed
ffff5205
ffff8264
ffff4c33
ffff7ccc
ffffbbae
fffffbf1
ffffc2d5
ffff7bbf
00003250
ffffb232
000004cc
ffffbac8
000070d7
ffffb317
00006495
ffffbc81
fffff5c2
ffff4a03
fffff24d
000047ae
ffff3ca7
ffff7a94
ffffecd0
ffffaeea
00000caa
ffff5709
000002b9
00004d65
fffe2009
00003221
ffffe5cc
ffff856b
ffff2247
ffffdc26
ffffaa56
ffffce27
fffedcba
ffff61a4
00005f7a
ffff0867
000015f8
ffffdccd
ffffa8f4
ffff8e0e
000014a4
ffffc7ce
fffeecd3
ffff8b32
ffff639f
ffffe100
fffec4b8
00005414
fffff296
fffe9531
fffffdd2
00007a6a
fffff2a5
00005040
000015ff
ffff8b17
ffff9418
ffff034d
ffff1058
ffff518c
ffffb8ef
ffffa2a2
ffff93f2
ffff8cc7
ffffc21a
ffff2c4d
ffffe6a2
000033a7
ffff595a
ffff8dc0
ffff8036
00003c23
ffff5530
fffefd47
ffffb021
fffeef17
00002772
ffff3f95
00001c82
00001b82
ffff06de
ffffe5a3
fffebb12
fffff923
ffffaef4
ffff7ab3
ffff3461
ffffdbaa
ffffd1f6
00004950
ffff7ffb
fffef6c9
000044d6
fffee2f5
ffffa304
ffffb844
ffffc21f
00003a50
ffffb674
fffe71a6
000054dc
00000c67
ffff2af5
fffe89c4
ffff6a7b
ffffc9a2
ffff7738
000068e8
ffff1889
00003076
ffff146a
fffff25d
ffff9439
ffffbc09
0000011f
fffff1dc
00003fe2
00004ce6
fffe189f
0000b43b
ffffba53
0000936c
ffffb37c
ffff2eb2
ffff140f
fffebd21
ffff950b
ffff7d54
fffe88f4
00006260
ffffaef6
ffff3a63
00004afc
ffffdca3
ffffc3aa
00004c28
ffff42ed
ffffbf85
ffffd506
ffff7b46
fffeb331
fffff532
00005da8
fffeaa86
ffffa6e0
ffffee37
ffff6b7d
fffea4b7
ffff64a2
fffd8954
fffeb68a
ffffa881
fffff4f7
00001037
fffedb65
fffe15be
ffffca64
ffffbae9
ffffd8b8
ffffa604
ffffff80
0000140f
ffffdc12
ffffcb4d
0000039d
00000482
00001331
fffef495
ffff750c
0000781a
ffff6035
ffff7b4c
ffffb053
fffed95d
000054fe
ffffacbf
ffff9411
00004ddb
ffff1ddf
ffff556e
fffeca08
ffffac65
ffffb4f0
00002bf7
ffff3987
ffff3f1a
ffffa998
ffff69a3
0000ec08
ffffee92
fffffbfe
ffffc63c
00001b88
000054ec
ffffb235
000001af
000016e6
ffffab74
fffff30d
ffffad46
ffffe094
0000858d
00000a7c
00003c7f
ffff93ab
ffff0dc7
ffff9865
ffffbe27
ffffe85c
00008b5c
ffffcc62
00003324
0000db41
ffff29c0
ffffe981
ffff3acb
ffff0367
000034c8
00003668
0000299b
00000184
fffff6b4
ffffd7e9
ffff659a
ffff9792
ffff41e8
0000c888
ffffd475
000072fb
00003d8f
ffffb6a3
ffff71f3
ffffc277
000004e2
ffffbcbe
fffe312f
ffff8c15
fffffdbf
00001a57
ffff9768
ffff81b6
fffff874
ffffe1e9
ffff2384
fffffdfa
00005339
ffffc96f
00000e79
000057d8
000027ad
ffffed96
fffff564
ffffb230
ffffdcf2
00000f55
fffeba5e
ffffc00d
ffff282c
ffff8860
ffff6e4e
ffffd630
fffeb3cd
ffffad66
000006dd
ffffa900
ffff9559
0000031e
fffff392
ffffeede
ffffee99
00003b68
000017a2
00003e77
00000c09
ffffc8ac
ffffbad9
fffffb24
fffff107
00000f40
ffffdc4d
ffff3f40
ffffc8ce
ffffcee3
ffff625f
00000f83
ffffa892
ffff8b97
ffff5a72
0000020d
fffff6a6
fffffd4c
ffffcd9c
ffffdedf
ffffd4a9
ffffa4ff
00000b6c
ffff5905
fffffecc
000000ad
ffffe828
0000254e
ffffb6d9
ffffae0d
ffffe41a
00000d88
fffffb68
0000139c
fffffe6d
ffffc771
ffffd855
ffffedaf
000038d5
ffffb206
00000738
fffff204
ffffec82
ffff7b03
ffff6288
ffffddf4
ffffd46d
ffffb350
00001400
ffffffc9
ffffbea7
fffffe77
000039b2
ffffcd21
ffffd519
ffffba73
ffffa9a0
ffffef22
00000c77
ffff9780
ffff882b
fffff920
0000094d
ffffe336
ffffb066
ffffc146
fffff5c5
fffffc99
ffffe8bf
ffff9a31
0000130e
ffff8cb3
fffffba7
ffffb8ba
000051de
ffff9dd5
ffffe74a
00002f37
fffffc21
00000e37
ffffc8cd
ffffbd80
ffffc43c
ffff5ca0
fffff636
fffff4e1
ffffd9d7
fffff2d7
ffffb64c
00002ef6
ffffcdab
ffffa7cd
ffff26db
ffff9422
ffff3a7a
ffff8c26
ffffbf81
ffffaab5
0000057a
ffffb586
ffffa25c
00002c80
0000278f
ffffe85b
ffffbbad
ffffc9d7
0000395b
00001ddb
ffff97b3
ffffb9db
ffff6ce1
fffffe2c
ffff50de
fffffd09
00000176
ffffccfb
fffff583
000034b8
fffffe6c
00000b71
ffffdea0
ffff7ae4
ffffab2a
0000047c
00002ae0
ffff9b68
ffffeaaa
ffffcc46
ffffb459
ffffc4f5
ffff909b
00001259
ffff6e3d
ffff6a25
000026b8
ffffd740
ffffece6
000032c8
fffffcf4
ffff4776
fffff2eb
ffffc54b
000002b3
ffffb247
ffffffd6
ffffc904
ffff6beb
000005ef
ffff92ee
fffff9a1
0000043f
000005c3
0000211b
ffffa35d
00002b8c
ffffc612
00002e6f
fffff0b7
ffff9fbc
ffff31a0
ffff9db8
ffffc409
0000279b
ffffbacd
00000a16
fffff459
fffff051
ffffd5a0
00006627
fffffa30
fffff0db
00004c43
00007425
00001a00
00006456
ffffc194
ffffd92d
ffff977a
ffffad60
0000346f
ffffffde
ffffdfa0
000002ea
ffff1377
ffffa503
ffffd821
ffffab09
ffffbec1
ffffc916
000001fe
00000cef
000047f9
ffff6e13
ffff7362
00001aea
ffffed2d
ffffc3e3
ffff689e
ffff9ce2
ffff7cc6
ffff8b08
ffffd4b6
ffff4a59
fffff0c6
ffff9393
ffffe8c0
fffffa61
ffffcb6e
00000bbf
ffffdaa7
ffffc537
ffffebdf
ffffac6d
0000120a
ffffcaba
ffffa76b
00000782
ffffe877
00006fde
ffffc2cf
ffffe87b
ffffe885
ffffc625
fffffe30
00000453
fffff2d8
ffffdf6f
00000953
00004736
ffffa968
ffff9c3d
0000070e
0000054e
fffff660
fffffe85
ffffae45
0000173f
fffffacf
00008775
ffffe465
0000046a
ffff9e06
00000e03
ffffc47b
0000576b
fffffabb
ffffff8e
fffffcdb
fffff5ec
fffffeac
ffffffdb
fffff4c4
ffffee97
000007fa
00000979
ffffee89
00000527
fffffff5
fffff5b7
fffffdbc
000006d4
00000897
ffffef0d
fffff215
fffffc68
00000d86
fffff074
00000b6b
fffff64e
fffff5dc
ffffe9cd
0000078d
fffffd2b
fffff00b
000000a1
fffff24b
ffffe966
fffff8b4
00000a3f
000007e9
ffffe9ca
fffffe04
000005da
00000075
ffffecca
ffffeb9e
ffffecbe
fffffdff
fffff774
00000aa4
ffffeed0
000002bb
fffff80d
00000336
fffff980
fffff3f6
ffffee68
ffffe1c3
00000430
00000062
ffffefa5
fffff55d
fffff79f
ffffe9cd
0000069e
00000045
fffff830
000007ae
000000ed
fffffb3c
ffffe726
fffff747
000009d3
fffffe7f
000000c5
ffffecf8
fffff495
fffffd29
ffffef8a
fffffbd4
0000076e
0000048f
fffff398
ffffff2f
00000697
fffffaff
00000913
fffffc95
fffff502
ffffffd1
000009ca
ffffec82
00000290
fffff8e3
fffffe8d
fffff694
fffff225
fffff335
000000d7
fffff6f8
000005a7
fffff6a7
fffff794
fffff1df
fffff0ba
00000187
fffff301
000003e6
fffffec6
fffff5bc
fffff1fc
fffff1fa
000002ff
ffffef83
fffff8a1
0000073d
ffffeb2b
00000452
00000346
00000627
000003e3
0000017c
ffffeea1
ffffffd2
fffff881
ffffe6b5
00000928
fffff517
fffffa09
fffffc94
fffffe3c
000005e6
fffffc8b
fffffa01
fffff240
fffff3c5
ffffea77
fffff3de
fffffe72
fffff6ea
00000227
fffff7fa
00000c21
fffff504
fffff964
00000d10
fffffaf0
0000034f
fffff984
000003cb
fffff22d
fffff426
ffffebd7
fffff0cd
ffffedd7
fffff494
00000d67
fffffbe2
00000378
fffff6c6
fffff86b
00000905
ffffe5ca
ffffff7a
fffff126
ffffee87
0000095e
000002af
fffff63a
00000686
0000001a
ffffed7b
fffffca0
fffff2da
fffffd06
fffffa2c
fffff36f
fffff307
ffffed77
fffff19e
fffff44f
fffff52c
000008f5
00000133
ffffe4dd
fffff974
fffff6d8
fffff196
fffff9be
fffff869
000010d9
fffff833
fffffbb0
fffffc97
fffff4a1
00000435
fffff4a0
fffff1fc
ffffff92
ffffeb8f
ffffffcf
00000552
fffff709
fffff7e5
fffff9a8
fffff659
0000069f
fffff438
fffff329
fffff9c8
fffff1b3
ffffe7e9
ffffe900
ffffeed2
00000192
00000709
fffff243
00000889
fffff5a3
fffff991
00000c64
000000a0
ffffe8a2
ffffff78
ffffeba5
000001b6
fffff12f
00000639
ffffed51
fffff8c5
fffff712
fffff14f
00000b83
000003c5
0000058e
000004e7
00000a44
00000be6
00000553
00000233
fffff119
fffffdde
00000097
fffff82b
00000098
fffff938
00000957
fffff546
fffff08c
fffffec2
00000ed6
fffff3eb
fffffbcd
fffff223
ffffeb6e
fffffdd1
ffffebf3
fffffbd5
fffffab4
00000308
ffffe84d
ffff5979
fffff8cc
ffff9ac1
ffff6dba
00006b4d
ffffb62f
ffffc0b4
fffffe37
00005bfc
0000719f
fffff519
ffffe4cd
ffffca11
00003548
ffffc06f
ffff81e7
fffff630
00000718
00000147
ffffc958
ffff7245
ffffae38
ffffb91f
ffff8bcb
ffff80cd
ffffd6d2
00004742
00003692
ffffe035
ffffff50
00001c6b
ffff81b0
0000066a
ffffc55a
ffffef9e
ffffe46d
fffff8df
ffff9af0
ffffa3c5
ffff6fac
ffffb5ef
ffffcc47
ffffebc9
ffffeade
00001bb2
00002e24
ffff8fd9
ffff95ea
ffffd6fe
0000097f
ffffe95a
ffffb7da
00001861
ffffc695
ffff2a00
ffffdd4e
fffffd09
00003f45
0000111d
ffff248b
00001347
00005420
ffffb562
ffffcadb
fffff47c
00004e05
ffffc389
ffffda8c
ffffa589
fffff9e2
ffff8d41
00001baf
000015c4
fffff29f
ffff8294
00004d84
ffffdc11
000002b7
000047a8
ffffec9c
ffff82be
00005098
ffffee4d
ffffe959
ffff9518
ffff6cec
ffffa649
ffffd008
00000519
00001f5d
ffffe1e5
00000938
ffffc575
ffffcea4
fffff8f5
000005fa
00000c91
0000281f
000030c9
ffffe500
00002734
ffffd424
ffff835d
ffffcfc6
00000057
ffff178e
fffff8ea
ffffcd2b
fffff091
00000ef1
ffffb978
00003efe
ffffc917
00002537
ffffaf94
ffffbcf9
ffffa6cc
00004859
00002198
0000192e
ffffda7c
000005e3
ffffc990
0000015d
ffffb69a
ffffce66
fffff5ed
ffff6922
ffffa081
0000355e
ffff92ba
0000339f
ffffe885
00000ff0
ffff9ec2
000005c2
00000075
fffff872
ffff89fa
ffff98ff
000002e4
fffff09b
ffffe9ef
000024ba
ffffaa51
ffffa55c
00002b15
ffff8c34
ffff6831
00000928
ffff1863
ffff7b9c
00000ec2
fffff28e
ffffb938
ffffe713
ffffa2cc
ffffc1a0
00000adb
00002351
ffffa1ed
0000193e
fffff089
ffffb958
fffff5be
ffff8e4a
ffffd04f
fffff624
ffffb8f6
ffffe9c1
00002949
ffff35fb
ffffbab1
ffff96fd
fffff16a
00003672
ffff97bd
ffffea95
ffffeff3
ffffc8ca
00000f7e
ffff6cfd
ffffc989
ffff695a
000038fd
000022a4
ffffd37f
ffff7294
00000c88
ffffec49
ffffc628
ffffe3ce
ffffb229
00000d8c
ffff8ddc
ffffda3c
000046ba
00001564
ffffffae
00001962
ffffe7c0
000043d8
ffffc863
ffff77a8
ffffed4b
ffffdd9b
ffffc9f6
ffffb8c4
000019f3
00000b87
0000390b
ffff9dd5
ffffaa8c
ffffc689
ffffebc3
000060fd
ffffe1b8
ffffa3c7
ffffd5fa
ffffbae5
ffffc69b
ffffca99
ffff7b5a
000011d9
ffffbb73
00000ee1
ffff7db7
ffffc2b2
ffffe992
ffffd818
ffffd441
ffff7ce4
ffffea2e
ffff87fe
fffff771
000010ea
ffffede8
ffffddb5
ffff6264
ffffd12b
ffff7ed7
ffffd200
0000189e
00003ef2
ffffedec
ffff95c7
000002cb
ffffae4e
ffff5d86
ffffc77e
fffff455
ffff5385
fffffe64
fffff4de
00004109
00003599
ffffe7ea
ffff7885
ffff4a02
ffff7b7c
ffffc89e
0000450b
000020cd
ffff9364
0000db15
000013ae
ffff85ac
0000700e
ffffad75
00004947
ffffab26
fffeaa7f
ffffff3e
ffff7782
ffff5aa4
ffff46ab
000011fb
0000bbad
ffffa4c9
ffffbf6d
000008a8
00008748
ffffeb11
ffff27d0
fffff6e4
ffff4e43
000025cb
00001e35
ffff6f62
00000910
ffffb568
ffff74b8
0000021f
ffffa1b8
ffff66a5
ffffb4ca
0000748c
ffffe2f3
000004d1
ffffec50
00002983
00000ad0
ffffe8fb
000041d8
fffff891
00003ea9
0000442a
ffffe0e4
ffff0aa3
fffee3ee
ffff3f04
0000174a
ffffee49
00009154
ffffa1f0
ffff74cf
fffffd0e
fffef203
ffffb292
ffff9dc8
0000214c
ffffb700
fffff11c
ffff8135
ffffcc7b
ffff3121
fffec684
ffff63e0
0000355d
00002403
00001eaa
fffffbeb
fffff869
00000ebc
ffffd530
00000049
ffff91fd
ffffecb0
0000d15a
ffff5e37
ffff0a34
ffffe872
ffff2b2d
ffffec12
00006f84
ffffa5aa
ffffa794
000000e0
ffff3271
ffff97ff
fffee7ac
fffff456
00001c55
ffff8b11
ffffafbf
ffff366f
ffffe873
fffff840
fffe7149
ffffb1ec
ffffdd69
00002f76
000064d2
00000612
ffff7501
fffff298
ffff2955
ffffebbc
ffff796a
ffff89ac
ffffe0f4
ffffaa0f
ffffe305
00005adf
ffff8303
000119d1
ffffe3da
fffff9b3
0000b439
ffffc50b
00007855
00002065
fffff518
ffff1259
fffec3a3
fffe3293
ffffbc63
ffff3fe0
ffffe20e
00001d37
ffffdca5
000020f7
ffff34f1
ffff2f94
ffff6c9e
00006a1f
ffff218d
ffff457c
ffffc8ef
ffff23b8
000011ae
00000580
000050a8
ffffb773
0000816d
ffff7588
ffff91ae
0000151a
ffffc9f0
fffe59c6
ffffcfcf
ffff6ed6
ffff1607
ffff15c8
fffff2ad
ffffab84
ffff3975
0000116e
ffffbdc9
ffff7811
ffffb800
ffffea26
000058e3
ffff9d52
ffffb6a8
ffffe296
ffffc394
0000841c
ffff7164
ffffa926
ffff6f77
fffffb2d
00004e5f
ffff8433
ffff6b77
ffff569b
000022ff
ffffb494
fffea69f
fffed1a6
00000740
ffff25d2
ffffec68
ffffb788
00008926
ffffd229
00001fd7
ffffe997
ffff7e81
ffff749a
ffffa912
000027d8
ffffc68b
ffff9262
fffeecd9
ffff1033
ffff5272
ffffea03
00004a20
ffffea41
00008cd3
ffffd91b
ffff867f
ffffd50e
ffffe8d8
ffffd758
ffffea0c
ffff72a3
ffffdb16
00004ed8
ffffff31
ffffbfa8
000092c8
00000245
00003065
000017df
ffff5018
ffffce16
ffffd304
fffede1a
ffff4d1e
00008733
ffff2161
ffff7ef1
fffff7c3
ffff2b4b
fffff4f1
0000d16c
fffff2e5
ffff60d4
ffff6bbe
00000e29
ffff7a0c
00000bdf
fffffabb
ffffc629
ffffc0d2
ffffca93
000004dd
ffff9c9e
ffffe3d2
00009307
ffffa901
fffff3f4
ffff3882
ffff51e1
ffffa807
0000979e
ffffdbb1
00000c29
fffffcb5
ffff562c
0000350f
00004911
ffff3d8f
ffff99d5
000010a8
ffff9a49
ffff24dc
ffff7f55
fffffe41
fffff6ca
00001e68
ffffb941
ffffb646
ffff974b
00007f86
000068a0
fffff7d5
000022a1
ffffc740
ffff8ef5
ffff9075
ffff0adf
00001602
ffffbba3
ffff0cf6
00009857
ffff9534
ffff7b35
ffffb518
00005d98
00000873
00002d53
00001cfe
ffffa41c
ffffcf02
00004b9c
ffffff0b
00007ba8
ffff73b6
0000074c
ffffff85
00001a9a
fffff313
fffff1b0
ffffda24
ffffc95d
00003a40
ffff830d
ffffd750
ffff9f2e
ffffc800
00005a24
ffffd910
ffffe790
fffffdc7
ffff88d2
ffffab88
00000374
0000478d
ffff51ae
0000060a
ffff765d
ffffca8f
fffffd44
0000396c
ffff3214
ffffc4b8
ffff9c93
ffffbfc5
000011f7
000002d9
ffff439e
ffffe038
00000c93
ffffb0cd
ffff6709
00007490
0000030c
ffffeda2
ffffa48b
fffe99b6
0000367f
ffff46f6
ffffeab9
00001a96
00003f34
ffffa52a
000014d1
ffff6657
00000120
ffffcbb6
ffffa8fe
ffff2bd7
ffffd395
ffff1862
00000bc1
ffffb350
00005bd2
ffffcb4b
ffffaf32
ffffd2ae
ffff61ab
000071d4
ffffc93b
ffffdab7
fffef6dc
ffff9522
00000f34
00003620
ffffee00
ffffdd44
ffffba03
ffff7431
ffffe63f
00000897
ffff3bd5
ffff8e59
00000e8a
ffff7452
00000066
00003519
ffff4cb0
ffff368a
000015ad
ffff91b5
ffff5d00
ffffcbf6
ffff4930
ffffcad8
000033ca
fffffa11
ffffead6
00001047
ffffecd8
ffff797a
ffffa496
0000453b
ffff9a73
0000609a
ffff9b17
00006b32
ffff4008
ffffe7db
fffff30b
00002a88
ffff71c5
ffff71d2
ffffd4b1
000014bc
fffed75e
ffffbd75
0000264b
0000069e
ffff2506
ffffba54
00006990
fffecf2e
ffff9bf1
000005ba
000006de
ffff5ba7
00002e4f
ffffc3c8
ffff6e25
00003e95
ffff83d9
ffff792e
000094eb
ffffe9da
ffff6199
ffff6822
ffff82f6
000030d0
ffff715f
ffff370f
00000728
fffff7a1
000054d8
ffffd68b
ffff4e31
ffffe52c
ffff72cf
ffffa68a
ffffee0f
ffff746e
ffffb5ff
ffff83b6
000035f5
ffffe0c4
ffffdddb
ffffe8aa
ffffe4c4
fffe473d
ffffce51
000005e0
00008100
00001472
ffffce06
00001aa6
ffff6aaa
ffffc34f
ffff656e
ffff4e34
0000322e
00001c3c
fffee473
ffffccd7
ffff4f7e
ffff97d9
fffff58d
ffffa7a0
00004e66
ffff76a5
ffffa846
ffffe722
fffff1ff
ffffdf24
ffff4493
ffff996d
ffff3b53
00005c4b
ffff93a5
ffffa823
ffffd2a5
ffff4ca8
fffff945
ffffbe46
00004d6f
ffffc9b4
fffeff78
ffffc952
ffff025a
00007313
00007d03
fffff93d
000004e4
ffff42a1
ffffd7d2
ffffb86a
ffffcebf
00000793
0000a9ed
000023be
ffffdef3
000017a4
ffffff9a
0000d928
000007b2
ffff743d
ffffee04
fffffae3
00000403
ffffe705
ffff0cfe
ffff8a9b
ffffa108
0000048a
00005eb0
fffff7f4
0000066d
ffffe167
0000148d
fffe75dd
fffff9ac
000020fe
ffffe849
00005f8f
00001fbe
fffff01f
ffffe0c2
00000a20
0000102f
00000017
0000447c
ffffe45e
fffff0d3
ffff08b3
ffffe57d
fffff35b
ffffe494
ffffd358
000047e6
0000038b
00000360
000026b1
ffffdece
ffffcf88
ffffd3a0
00005f1c
ffffd752
00000d8b
fffffcd3
ffffddd2
ffffdc58
ffff69aa
00000208
00002dd6
ffffe8ed
00000270
00002b25
ffffe6ef
00000347
00002b02
00007d5c
00001d45
000009b5
ffffd59c
ffff5c88
00001dd8
00006eac
ffff385f
00000b6a
ffffe241
ffff87e7
ffff9c48
0000332c
fffffebd
00002185
ffffe190
00002377
00001f56
ffffadb2
ffffd7b2
ffffb6a6
fffef59a
00001fbf
000000eb
00001509
0000faa2
000038e2
00001639
ffffc67f
00004735
00000431
00003a13
ffffe640
fffff9ea
ffff9841
0000a091
ffffdae5
000031d2
00001a5d
ffffe039
ffffdce7
fffffef1
00004951
fffffeff
ffffd58a
00004171
ffffddcd
000033b8
fffff0bd
ffffe0d5
ffffea91
fffffe9d
00004e69
00002011
00001a9e
000049f5
ffffe9e1
ffffa6df
000055c6
fffff3a3
00001a1e
ffffe4d1
0000bdf9
fffff1a3
fffff4b5
ffffeadd
ffffee32
ffffbab3
ffff9ef9
000035b7
00003c8b
00006be7
ffffaf28
fffff526
000021a5
ffffdf9e
ffff4112
ffffca4e
fffffa73
ffffbe98
ffffc0d7
000023cd
ffffd84e
ffffedbc
00001a57
00002315
00001792
00000884
00000d2d
00000534
00002697
000012b3
ffff9ad3
ffffd578
00000c26
ffffef78
00002db8
fffff3f6
00000c29
ffffc599
00000088
00001c05
00002c17
ffffee02
00009f14
fffffea1
0000109c
ffffba3b
ffffea5a
00002edd
ffffef86
000008f2
0000377e
fffffb91
000026f0
fffff067
ffffad27
000015e0
ffffd5a8
00006cec
ffffeccb
ffff1f05
fffffbe2
ffffd12c
ffffdb02
ffff86fe
00002dad
fffffda9
00001a95
ffffcc7c
ffffc9ca
fffffcfd
ffffdefa
000015e5
fffff773
000009c7
00001e10
000026bf
0000488c
ffffd179
ffffdebb
00000bed
00004a9f
ffffe2f5
ffffc82b
000027d6
0000612b
fffff854
ffffb02f
000056a1
00001048
00002a92
fffff0cf
ffffed99
00004324
ffffd5f2
fffff875
00001ce2
00001c3b
00002dce
ffffcb0d
000052cf
00002728
00000be6
00000ae6
000057bc
fffffc56
fffff5b9
ffffe6b4
00001047
00004af0
ffffeede
000020e9
000045d2
000073f4
fffff76f
00000e27
ffffe26c
00005a28
00002168
00002e61
ffffd4cd
0000107d
fffffb5d
000040f9
0000202c
00003b8e
ffffc618
ffffdbd5
000023bf
ffffa0ee
00002bef
0000203a
ffff999c
ffffe072
000004c3
ffffd833
000009f1
00000546
ffffc670
00000e57
ffffc592
ffffde42
00004d9e
ffffe5ad
ffff8500
ffffd74a
ffffc9e5
000023f2
00004273
000005c9
ffffc194
ffffb0bb
ffffb867
000017f7
000002f0
ffffe309
ffffd501
ffffee0a
ffffdaa0
ffff74df
00001df5
0000601f
ffffbfc9
ffffdfb3
fffff1b0
00000e46
00000b18
fffff162
ffffdec9
ffff9e07
000011ba
ffffb696
ffffe617
00003bb1
ffff58f0
ffffbe49
ffffc93e
000006cc
000001d3
fffffd03
ffff4a35
fffff9d1
ffffc8e3
00002a53
ffffdfd1
ffffe735
ffff49ef
ffff03dc
ffffcaff
ffffd6fa
fffff4fb
000002e5
fffff527
00001a6a
00001174
ffffef87
ffffd9e7
fffff663
ffffbb7e
ffff83c2
ffffbdd4
000033d3
ffffba98
ffffd1e0
00006d66
ffffd314
ffffcc4b
00001791
fffffd25
00005954
fffff81f
00005cd3
00003339
fffef732
ffff90a8
ffffda19
000018d0
0000c14f
00001aaa
ffff8e86
ffffe417
ffff7c0d
ffffbdfd
ffffe2cb
fffff177
00000e4d
00004bbe
000007dd
00001957
00001093
0000099b
ffffffbe
fffff2d5
fffffde9
ffffbc7b
ffffe1a4
00001813
000030e0
ffffc315
ffffcd71
00001b5e
ffffcf24
ffffab85
fffffde8
ffffbace
ffff7f72
ffff8cea
ffffe5f6
00000049
ffffc932
ffffd129
0000ade7
fffffd77
ffffcb3b
ffff838b
ffff5953
ffff53cb
ffffdf66
ffff4aac
ffffb6c3
ffffc66f
fffff7f5
ffffee8c
0000062f
ffffcb4b
ffff9bba
ffffd84f
ffff5331
ffffeeab
ffff0414
ffffcf13
00006da5
ffffe38c
ffff95bb
000050b9
ffffa997
ffffdfea
ffffef94
ffff8cd0
fffebe70
000036d5
ffffa0d5
ffffe70e
ffffe2bf
ffff9e4a
000049a6
fffff31c
ffff9f78
00000530
00003be5
ffffec21
000020f8
00005a70
ffffd5c3
ffffef58
ffffd33d
0000222d
ffff6ecf
ffffa469
fffff82e
000075fb
0000953e
ffff13ee
ffff924e
ffffaf9b
ffffc722
00000e21
00000080
00004b41
ffffbcfd
ffffb03b
0000078e
ffffaae8
ffff9e08
ffffb3c2
ffffd5c7
ffffe68c
ffffd583
000049ab
ffff6b9c
ffffdda7
00001536
ffff7c2a
00002a71
ffff56b8
ffff58fe
ffff99f0
00001f87
ffffceea
00000c37
ffff48de
00004624
00002ad7
0000078c
ffffb14b
ffff675d
ffff7a9d
ffffd261
ffff840c
ffffe153
ffff6dec
000001b7
ffff74c9
ffff7750
ffffe44f
00003ed3
ffffccae
ffff3b9d
ffffdb98
00002828
ffff7acd
ffff472c
fffe8217
0000558e
ffffeff7
ffffdf85
ffffd08c
ffffd251
000001b6
ffffe3fa
00003ee6
0000082b
fffff4a2
00001328
ffffd443
fffff3cb
ffffe535
ffff6ccb
ffffc7cc
ffffda70
00006bb2
000019d6
ffff6b0d
ffffe882
ffffc636
fffffa05
ffffa9e5
ffffcbba
ffffe35b
ffffe2ab
ffffac3d
00000aa0
ffffaed2
ffffedac
ffff812b
00007e91
ffffcd80
ffffc42f
fffff717
ffffffc0
00003bc0
ffffefbf
00001266
ffff2794
ffff76a7
ffff50e4
ffff6a00
fffffbc5
00002931
ffff539c
ffff59ab
ffff9588
00002316
ffffd026
ffffc646
ffffc352
ffffdacc
0000501b
ffff7d17
ffff3740
0000583c
000099a3
ffff205c
ffff8319
ffffaa07
ffffc58f
00007048
ffff618e
ffff9470
00008791
fffff76d
fffea193
00001496
00009686
ffff8827
00005a42
00011a0b
ffffea00
ffffb925
00001993
ffffde7e
fffff830
00004faf
000059ee
00001061
000029dd
0000340e
ffffeb21
000048e7
00002153
ffffd5cb
ffffdd97
000015c3
fffeef75
ffff91e5
ffffffb9
00000d0d
fffcc256
ffff970f
0001bf57
ffffae68
00003930
ffff3aef
0000438c
ffffce60
fffefef5
0000066b
ffffec72
000000a7
00002455
ffffbbe6
0001426b
0000399c
ffff7c16
00003a05
00002227
ffff73ac
ffffcc23
00014960
ffff7208
00002c60
ffffad3f
fffe4ace
fffff709
ffff61f3
ffffd654
fffef6ea
ffff704e
00000965
fffff8ee
fffee06b
fffffd20
ffffb9e1
ffffd6b2
000022b0
ffff8d19
0000327c
ffffaea0
00004a07
ffff2b60
ffffe17c
00004c04
ffffdc18
fffff34c
ffff08c3
00007d71
ffff6add
ffff9d56
fffff315
fffff4cd
00000f6a
ffffc39f
ffffab8d
ffffcef2
ffffd53b
00002d64
ffff0ad3
ffffe2d1
0000258d
0000046f
fffff964
00000586
00008e55
ffffb061
ffffeae8
ffff31da
ffffea54
ffffd5a9
00009faf
00004259
ffff61f3
fffef419
fffedfee
00005833
00005600
00003eec
00008721
ffffe86a
ffff6976
ffff40a3
ffff5fc5
ffffe7c0
ffff84c7
fffffe34
fffff834
ffff5097
00006b45
00000d3b
0000a53a
fffe7507
ffffae87
ffffeb9d
ffff34a8
fffe9f6c
ffffca6c
ffffd9d0
00004038
0000172f
fffff885
fffff0fd
ffff97ee
ffff26fa
ffffde04
00002631
ffffd588
000001d5
000002d2
ffff26bc
00000daa
ffffebf9
ffffd20c
00002621
fffff898
0000907a
0000490c
0000693c
ffffaed4
ffffe323
ffffd4f0
ffff2232
00012e06
0000c0ab
ffff2787
00002603
ffff5460
ffffe1d4
ffff1736
00000e85
0000231e
ffffa8b8
fffe28aa
ffffaf21
0000327c
ffffe5a0
fffe7833
ffff7993
0000027b
ffff9cca
fffe2860
ffff5842
00001d0e
ffff9fce
00009744
000134d2
0000daa5
ffffc8d5
ffffbf6d
0000892c
00000c2c
ffff9aea
ffffb93a
ffffce20
ffffce60
00005741
ffffefff
000017c5
0000b415
000013ce
00004f87
000021c3
000030f9
00001a04
00003489
00000b51
00001a43
00000e0e
fffffc28
fffeff2c
00000d3f
ffffe4d1
0000506e
00001eff
00000b18
00000f7e
ffff73d3
00003619
ffffc795
00003134
ffffcb38
ffffde12
fffec732
ffff7179
ffffe862
00005884
ffffa2e6
ffff4ba0
000011c2
ffffd484
00008977
ffffb2ba
fffefcfc
fffff99e
00007f3c
00001ca6
ffffad5e
0000c3a9
ffffe85a
ffffa358
ffffd8e4
ffffc3d0
0000657c
ffffeae0
000096a4
00002800
000039e0
00002ed3
fffffe3a
00001f2d
ffff7d4c
000031ea
fffff5ea
00000446
fffffb71
ffffed04
00000a6a
ffffebc8
fffff964
000002b6
00000633
00000958
000000a4
fffff083
0000041e
ffffeb14
fffff011
0000081f
00000144
fffff5cf
00000b04
fffff23d
fffff339
ffffffc9
000005a0
fffff684
00000335
fffff177
fffffc96
000001ed
00000144
00000c3b
fffff509
00000226
00000236
fffff1d6
fffff12d
fffff7b7
000005c6
ffffeae9
fffff26f
00000cbe
fffff95c
ffffed5a
00000ff1
00000dcf
fffff9c9
000000de
fffff744
000004df
0000015d
00000b61
00000349
00000269
ffffedd2
fffff082
0000032f
0000011b
ffffef7e
00000113
ffffeba9
fffffc99
0000054b
ffffecf7
fffff413
fffff27f
fffff4e5
fffff1dc
00000aa0
fffff8ac
fffff754
000009a3
ffffeaa3
00000804
fffffe72
fffff892
00000501
fffff0ef
0000063d
00000805
fffff5ed
00000220
00000383
fffff53e
000005c4
ffffef32
ffffffcc
00000803
00000396
fffff24d
00000b91
00000396
fffff3bd
000007fb
00000394
fffffdc4
fffff362
000002e2
fffff883
ffffef4d
00000ecc
ffffef54
fffff4a6
fffff7b3
000007b2
fffffaa4
ffffec3c
ffffeb7b
ffffef04
00000142
000006f8
000008ea
fffffd06
fffff2f1
ffffee98
000007db
fffff145
00000309
fffff54c
fffff683
fffff349
00000170
fffffb23
ffffedd3
fffff583
fffff32d
fffffbbe
fffffbe7
fffff044
ffffe96f
fffffc94
0000066f
0000000d
000000bb
ffffefb2
ffffeed5
fffff280
fffff771
ffffebb8
fffff7cc
000003ee
fffff49f
000000e7
000004ce
fffffbfc
fffffe95
ffffee3e
00000109
fffffb20
fffffd2e
fffff6f8
fffff737
fffffe34
fffff117
fffff223
fffffd46
00000370
fffffece
fffff094
fffff51b
fffff1fb
000007c2
ffffec67
00000c71
fffff9b3
fffff9ee
0000028c
fffff457
fffff1fd
000000e1
fffffb77
fffff2f9
ffffff9f
fffff1fb
fffff5de
000002d6
00000339
00000921
00000c07
ffffff12
fffff1a0
000001e5
fffff8ba
000000cf
0000028d
ffffec74
ffffebd4
ffffeafd
fffff188
00000634
0000063b
00000718
fffffb7e
0000071c
fffff945
0000064f
fffff48a
fffff2e6
000005e9
00000981
fffffce6
fffffd12
00000ab0
000001a4
0000005a
00000496
fffff286
fffffb96
fffffc72
fffffee4
ffffff91
fffff8c7
fffffeb7
fffff4b1
fffff811
00000a35
ffffed2f
00000f2b
fffff40e
fffff302
00000a54
fffffacd
0000060c
00000a51
000002b7
fffff0af
fffff3c0
fffffa2d
fffff1c1
000001cd
00000e1c
fffff392
fffff151
00000b05
ffffeb86
fffff1e9
fffff773
00000de2
fffff7f4
00000f30
ffffff3d
fffff7fc
fffffbc0
fffffa31
ffffedfb
fffff69f
fffffe4d
fffffe72
ffffffe1
00000389
00000a65
fffffced
fffff4c9
fffffc69
fffff551
fffffeef
ffffef92
fffffca6
00000312
fffffc2a
00000e09
fffffd57
fffff916
fffffaee
00000777
0000077d
00000f5c
00000fc6
fffff294
fffff334
00000b3c
fffff09a
00000a77
ffffe714
fffffe7e
ffffff1b
fffff296
fffffec7
00000168
ffffe6d2
fffff5ce
fffffeed
ffffef91
fffffa1d
fffff86b
0000029a
fffff7ec
fffff3e6
fffffffa
ffffe80d
ffffff67
fffffc95
00000005
ffffff28
fffff89a
fffffd39
00000235
00000cae
fffff6cb
fffffa08
fffff052
00000079
fffffc7a
fffff77f
00000857
000008fc
ffffec2e
000007b2
00000b45
ffffed69
fffffc05
fffff5a6
fffff11d
fffff318
fffff3f8
fffff71f
0000063b
ffffff5c
fffff39b
fffff871
fffff37f
fffff4c0
fffffa2c
0000009c
fffff509
ffffff81
fffffbaf
fffff371
fffff4b6
0000091a
00000667
00000db5
000001aa
00000067
00000c68
fffff5fe
ffffef59
000008f5
ffffe96e
ffffff4c
000007fb
fffff585
000002ab
fffff824
000002b7
000007b5
0000009a
fffff95e
0000008e
fffffc98
fffff7f4
00000d5e
0000071b
000009a3
fffffff9
fffff3a7
fffff8be
00000102
00000afa
fffff0dd
fffff349
fffffd1b
fffff01f
ffffe3bd
00000161
0000006b
fffffcfc
fffff752
00000234
fffff7fb
0000082a
000011af
fffff695
fffff707
fffff5b4
ffffedda
fffffd6e
ffffef1a
00000b9f
ffffeb64
ffffff66
fffffc25
fffffa02
fffff116
ffffff70
fffff24a
fffff2d0
0000075c
fffffcc6
fffff77b
000006f9
fffffd73
000005a6
ffffeb03
ffffffe6
000007aa
fffffbd6
00000c1e
fffff80e
ffffedb3
fffffc25
ffffee45
000003ae
00000105
ffffeefe
000002e3
00000591
ffffee21
fffffc5e
00000b5b
00000186
00000810
fffff8f3
000007bb
fffffad0
fffff436
fffff724
ffffeb66
ffffe8d6
000004e2
000003a8
fffff149
ffffe8fd
fffffbff
0000084c
fffff51b
fffffa11
00000a88
00000a1a
fffffd90
fffff4c8
fffff9c4
0000039b
00000a35
000003f7
fffff0cd
ffffe909
0000046f
fffffcdd
fffffb13
000006ff
0000005a
ffffef8f
fffffe14
ffffed18
fffffb55
fffffdd7
fffffa93
ffffeb60
fffffffa
000003f2
0000070b
fffff096
fffff9d6
fffffcab
ffffefc1
ffffea8c
fffff4a4
fffffdf0
fffffe96
fffff9fe
fffff48a
fffff03c
fffffdae
fffff237
000009f1
fffff516
fffff393
fffff1e1
fffff04a
00000a80
000001df
00000587
000001ce
fffff2db
fffffd71
ffffefd6
fffff143
fffff0d0
fffff716
00000483
fffff9e3
00000990
fffffe8f
fffff0c3
fffff351
0000027f
fffffaf2
fffff01c
0000022d
00000308
ffffffbe
fffff509
fffff54a
ffffeda8
fffff2a3
00000739
0000088f
fffffea9
fffff253
00000173
ffffe994
ffffffd2
ffffffb3
fffff496
ffffeff7
fffff211
ffffedf3
000007f8
ffffefde
00000254
0000083b
ffffee66
fffff175
ffffbf7b
ffff103e
ffff634b
fffff6aa
ffffba54
ffffe03a
ffff70cd
ffffa956
0000fc09
ffff79b6
ffffc811
ffffdee1
ffffed29
000065cb
ffffa50d
ffffcd7e
00000c61
00002673
fffe5638
ffff6df2
ffffc4f1
00002444
ffff4d82
ffff6d30
ffff3568
fffff383
ffffd670
fffde08a
fffead5f
00006266
ffffc747
fffff724
ffffabfa
000000de
000056b9
ffffcd66
ffff7fe0
ffff8cb2
ffff730b
0000248f
000084f5
ffff160d
00000f66
ffffb831
ffff150b
ffff90cc
ffff6d76
ffff90bc
0000555b
ffff8fda
ffffd364
ffffd21c
00002081
fffff1c9
ffffe772
00005761
fffe0435
00004f57
fffff8d5
ffff7b4f
fffffd3a
fffef171
fffffc70
ffff3a4b
0000621b
fffecf20
ffff823a
ffff5231
ffffcd49
00003ce0
ffff7db7
0000300c
ffff6361
ffffb07f
00005653
ffffe502
fffffb4d
fffff46e
fffffd34
fffff05b
ffff2947
ffffe0de
ffffacb9
ffffedff
ffff683e
ffff45d9
ffffbfce
ffffa0a3
ffff9aa7
ffffc552
ffff87a3
ffff548e
ffffd2bc
ffff52b7
ffff5ea6
00000abc
ffff787b
ffffb8f8
fffff9b0
0000a5e9
000018dd
ffffa738
00002459
00008ce1
00006e42
ffff78b8
ffffcd39
ffff7a2c
fffffb75
fffff9c0
ffff658b
00001041
ffff39b2
ffff20bf
ffffed6f
0000177f
ffffd3e3
000001ab
ffffdb9c
ffffbbc6
ffffb236
000004ea
00002ca6
00003117
ffffa457
0000330b
ffff16a6
ffff582c
000020c4
ffff55fb
ffffd861
000024c1
0000758a
00008ad6
000086e2
ffffc1e8
ffff1542
ffff9238
00010b7b
fffec78f
ffffec6d
ffffc82b
0000300d
fffed8ce
ffff6dc8
ffff9c5b
000073fb
ffff8ebb
ffff5981
fffeaba5
fffef27a
ffffdfec
ffff1e87
00004ce6
0000324e
ffff4916
ffff0ee7
fffef658
00000686
ffff7ecd
ffff9b9c
0000138d
0000076f
ffff658c
ffffd7da
fffec734
fffffadc
ffff7d63
00000ddc
ffffb99f
fffefa95
ffff9166
000016fa
ffff8e97
fffed97e
0000121c
0000318c
ffffbf39
ffff676d
fffedeb9
ffff8514
00002292
ffffb26e
fffeec07
ffff8006
00001461
00000703
ffffb9e2
ffffb95b
ffff7100
00000af4
ffffec2c
ffffa69b
fffef23e
00005632
ffff1b0d
ffffd4eb
ffff9b26
ffffde0c
ffffd3d4
ffff625d
ffffb2fb
ffff6a43
ffffb466
0000c0ce
00004e59
ffffccfd
0000256a
ffffa63a
ffff5d38
ffff7cc2
ffff331b
00003df1
ffffb7a9
ffffe2d5
0000285b
000001ff
ffff4ec9
ffff976a
ffff2297
ffff66fc
ffff61ef
ffffb3c4
ffffdf4f
fffec519
ffff597d
ffffc772
ffffb2e7
fffeee54
ffffd0c5
ffffe7b4
0000353e
ffffdd1c
ffffce4a
ffff3efa
0000088f
00007e93
00000f56
ffffce34
0000a0e7
00001e58
fffff923
00007551
ffff6b1c
0000dc02
ffff5fc8
ffffe784
ffffee45
000002ee
ffffeb77
00000fb1
00004360
fffff792
fffea1df
ffff683b
fffff299
ffffecae
ffffebec
0000083a
fffff2ba
ffffed54
ffffecb5
0000010d
000003eb
ffffff16
0000007d
fffffc4b
fffff116
fffff7f6
ffffefdc
00000676
fffff9dc
00000139
fffff3f8
000007fd
fffff612
00000b74
000001e9
fffff13b
fffff614
0000049a
00000ae4
ffffefca
fffff05a
00000bc9
ffffec7d
fffffaa3
fffffca5
000006ea
00000088
fffffde0
ffffff60
fffff597
fffff14a
fffffe5e
fffffc40
fffff11a
fffff371
fffffad7
0000009c
fffff2cd
00000db6
fffff079
000000eb
ffffe2de
fffffe54
00000082
ffffff8c
fffff505
000006dc
00000419
ffffff23
00000254
ffffe643
ffffeb3d
fffff048
fffffd7e
fffffc4f
000002fd
fffffa90
00000638
000009a8
fffffd70
fffff311
fffffd13
fffffeb7
fffff550
ffffe7f0
000001ce
fffff4ab
fffff443
fffff068
ffffffc3
0000012f
000006ce
fffffa01
fffffec6
fffffa9b
fffff712
fffff2a6
fffffa7e
fffffa81
fffffe94
000002bd
fffff366
fffff056
ffffe9f2
ffffe88a
00000c68
000005b5
000004f4
0000000d
00000570
fffffce9
00000106
fffffdc2
fffffbf6
fffff612
ffffef16
00000464
00000438
ffffee0a
ffffec8a
fffff77c
fffffbee
00000dfd
000002f6
fffff3bb
00000633
fffff5b6
fffffb73
ffffeec4
fffffe39
fffff5e2
fffff669
fffff1f9
00000a78
00000970
ffffff3b
fffff7c6
ffffff40
fffff513
fffff386
ffffe75d
fffff5a2
fffff434
fffffb00
00000017
fffff979
fffffdc7
fffffe92
0000009e
fffff45f
ffffeff6
00000ba2
fffff866
fffff01e
ffffffc4
00000002
000001b7
00000024
000007a1
000003be
fffff0d6
00000a41
fffff7a9
00000215
fffff929
ffffffbb
00000a2e
00000115
fffff3f2
00000775
ffffee7c
00000919
fffffcf8
fffff100
fffffe35
fffff175
fffff2e2
000005f8
00000146
ffffef12
fffffd3d
000009c7
fffff607
fffff4c4
fffffcdd
00000183
fffff0c7
fffff72c
fffffbb6
fffffa81
fffff31f
ffffecc8
fffff3fc
fffff249
fffff693
fffff24e
fffff125
00000bc0
00000cd4
fffffa07
fffffd69
ffffff5f
fffff4cc
fffff906
ffffefdc
0000013a
0000008e
ffffec24
fffff96e
fffff62c
fffff61f
fffff42a
000001e1
fffffcb8
fffff95c
0000030b
fffff29d
00000530
0000042f
ffffff4c
fffff530
00000160
fffffbe0
ffffec4b
fffff851
00000a38
000009ee
ffffe3b2
fffff71d
ffffe866
ffffff64
000002f7
fffff747
000007c6
fffffa5c
fffff763
ffffefd7
fffff2f4
000003b4
fffff2ef
fffffdf2
fffff121
fffff57a
0000085f
00000336
ffffef24
00000034
fffffaea
00000f17
000005ee
ffffff75
0000089f
0000035c
00000b4b
fffff545
fffff914
00000a58
00000697
ffffee52
00000137
fffffb41
ffffff37
fffffd5c
fffff40e
ffffe5a3
fffff5d4
ffffffbf
000004be
fffff652
00000877
fffffc1e
000005c7
ffffe372
000002a9
ffffe59a
fffff008
fffff06c
0000027a
fffff6cf
fffffd44
ffffefda
fffff6d4
fffff762
fffff485
fffffe2f
0000006f
0000010b
ffffffc7
fffffd75
ffffee49
fffff77f
fffffc6f
fffffc63
ffffffd1
ffffec58
fffff709
fffff0f5
fffff8dc
000004e6
fffff9e6
fffff1b2
000003ea
fffff20e
fffff766
fffff005
fffff6ba
ffffe694
ffffe866
fffff894
ffffe576
fffffdb4
000005c2
ffffea76
ffffe7c5
ffffea20
000008a5
ffffea21
00000214
ffffea9e
fffff4c8
fffffa5d
00000878
fffff533
fffffecd
fffff295
fffffd0c
0000029b
0000017e
fffff129
fffff435
fffff115
00000e7b
0000009f
fffff720
ffffeb67
ffffeb1f
fffff519
ffffe885
000005ae
0000055b
fffff619
000000b1
fffffbde
fffffd9c
fffff2d9
00000108
ffffffa9
00000591
fffff2f9
fffffc1a
ffffff25
fffff9d8
ffffe8a7
fffff9e5
fffff52a
ffffe72c
fffff691
fffffbde
00000046
00000700
fffff5ff
fffffa27
fffffe63
ffffff1e
fffff584
ffffdf65
000011e1
ffffea68
fffff872
ffffea8c
fffffc7c
ffffeb9a
ffffeba2
ffffec21
fffff628
fffff1df
fffff983
ffffed67
fffffb27
ffffecc8
fffffa58
fffff12e
fffff791
ffffe6a0
000003ad
0000037b
fffff3fe
ffffeeac
fffff4e4
fffffa11
00000634
ffffe7e8
ffffed13
ffffeaac
fffff6ab
ffffee05
fffff69f
fffffeca
fffff581
ffffeec7
fffff09e
ffffe451
ffffe7c1
fffff3f3
fffffbb7
00000292
000003f8
ffffee2a
0000018f
ffffff09
fffffa47
0000018d
fffffa13
fffffa24
fffff99c
0000024a
ffffeee0
fffff7a5
ffffea92
fffff9b4
fffffcd3
ffffe5b1
0000019b
ffffee42
fffff853
000002cc
fffff40a
ffffff2d
fffff0d3
ffffee9c
ffffff4a
0000054e
fffffa43
fffffb8d
ffffe45f
fffff382
fffff199
00000bb2
ffffefae
ffffe908
ffffe8f4
fffff657
ffffe61d
fffff837
000004e7
fffffac7
00000a76
ffffff80
fffff8d0
ffffff5d
fffff080
fffffd72
00000387
00000770
00000bf8
000006c4
fffff6ba
fffff059
fffff89b
fffff90b
000001d5
fffff330
ffffe7a0
0000053e
fffffc13
000005f5
fffff16c
ffffdc70
fffffb61
ffffe9e9
fffff9b9
00000336
ffffe77e
ffffff77
00001795
ffffeaf6
ffffed83
00000d69
ffffe628
ffffef89
fffff41c
fffff9f4
ffffed91
ffffefce
00001020
fffffd75
fffffdbf
fffff35c
ffffe81a
fffffc42
ffffe311
fffff065
000009f0
fffff478
fffff77b
00000c14
00000c7f
ffffebc5
ffffe885
ffffe155
fffff562
fffffa0c
fffff9fb
fffff666
00000c43
ffffe80b
fffffff9
fffff7a1
fffffaf4
00000240
fffff641
ffffec9a
fffff0a5
fffffdce
fffffaf5
fffff709
000000e4
ffffea67
fffff127
000006f5
ffffead3
fffff84d
fffffb64
ffffef18
fffff135
ffffdcb3
fffff33e
ffffaff4
ffffe0fa
fffeeb98
ffffedf4
ffffa28e
ffff79d4
ffffa2c9
ffff72bd
000020fe
00004ab3
ffffbe21
00002b21
ffff627a
fffff640
00000cb8
ffff82f6
ffffdeb4
ffff1c80
0000a117
ffffa396
ffffed54
000003a8
00007c92
000018f1
000023b5
ffffb463
000026db
00004a0f
ffff3921
ffff943e
ffff33dd
ffff681f
ffffb620
000067d5
fffe4a58
0000c1f6
0000410d
fffe39c3
00008abf
00003dd4
ffffead7
fffe918b
fffff971
000026a1
ffff7bbe
000033e6
fffef474
fffebbd9
000018c0
0000ed6e
000019b2
00003c67
000034ce
0000031c
0000959a
ffff21bb
ffff43fe
ffff6639
00000155
ffffab88
fffea35d
00000489
0000a5a8
ffff6c6b
ffffc220
000008a6
00006ae3
00001bc5
ffffffe2
00004c38
000054c6
00003386
ffffb2ef
0000f505
00005686
fffffcfa
ffff2c15
00008718
ffffe1a1
00003e67
ffffa317
00008162
00008955
fffef967
ffffd0c0
ffff42d9
00000495
00002d61
00001aa4
ffff8e00
ffff13a3
000021c2
00003bc0
000003ac
ffffc8c9
ffffa49d
00000da4
0000487f
ffffce69
000005ee
ffff474b
00000669
ffff81e7
00002282
00004878
00005c02
ffffa0f9
0000b003
ffff2031
ffff6ae4
ffffdba7
00004df4
00002af0
ffffda16
ffff0d71
ffff60cd
00008de8
fffef295
ffffe21c
ffffde65
00005468
ffffc05f
0000e8f0
00006f68
ffff25ee
ffffd4fd
00007723
00003b22
ffffbfa8
fffd9570
ffff27f5
ffffc504
00000543
00006b82
ffff8146
00001a1a
0000375e
ffff0db5
0000620a
ffffb156
ffffc264
ffff32e3
00004084
ffff639a
ffff13ba
ffffc2b1
00008119
00001d6a
fffdd733
0000d5bc
00001fd4
ffff93da
ffffff36
ffffeb7c
00003829
ffffbcaf
000006e8
ffffac2a
00000e5e
ffff925e
fffeee4d
00001ec3
ffffc4da
ffffb1e9
00003023
00007d0c
fffdd1c2
fffff564
ffffc2c1
00000ce4
000092bf
ffffeba0
ffffbedb
ffffd8a2
fffff0f9
00004bf9
000023cb
ffffe403
ffffbe97
ffff9799
000029d8
00004be4
000004fc
00008e4a
ffffac3a
00004581
ffffb769
00004473
ffffaf3c
000001a0
fffffe46
0000ccb7
ffffd23d
0000201a
00001b14
00001d6a
00001982
fffff744
0000bfe2
ffffa277
ffffd6b6
ffff52d4
ffffadd3
00002120
ffffc454
ffffab07
ffff6ab9
000078cf
ffffef6a
ffffadbb
00002670
0000bbc5
0000125d
fffff578
ffffb491
fffefa1a
00001918
ffff878d
ffff161f
ffffee54
ffffd67a
00007301
0000012a
000067d2
ffff10c9
00000274
ffffc3fe
ffffc8fc
00004e93
0000b2d1
00002f24
fffece91
ffffac6c
ffffaf6d
00005751
ffffbbe0
fffef9f3
ffffe70c
ffffb1d3
ffff04bc
00001060
fffffbb3
000006e1
fffec913
ffffbea8
ffff5066
00000e47
00001120
ffffcb51
ffff25ea
ffff37ac
ffff7170
ffffb3c2
00003e6d
ffffed5d
fffff660
fffffb96
0000037f
ffffee16
fffffa6a
fffff336
ffffff1b
fffff22f
fffff0cb
fffff84f
0000011c
fffffe46
fffffa2d
fffff6a6
ffffffdf
00000ddd
fffff401
fffff1c2
fffff3cc
fffffcd4
ffffe842
00000646
000001ef
fffffda8
00000496
0000008f
000003db
ffffff0f
ffffff73
00000074
ffffec38
fffff323
fffffd52
ffffee6d
000002ae
00000dce
fffff648
fffff174
ffffebbe
00000120
fffff151
fffffc46
ffffeefc
0000089c
00000241
fffffeb9
fffffcc4
ffffff6b
fffff6de
0000011e
ffffff4a
000002b8
fffff40d
fffff50a
fffff38e
fffff276
fffff484
ffffec92
fffff83c
000007bf
fffff127
00000896
00000cc5
00000d96
000005ea
00000b22
fffffe2a
0000009e
ffffe9f5
0000086c
ffffed50
fffffece
0000006d
ffffdc83
fffff868
ffffeb01
00000c31
fffff109
ffffeebe
fffffa8d
00000922
fffffc19
ffffffba
000004df
fffff2a4
0000044e
0000065a
ffffed72
ffffffda
fffff979
fffff4f9
fffff204
ffffefee
fffff030
0000059f
ffffffe1
fffff77c
000001d8
0000038f
00000495
00000023
fffff55f
000006ee
00001766
ffffe8e4
ffffe6fd
fffff20e
fffffa0e
fffff5be
ffffebf4
000006aa
00000203
00000812
fffff4f8
0000052f
ffffe658
fffffa4a
fffff3d5
fffff208
fffff973
0000059e
ffffef76
ffffec1a
fffff9bd
00001514
fffff418
fffffc24
fffffca7
0000060a
fffff1cd
0000027e
ffffe7c1
000009ce
fffff80c
fffff45d
ffffec65
fffff41d
00000475
fffff9b5
000001e8
ffffe61e
fffff0b1
ffffeb97
ffffeb1e
fffff1a1
00000ce2
fffff7d8
ffffed41
ffffed88
ffffffe5
ffffe56b
00000aaa
00000213
fffff30f
000001fd
000003ab
fffff663
00000284
ffffed2f
ffffe7d9
ffffff2a
ffffee1c
fffff789
fffffce4
000000ba
fffff72b
fffffbdf
ffffef44
fffff2ae
ffffff1b
ffffea0f
00000b4a
ffffe5f5
00001271
fffffd3e
fffff21f
fffff575
fffffaee
fffff794
00000524
000009ba
fffffd5a
fffff23b
ffffeac4
fffff069
fffff49d
ffffeebc
fffffdbe
ffffefc4
ffffeec4
000001d5
00000387
fffff8bf
fffff0ac
fffffead
ffffeccb
00000852
ffffebac
fffffe8b
fffff3ab
00000b4a
00000659
ffffeedc
ffffed60
fffff944
fffffb8a
fffffb95
000001c6
000008aa
fffffbcd
00000322
fffff053
00000013
fffff343
fffff69d
fffff358
ffffec6c
ffffffe2
fffff523
fffffa7d
fffff1d8
fffff8b4
00000207
000002ce
fffff82c
fffffbf1
fffffde6
ffffefaf
ffffee0d
fffffdf1
fffffce4
ffffe7d8
fffff05f
fffff6b2
00000fb7
000000be
fffff4ce
0000079f
ffffff21
fffffa09
ffffffa1
fffff31e
000008f2
00000849
0000002d
fffffb73
000002fd
ffffde3b
fffff75d
ffffe3a9
fffffe26
00000b03
fffff99f
ffffdd2d
fffffe5f
fffff5f3
000000ab
fffff604
fffff771
000004e3
0000007f
fffff70b
fffffdbd
00000319
fffffaa4
000009e0
00000da1
fffff127
00000587
000006b6
fffff1aa
0000001a
000001ce
fffffbf9
fffffb86
00000440
ffffeccd
fffff331
00000416
fffffe98
fffff203
00000267
fffffc27
0000058e
fffff88c
fffffa87
0000046e
0000061b
ffffeec5
fffff539
ffffed52
fffffd82
fffffe77
0000049c
fffff393
fffffbae
0000025f
0000072d
fffff8ad
fffff6e8
fffff790
00000b62
fffffcd2
fffff98c
fffff165
000004d9
fffff218
00000872
ffffe865
fffff492
fffff521
fffff008
00000ad7
000000ff
000006e7
0000036b
ffffeeb5
fffffcf4
fffff400
000008ec
fffff0b2
fffffaca
fffff0f2
fffff9e1
fffffc61
fffff598
00000a64
ffffee03
fffff955
ffffee54
00000e3f
fffffd8c
000006fa
fffff962
fffff83d
0000037a
00000042
fffff54c
ffffeddb
fffffe0f
fffff565
00000553
000003dd
00000066
ffffeeb8
000004a9
fffff9d0
ffffe7bd
fffffbbf
00000861
00000190
fffff473
fffff6d6
000006e7
fffffa8c
fffff712
ffffef43
fffff71b
000008a2
000004f8
fffffdd0
fffffcb2
00000321
fffff550
fffffe9d
fffffb9a
fffff18e
fffff437
fffff34e
0000002a
fffff48f
ffffff86
fffff422
000009ea
fffffbc8
000002e2
fffffd52
ffffeb55
ffffee5e
fffffcf4
ffffe93b
000003c5
000000df
ffffedbd
fffffe6f
0000058f
00000186
ffffe589
fffff096
fffff9dd
fffff26d
fffffb2c
fffff201
00000354
0000026a
fffffb31
fffff8a9
fffffe5f
fffffa86
ffffec6b
000002a6
ffffed6a
00000630
fffff3b9
00000687
00000d02
000001f4
fffff513
00000299
000005b0
ffffeafc
ffffef41
00000a17
fffffcf9
ffffee7a
fffff10c
fffff32a
ffffe834
fffff812
fffff720
fffff31e
fffffaf5
fffffa2a
00000efe
fffff719
00000367
fffff5e0
00000186
00000394
ffffe8d4
000009d1
fffff6a4
ffffe8f9
fffff246
fffff695
fffff6a0
fffffa68
ffffeb37
00000115
fffff1f5
fffffa5d
ffffef9c
fffff791
fffffb00
fffff0b8
00000723
fffff2e5
fffff44e
00000a78
fffff70d
fffff60d
000011c5
fffff031
ffffea68
ffffed36
fffff1de
00000d13
ffffeffb
00000497
ffffefa1
00000c52
ffffee83
fffff963
00000aa1
ffffefe7
fffff1bd
000003b9
00000447
fffffc31
fffff311
fffff8d0
fffffde1
fffff13c
fffffc3f
fffff11f
00000584
ffffffc2
fffff29c
00000912
0000065f
fffff1ab
000000d9
fffff1af
00000c9e
ffffed0c
0000075f
0000060a
fffffb28
000009fb
fffff650
ffffff12
fffffff0
00000099
00000945
ffffe91e
0000016b
00000163
fffff859
fffffc1a
fffffc38
fffff4e8
fffffcaa
ffffe79f
ffffee70
fffffde9
00000d33
fffff37f
00000d0e
ffffea70
0000068f
000006a7
fffff99c
fffff53e
fffffa23
ffffe938
0000012d
ffffefdb
00000504
ffffed41
fffff33c
00000b4c
fffff57f
00000285
00000739
fffff48a
00000178
ffffe1d1
00000104
ffffef70
fffff2b8
fffffecc
fffff318
fffff6d1
fffffcba
fffffd2a
fffff102
fffffd6c
fffff385
fffff6f3
fffff748
ffffe535
ffffd8a8
fffff1bd
ffffe801
fffff318
fffffd50
fffffee4
00000093
ffffe60a
fffffaf3
ffffdcfc
fffff78f
ffffeb04
00000921
ffffffc7
ffffeede
00000e9d
0000070f
00000d1a
fffff66e
ffffe974
fffff186
ffffe6c5
fffff644
00000659
ffffefdb
fffff8f4
ffffedcd
ffffef3d
ffffe871
ffffeb8e
fffff03e
000002f8
fffff7a2
ffffe296
000011da
ffffe294
000001ad
00000ab3
fffff95e
0000025b
fffff420
00000739
fffff62a
fffffce0
ffffef0c
000004fd
fffffce2
0000041a
fffff495
fffffb0c
00000309
0000001d
fffff3b6
ffffdf85
ffffe4ef
fffffb70
fffffe15
ffffe317
000000a3
00000b22
fffff141
ffffe9c9
00000246
fffff699
fffff459
000008fe
ffffecc3
fffff70c
fffff530
0000064d
ffffe72e
fffff24b
ffffeab2
00000752
fffff7cd
fffffce8
ffffe62e
00000a05
fffffdaf
ffffe40e
ffffe9f3
00000df6
fffff5b4
000005df
00000935
fffff4a7
0000097a
ffffeaca
00000340
fffff9fe
0000011d
fffff062
fffff70a
ffffcfc7
ffffdce9
ffffef91
fffffc25
fffffa28
0000062a
ffffea29
ffffee8b
fffff87c
00000331
fffff19a
fffff1df
fffff74f
fffffc88
0000140c
fffffcd2
ffffd899
00000723
fffff7ab
ffffe801
ffffe53a
ffffecb3
ffffefd3
fffffd71
ffffe54e
fffff04e
fffff7cd
0000062c
fffff93c
000009d4
000000fb
fffff6f8
00000050
fffff57b
000001fe
00000a1e
000006d1
fffff6c7
000005a6
ffffe40e
fffff7f5
ffffef12
00001267
fffffa3b
ffffed44
ffffe3cd
ffffdfd1
fffffac8
ffffe2cf
fffff381
fffffdd0
fffffdbd
ffffe495
00000214
00000a28
000002e4
00001056
fffff871
ffffee08
ffffe2d8
000001d7
ffffe9ad
ffffe95c
0000093e
ffffda43
ffffe307
fffff401
fffff1e9
00000d3d
ffffdccf
ffffef41
fffff3bc
ffffef58
00000416
00000784
ffffdf3e
fffffe60
fffff17a
fffffc3f
ffffed6c
fffffd32
ffffe7d0
ffffeb74
ffffe465
ffffcf26
fffff8ec
fffff924
fffffb30
ffffe449
fffff1bb
ffffecb0
fffffc33
0000093d
ffffea04
ffffdd0f
ffffe970
fffffcdd
fffffdf5
fffffba1
ffffeee7
fffffd77
ffffea22
ffffe699
000003c3
00000efd
fffff629
ffffe8da
ffffe671
00000eb2
fffff8b4
fffffd66
ffffff93
fffffa38
fffff410
000002eb
00000d34
ffffedd0
fffff674
ffffe88c
fffff80a
fffff9a2
0000065f
fffff532
000001a2
ffffefd2
ffffde79
fffff85b
fffff89c
ffffe451
fffff162
0000048c
fffff166
000006c9
ffff3bba
0000193a
0000314c
00006bc4
000088b4
000053ca
ffff4178
ffff579b
ffffd954
ffff5f1b
ffff9a4a
ffffd18e
000035b2
00004520
ffff74d8
ffff6ba6
00000030
0000db0c
ffff839d
00000b0f
fffefd13
ffffc74c
ffff1da4
ffff0f00
ffffa5dc
ffff72ab
0000a8eb
00006818
ffff455f
fffed20b
ffff5c38
00001228
ffffdb28
fffff4c4
ffffb25d
ffffaf61
fffe440e
00003637
000031ac
ffffa7d3
ffff3f3a
00000fb3
00000c81
ffff454d
ffff9a25
00000a7b
fffffb7d
00003653
ffffa58a
fffe94c0
0000231d
ffff5ae9
ffff4b79
ffff9ef7
ffffa21b
ffffe1e0
ffffca10
ffff640c
ffff15c7
ffffbb04
fffff6f9
00003f4a
00003313
00003b49
ffffd975
ffff4d92
ffffd419
00005937
00001537
ffffda9d
00003336
ffff0c4c
ffff9a24
ffffe704
ffff9edd
00005d0a
000030a3
00000529
00000a09
ffff579e
0000aa9b
fffff2c6
000000ca
ffff4c17
fffedb50
ffffa9a1
fffff894
ffff951b
ffffbe4f
00000a8d
0000453f
ffff8ff1
00005711
ffffce78
0000498a
ffffefaa
ffffa6ab
ffff747f
ffff2a5b
ffff6e2e
ffff826a
ffffb32e
fffe2fdd
fffeb430
00004d4f
00006034
ffff98ba
ffff7811
ffff70c8
0000266f
ffffad5e
ffff8e11
ffffc9bf
fffff7f9
ffffb6c4
00000edb
fffff527
ffffb3a3
ffffc03e
00008776
ffff74fe
ffffc233
fffdb0d3
ffff552f
000080ec
ffff0565
0000343b
ffffac28
ffff8701
fffee4b7
00002d67
ffffbcc6
ffffae2a
0000a57e
ffff9b38
ffff7946
00004c46
ffff5ac6
000046f9
ffff53c0
ffff2abd
ffff0c3b
ffffcc11
ffff79c1
00000266
000030c9
0000821f
ffff841f
ffffed1c
ffff893b
ffffb37d
00004d0f
ffff4982
fffed1aa
fffe56ec
0000321a
ffffff1e
ffffa3e8
00001155
ffffb65c
fffffe30
00003a0f
ffffa1ac
ffff8bab
00004056
ffffec7b
fffffc56
ffffeb6f
fffed5de
fffecdef
ffff864d
fffffd1f
ffff55b3
ffff3e23
000001ef
ffff953b
ffff851c
ffff8639
fffe539c
00000abd
ffffd877
0000077c
0000bc6c
fffef62d
ffff8db8
00001beb
ffffcd88
fffe2862
ffff5c05
ffffd4e9
00000f40
ffffcfe4
ffffcddb
ffff7d47
00001799
000057c0
fffe9b08
ffff8989
fffe90f6
fffff82a
ffffd701
00000a05
fffffb7a
0000918f
0000aca4
ffff84a2
ffffd5e7
00002480
000023b9
fffea1e7
ffff1622
fffef446
ffffe62f
0000363e
fffff56e
00000851
ffffcdc4
ffffe47d
ffff979e
fffeaca1
ffff500c
ffffca50
ffffdd8e
ffff57fc
00009f5c
00003ee2
ffffe546
fffdb1b3
00003e79
ffff717d
ffff4fff
ffffafdd
00005e0a
00002c5a
ffff85a4
ffffe9c8
000038a2
ffff5742
ffffa983
ffff9343
ffffe4b7
ffff14bf
ffff7f6a
ffffa96e
000087a0
ffffcc6b
000009f1
ffff1a10
ffffcfdf
fffffa54
ffff3c9c
ffffa177
00001df5
ffffb287
0000157e
000075ac
000075f5
0000302c
ffff8aa3
ffffa769
00008c2b
ffff875c
ffff6544
ffff2531
00005659
ffffe9fb
ffff71d3
ffff9773
ffff549e
ffff776b
ffffb18c
00001edc
000001c5
ffffbfe9
fffe9a90
ffffacd6
ffffe286
00003e32
ffff62b1
ffffd4bb
ffff700d
ffffdbe8
ffffc1dd
00005b35
ffffbd88
00001a96
00007376
ffffc732
ffff814d
00007e40
ffff1985
fffecfb3
00000119
ffffc9ad
ffffc9a0
ffff738f
ffff285f
0000b63c
00000036
0000165b
ffff77c3
ffff275e
fffff91a
00003fff
ffff962e
000024d6
ffffeafa
fffff6af
000044d0
ffffdc32
ffffa2fa
ffff1818
ffff847e
00001bcc
ffff99c7
ffffeb64
00000881
ffff0ebd
00007c19
00003dfd
00003f0c
ffff71b9
ffffe7d6
ffffe28a
ffffeca2
ffff6303
000098a3
fffff381
ffff8e79
00002a82
ffffef9b
ffffed30
fffedcd4
fffffc84
ffffd53f
ffffb164
ffffac03
ffffb328
ffff40b2
00001ca8
00000a26
ffffe323
ffffe5ad
ffffbfc5
ffffab26
fffffc43
ffff9b74
ffff50a8
ffff07a0
00007409
00001f50
fffff4f0
ffffd3af
00003778
ffff99af
ffff6578
00008406
ffffc124
ffff01cb
ffffff6d
ffffa95a
fffff919
00005b34
ffff207c
fffffb59
ffffb1e4
00006967
ffffacb9
00001a43
ffffc010
00003a76
ffff91fd
fffff8d7
000027b7
ffff9850
000005d4
ffffbdd6
ffffd13c
0000f1d1
ffff8ee5
ffff669c
ffffd614
fffff562
fffefbc6
ffffc98a
ffff7b4d
ffffcaac
ffff062f
ffffe0db
ffff1b8a
ffff2522
ffffaa0b
ffff07ce
ffff5897
ffffcb53
ffff85d6
ffff602f
ffffac89
ffffb068
ffffc9cf
ffff40df
ffff1d2f
ffffe600
000010ba
ffffc59d
ffffcc4a
ffffd821
ffffec66
fffee6d1
fffff6ac
ffff60a4
ffff2a43
ffffd62e
ffffef0a
0000032f
00001708
ffff55c3
ffffe78f
ffff25b6
ffff7725
fffff042
ffff2f47
ffffd9fb
ffffea8e
ffffccdf
ffff7d6f
fffff3e8
fffe79b9
ffff55b6
fffff511
ffffc613
ffff1499
0000711b
ffff985b
ffffa1a8
ffff4d62
ffffc26e
ffff321e
fffec263
ffff595b
ffff707e
fffff7e8
fffff457
ffff1dd9
ffff204e
ffffbbaa
00000838
0000c4a1
fffff087
ffffa6c8
ffffa552
ffff9943
0000a207
ffff53ee
ffff262e
fffff9ca
00004dff
000011f3
0000a497
ffff8e34
0000440d
00006394
ffffe943
ffffb540
ffff9ad1
00006214
ffff81b8
00005e90
ffff8ca6
00008d78
000004b3
00007ae7
ffffcc75
00002827
fffff25b
000022b5
fffefe29
ffffa869
fffebd89
ffff9591
000022d1
fffffffd
ffff8934
00009af0
ffff3dd9
fffeca82
ffffd52e
ffff8735
ffffeb44
fffed774
00000511
fffff25c
00002c46
ffff718d
ffff600c
0000129f
ffffedbe
ffffe253
ffffba6b
ffff8ceb
fffefde5
0000b47c
fffff3b4
00007063
ffff6ad1
ffffac8f
0000012d
00003b1f
00003b05
fffee76f
fffff550
ffff8848
ffffb111
fffee352
ffff9905
ffff3300
ffff6e74
ffff9c3a
fffe8de3
0000800d
000065b3
0000bcca
00005a39
0000a1e0
0000171d
00006305
ffffc8f3
ffffeaa7
fffffe6b
ffff6dea
0000082c
ffffaedd
ffffa8ae
ffffd917
ffff8ccc
0000e8cc
fffff671
ffff7e31
fffffa97
000051d0
ffffaff3
00001d2d
00007936
ffff7326
00002617
000048f0
ffff702f
ffffd012
ffff65a8
ffff88c8
00008a47
ffffd8f3
ffff8568
0000bcb8
000002de
ffff26da
00001db4
ffff3d64
ffffd8c4
ffffbf5e
fffff3c9
ffff7b51
000040bc
00001157
ffffc877
fffff88c
000028ac
fffee35c
ffff8b7f
000016e9
00001afb
0000223f
000008e6
ffffa00c
00005be0
000078df
ffffeea0
ffff8aae
ffff6868
00011166
ffff3cf7
ffff8fc3
ffff8648
fffe60f1
ffffcd78
fffe6761
ffffb28c
ffffeb76
fffed737
000000ba
ffffdfdf
000016a7
0000086c
0000a748
0000089f
ffffba47
00001728
00002d40
ffffa9ec
00007a0d
0000615b
fffdc684
ffff6927
fffff759
0000065b
00001722
ffff6c7b
00000110
00004d0e
ffff0274
ffff3f72
0000936e
fffeb2db
ffffccc9
ffff7d24
00008288
000012ab
ffffa420
00004348
00004b9e
000018d2
ffffca49
00010eff
ffffca66
000040a2
ffffd575
00008416
ffff5a84
000011ff
ffffcbcb
0000341f
ffffda15
ffff5baf
0000392f
fffef3cb
ffff215c
00007ed5
00005337
ffff4ff9
ffffa398
000071f4
ffffaaf4
fffffd19
ffff360b
fffffff3
00000246
ffffecb2
ffff5ea5
ffffd28a
ffffa489
ffffdb80
ffff7893
fffef4a7
ffff432e
000008a0
fffffdbd
ffffa8c8
00005d9d
ffff72e3
ffffce12
ffff7de5
000072d1
00005a69
00003bdc
0000a3a5
ffff8c2a
ffffff9b
00001e90
fffed95e
ffffe402
fffff596
ffff9462
ffffc621
ffffff4b
ffff421b
ffff4f70
0000f184
0000dc62
ffff735e
0000140b
ffffe050
ffff41fe
00004e09
ffff650f
00000677
ffffe7e2
ffff7ec3
ffff8a7a
ffffe7fe
00004899
ffffc553
00000e8a
ffffdbae
ffffa847
fffff781
ffffe273
ffffd2b5
ffff4c4d
ffffed2e
00000fd9
ffffd0c9
ffff9373
fffeb86a
ffffe73b
ffffb8e6
ffffa988
fffee1ec
ffffbc51
000039b3
000084ab
00003087
ffffc723
ffffbf45
ffffa7cf
ffff25ce
ffff9261
fffeaf03
00008092
ffffd3e1
ffff477a
fffff005
00000d9d
00002861
ffffc131
fffeff90
ffffb184
fffffb11
00008567
00006462
00000ddb
ffffbc14
00001dd6
ffffdd1d
000021bd
00002653
ffffa196
00000533
ffffcf01
ffff765e
00008023
00004ae1
0000611f
00000d36
ffff63e1
00000048
ffff56f3
000045fc
00003fa5
00007dfe
fffea18c
ffff570a
00003a1e
00003aee
0000130c
00016bd8
ffffec04
ffff83b3
fffed02f
ffffa612
0000244c
ffffb1c4
ffff7af0
00003a63
00004885
000054df
fffeb714
ffff9ef7
ffff8f63
ffff7df9
ffffd01a
ffffb44a
0000032d
000099f1
ffffff6a
ffff5d7f
00004335
ffff97f0
0000a0db
ffff4b2f
ffffbbe0
ffffb794
00007d63
ffff4417
ffff6551
00000df1
00004e1e
ffff1bd0
000008a2
00002747
fffff39e
fffed61d
ffff8ffb
ffff9916
fffee9d7
ffff9a7e
00009508
00000045
ffff9eb0
ffff9c8c
ffff9775
ffff7d4f
ffffd039
00003fb3
ffff2dcb
ffffb8d4
00003fe9
ffff703e
ffffb0e8
ffffa67d
ffffd245
00000345
ffff0738
ffffc682
fffff0f9
ffff7503
000056a8
ffffb371
ffffc90f
ffffa4b3
ffff9394
ffffb806
ffff8110
ffff720e
ffff74c7
0000650d
000078b6
ffff7453
fffff7bf
fffff540
ffff7cba
ffffb6ce
00002648
00008e22
fffffc0f
ffffe9d0
000002dc
000008d9
00002436
ffff5a7d
ffffaa8c
ffffd21e
00003538
00004503
0000aca6
ffff6498
fffffc70
00004804
ffffe55d
ffffaae2
00001060
ffff6c81
ffff1516
ffff1a11
ffff91f8
ffffaa46
00002d51
00000eba
ffffd2f7
ffffa117
ffffebce
00005bd4
ffffeaf8
ffff4c79
fffffd74
ffffa1ad
00000aa3
ffff65d9
ffff847c
ffffb912
0000619f
ffff8bf8
ffffc8b9
fffff35b
000008a8
ffff6ba0
ffff5ec4
fffec835
ffffff92
0000469b
ffff7f85
fffff7fe
00002602
ffffb7cc
00005b2d
ffff12d2
ffffcfd0
ffff2f57
fffffed4
ffffe42b
ffffbf83
ffff24cc
00000243
00005b36
ffffbae8
ffffc2b5
ffff3999
00001b6f
fffe79fa
ffff5b99
ffffa644
ffffa511
ffffe071
ffff0ee7
ffff6871
0000103a
ffffd93d
ffffcabe
00006cf4
00004be3
ffff6b9d
fffee958
ffffa2e4
fffff3e7
ffffc225
00003ea6
ffffe5e7
fffff208
00003e74
00003caf
0000000f
ffff5c01
ffff2947
0000320a
ffff9999
ffff7b70
00003cd1
fffff602
00001bcc
ffffe92c
00008866
ffffdc75
ffff304a
00002ca5
ffff78a0
fffff831
ffff5d97
fffffa36
ffff16d6
ffffb5ac
ffff2f3f
ffffd90b
ffff6323
000007cc
ffff5404
ffffd646
ffff32e5
fffff41f
00001693
ffffc8fb
ffff4363
00002464
0000139d
ffffe3a8
ffffee42
ffff7876
ffff866e
ffffab65
000036d3
000010cf
00004e0c
ffffe7bf
ffff5d74
fffee693
ffff4aa7
ffffd123
0000335b
fffffa6c
ffffb2d6
fffff873
0000b74a
000043cd
ffffb426
00006eea
fffff321
ffff904c
ffffc3e0
00004ae9
ffffdce9
00005cf0
ffffa799
ffffaa4a
000060c3
fffffde9
ffff7bae
00003eb8
ffffebcb
ffff5135
ffffcf86
ffffb1e6
fffff8ef
00004c62
ffffbb6b
ffff35b9
00003312
ffffc80e
ffffbe7b
ffff6cbf
ffff3b21
000058c8
ffffd2e2
ffffee82
ffffa375
000077e8
00000d02
0000681c
fffea8f1
00001c66
00003146
000042a6
ffff8ed4
00006370
ffffb80b
ffff4265
ffffe134
0000306e
ffffe1fc
ffff75f1
00003932
0000b4f1
00000345
00000f7a
fffec108
000042b0
000026db
00001dbe
ffff88c3
fffeaaf7
ffffacaa
ffffa3c0
ffffa151
ffff4901
ffffcbc2
ffffe6ad
00004210
fffff0bb
0000718a
ffffe426
ffff5c9a
00003162
fffe8121
00000541
ffffb6a5
ffff6c8e
ffff8ce2
ffffacee
fffeaa52
ffff9107
00005582
fffefcf6
ffff6c6e
ffff97b3
ffffa0b7
00001974
0000771f
ffffc979
00005ab0
ffffee1b
00001dab
fffe9fb5
ffff4114
fffef029
ffffaa2e
ffffd7c9
ffff9b72
00004da5
ffff03a0
0000048d
ffff5109
ffffba2c
ffff419c
ffff5a0d
0000252f
0000df77
ffff97cc
ffff06c6
ffff7508
0000150c
ffff205b
ffffc5eb
00003a84
ffff484b
ffffe710
ffffbc61
ffff91dc
00000633
ffff4615
ffff7645
ffff6de9
0000445e
000047ba
ffffb542
ffffb7f8
ffffc86d
0000284f
ffffeb86
00001cce
ffff750b
00004882
00003b93
ffffb180
ffffa3f3
fffffc1b
ffff61fe
ffffbfdf
ffff794f
ffffdd0f
ffff610d
ffffb717
fffffc68
00005313
fffe3e9f
fffec69d
ffffea4b
00001331
fffeabad
ffff8d10
ffffe207
ffff4c07
ffffe0d8
fffff42b
ffff9b22
00005d32
fffe9ff4
ffff562b
00003340
0000110b
fffeac3f
00002f3d
ffff6434
00006871
fffe687d
fffedf60
ffff17a0
00000b17
ffff961e
ffffb852
0000236c
ffffe964
fffff2e2
fffeb0d9
ffffb2c0
ffffa9ec
00005be3
ffffb31d
ffff2b16
0000252d
fffe58dd
00005b5f
ffffb5d7
00001b21
fffdb3c5
00006b4b
000017df
000009ba
ffffd64e
ffff78aa
fffe061e
0000b352
ffffde04
ffffeacc
fffee23d
00001d07
ffff6cd2
000014b5
00001e09
00002762
ffffeec7
ffff612d
fffe532a
0000765b
fffffe47
ffffdb8d
ffffa92a
fffe020d
ffff53c6
0000a3c2
ffffaf00
000036e2
fffe879a
ffff7d92
0000140c
ffff52b7
0000092e
00002136
fffe389d
ffff636f
ffffce4c
ffffeaf0
ffff737d
ffffcf62
fffe8452
ffff6e12
ffff8624
fffefa45
00011570
ffffd95b
ffff9994
ffff5e2a
0000571c
ffffb6ea
00005466
ffff988b
ffff2ff3
ffffa7cc
000012ac
ffff0501
00005b93
ffffcb6a
ffffe006
0000232a
ffff6442
ffff9a48
ffffd76d
ffffd886
ffffc541
ffff22e4
00002a68
00000176
ffff76dc
000018b5
ffff5efc
ffff268c
ffff67c9
ffff360c
ffffdfcb
ffffa440
ffff15eb
ffffdaab
ffff4a2a
fffef54b
ffffa6b2
ffffc343
ffff68e2
00004a3a
fffe297d
000005f8
ffff0f4b
ffffd9be
fffff638
ffffadf8
ffffdedd
ffffa141
00000a8b
ffff4b83
ffffc999
ffffa296
ffffaff2
ffff10ea
ffff708a
0000376e
fffed836
ffffd3c3
00004d16
ffff0612
ffffeb12
0000040f
00000d65
ffffebcb
ffff84a8
000008a7
000037bf
fffdee3d
0000249b
ffff980e
ffffd324
ffffc51b
fffedaff
ffffa44b
000082fc
000044dc
ffff871a
ffff4ac3
ffff987d
0000482b
00004984
fffdc6fe
ffff9344
ffff708c
00008c7f
fffff3b4
fffffd8a
ffffff07
0000045a
00000093
fffff249
ffffef60
ffffff0a
fffff39d
ffffecd4
ffffe7b6
ffffff9b
fffff965
00000658
ffffe987
00000179
ffffe853
0000015d
fffff1a4
00000627
fffffcb6
00001b14
ffffee78
0000003d
fffff13e
ffffe4e8
000004b6
000003de
fffff69d
00000013
000003bc
0000058c
fffffc60
fffffd55
ffffff42
00000ab4
0000084e
fffff772
ffffe9ee
fffff582
00000c76
ffffe5ba
ffffecee
fffff354
fffffbf4
ffffebe9
000009a2
000001a6
fffff577
ffffeaa7
ffffeb82
ffffeab9
fffff4bc
fffff302
fffffd3e
fffffa81
fffff917
ffffea89
ffffe6a5
fffff590
ffffec53
0000092c
fffff97b
ffffe5bc
00000443
fffff012
00000361
0000067a
000002c4
ffffe3f9
000001f8
ffffdb1e
00000ae5
fffffa0d
fffff6cf
ffffe0b0
00000d8c
fffff5ab
fffffb39
ffffef5b
fffffaba
fffff639
000001de
00000b5b
fffffe4d
000001d2
ffffeca2
0000028e
fffffe9e
fffff809
fffff411
fffff94f
ffffff99
00000e7b
ffffeadc
ffffe325
fffff9c4
00000378
fffffbc7
fffff6b9
ffffefb2
000006e1
000003d0
ffffe878
fffff7ca
ffffe0a6
fffff28c
ffffe122
fffff8f6
ffffff0e
ffffecaf
fffff6fa
fffffb1a
fffffdf0
fffff0f7
00000195
fffff45a
00000335
ffffec72
ffffe62a
ffffe943
ffffe621
ffffee5a
00000554
00000502
fffff467
000018ff
0000030c
fffffcb0
ffffdf19
00000709
0000065a
ffffe970
000002ae
ffffedc3
000005f2
fffff4a9
fffff4f4
00000783
000005db
00000a9c
fffff4f3
00000325
ffffec56
00000920
00000131
ffffe1fe
000001f3
ffffee1f
ffffef12
fffffb62
00000ae3
fffffdff
fffff68a
ffffee5a
fffff965
ffffff4e
fffff447
fffff025
00000214
ffffe760
00000542
fffff7b0
000002d1
fffff49c
fffffc60
fffff5f6
ffffe7bf
fffff888
fffff4a4
0000079d
fffff17c
fffffedc
fffff612
fffff4af
00000b0d
00000792
00001055
fffff3af
ffffee53
ffffe553
000000b2
ffffecf9
fffffeee
ffffea89
ffffea3b
fffffa4c
fffff63e
0000025f
fffffce3
fffff950
fffff0bc
ffffe24b
fffff5f4
000007f4
fffffc0f
fffff398
fffffc5b
fffffe04
fffffb40
000000f5
fffff7b5
fffff0bc
fffff8a2
0000074b
00000282
ffffe9b8
fffff5bf
fffff3f0
000004c0
fffff727
00000e4c
fffff57c
00001097
ffffe665
fffffeed
fffffffa
00000418
fffff3ed
ffffeb43
fffffcc4
ffffe559
fffff176
ffffe7d9
fffffeca
fffff18f
fffff48a
ffffe8c1
fffffff7
000003c0
ffffeff1
fffff25f
ffffe8bb
fffff8c8
00000504
00000895
000004f4
ffffe79b
fffffc40
fffffb70
fffffe73
fffffc8e
ffffefa3
fffff546
ffffe780
ffffef48
fffffbcd
fffff6a4
000001e3
fffff81c
ffffec59
fffff909
0000089b
ffffed63
00000831
ffffe39b
fffffca9
00007456
00000b40
000023e7
ffffa261
00005fcd
ffffead3
000024d3
ffffd177
ffff5fbd
ffff0485
ffff6d79
fffefb05
00001491
00001ffa
fffeaf65
ffffe568
fffff329
ffff19fd
ffffa141
ffff832f
ffff69c4
ffff925f
00001021
00001dc0
000057f0
ffffbb9b
ffff8c9e
ffff48c8
ffff7bd8
000004f1
ffffa8c6
fffff28a
ffff9e22
fffed6d7
000068f7
0000512f
fffff558
ffff21d7
fffff4ae
ffff9c40
ffff8af4
ffff83e4
00001aa7
ffffa328
ffff0f4d
ffff94a6
00004a4d
00007656
fffffece
ffffe69e
00003916
ffffb212
ffff88a5
0000299e
ffffaf32
ffff74d5
00004d03
fffffea8
ffff8891
ffffb4f1
fffffe2f
ffff7d5e
00008a97
00006329
ffff72fa
fffffbca
0000239d
ffffd0f2
ffffe3d1
ffff26f1
00002ac3
0000e0b4
ffffed6f
00006443
fffff03c
ffffc96d
00007553
00000969
00002108
ffffe8d1
ffff7899
fffff353
ffff85e0
000010e9
ffffdf32
ffffb6d1
ffff8567
fffff0e5
ffffc608
ffff9fdc
ffffa190
fffeeb0a
00002cc9
ffffca32
00001c44
ffffffa6
0000155c
ffff6fe8
ffff86df
0000118c
0000237f
ffffb9af
fffe0366
ffff6c1f
ffffe6dd
00000f7b
00003f6e
ffff4b64
ffff9aed
00001390
ffffed87
0000052c
0000012a
ffffe451
00001a03
ffffa7eb
ffff8498
ffff4b30
ffff91aa
00002997
ffffab63
00002406
ffff3588
ffff33a5
00000963
000087e7
ffff5884
ffff5494
00001bc7
ffff92bf
0000294e
ffff6cb8
ffffb17b
ffffa0c7
fffff466
ffffb7e6
ffffb241
ffffb601
ffff71e1
ffff4516
ffffa102
ffff8f6c
ffffbdbd
00000913
ffff6bef
ffff8497
00003f77
ffffd8b7
00003dc2
000067df
ffffb738
ffffd00a
ffff5975
fffeb6ea
0000128c
ffff2b63
fffef8da
fffffbfc
0000196c
ffff9ead
ffffaf8a
fffff03f
000002b5
000009e1
0000522f
00002015
ffff83a9
00004655
ffff6e4e
ffffee1b
ffff5cf9
0000607a
0000252a
ffffce0d
000008af
00003f63
ffffce75
ffffed56
00009c3b
ffff9f90
00003650
fffee682
ffffe46a
ffff4ac4
ffff41a0
ffffce9f
00000fcf
ffff66cd
00003cca
0000609c
00001889
fffeac95
fffece61
ffff8ad9
ffffecd2
ffffdded
ffffb163
00004641
ffff0cf9
ffff27b9
ffffc109
ffff5941
ffff7511
ffffd8c9
ffff9315
000033ed
ffff4677
ffff68cd
ffffa040
ffff3748
ffff64e7
fffff232
0000386e
ffffbde9
ffffee29
ffff7b29
ffffc6a9
ffffda9b
000077a0
ffffe7cd
ffffffaf
ffffacf2
fffeca91
ffff8f42
000058fc
ffff530a
ffff41d6
ffffc363
ffff85c8
000027df
ffff756d
ffff8b2a
00001905
00004642
ffffcab8
0000133a
ffff5a46
ffff6624
00000c19
ffff79e9
00002ed6
00000e7e
ffff4327
0000641a
fffe51ca
ffff7a92
ffffac0d
000013cc
ffffc0de
ffffc76f
ffff9d34
ffff9a16
ffff6800
ffff734e
00006794
0000abbc
00002781
ffff2b01
00001440
ffff843d
00002b81
0000def3
ffff78c1
ffffb4c2
ffff7de9
ffffc2dc
ffff6c6b
00002435
00004072
ffffd063
ffffa826
00006b26
00000fc9
fffed65e
000078e8
00003d4f
00006af4
fffde162
fffe5b2c
ffff97cd
ffff773f
0000345e
ffffc7b6
ffffb6c4
0000aecc
ffffbc30
00001365
ffff7ebd
ffff58d2
ffff22d9
ffffd773
fffed30b
ffffb60b
ffffdba1
ffffb15d
000082a8
ffff6aca
ffff6a1e
fffffd02
ffff465f
00002d41
fffe8fe6
fffef1f6
ffff3451
0000d835
ffffc617
ffff33ff
fffef904
00009358
ffff6cdb
ffff7e44
ffff7f2d
fffff353
ffff8952
00004505
ffff79db
fffffd1a
00008714
ffffba1d
fffff8c3
0000e086
0000bcfa
fffff91c
00002551
ffff2c75
ffffe6b6
ffffea64
ffffa062
00009820
fffef580
ffff5c8d
ffff8382
0000c5ba
fffff507
ffff9b39
ffffabef
ffff9db5
ffffece6
ffff9311
fffe4137
ffff810b
ffff21b4
00003778
00007795
00004e94
ffff0ffd
0000365b
ffff2de6
00008baa
ffff5fb2
ffff82b5
fffff679
0000ae1c
00000fdb
ffff97db
00000b12
00001d00
ffff19af
fffebc31
ffffbda8
ffff67e3
ffff2ad1
fffe43f4
0000112a
ffff85cf
0000776e
ffffcb3c
fffff307
ffffbe85
0000391b
ffffc953
ffff248e
000034a7
00001f35
ffff292b
000041a4
ffffa51d
ffff4fdb
000091ef
000054c1
0000afa2
00000332
ffff819c
ffff54c2
ffff4493
fffeaa5a
ffff8e47
ffffc8d4
fffee0a9
0000c017
ffff6b32
00000f50
00003562
ffff0f46
0000b68c
00003b80
ffffdc49
ffffb42f
000015a9
0000651b
ffffedbe
00013ea7
0001099b
ffff8530
ffffeb9c
ffff4539
ffff5aea
00000d3d
00001989
fffecd62
ffff677d
000010b0
ffff77ee
ffff3d30
fffff976
ffffcd98
ffffc8af
00008db6
ffff9aab
ffffb088
ffffcc26
0000ac38
0000a47d
0000280a
0000735c
ffffe4ac
00004c50
00009072
00014acf
fffffd4c
00002cdb
ffffeff7
ffffe2ed
ffff4ae3
00003e0f
ffffece4
ffff4110
fffe9c9d
00002177
ffffc871
ffff24f5
000017fc
ffffe537
ffff4ea3
ffff92f6
ffff12ab
fffeca6a
ffffc22b
fffffd9f
fffefb7d
000074e8
ffff9af1
0001a595
ffff6614
00001528
ffffe6de
fffeea41
00007455
00004115
ffffde95
00000b5d
ffffb1c9
fffe3550
000050fc
fffdef8e
0000052f
ffff4b9f
ffff7016
ffff79e8
ffff832d
fffff26a
000037a8
ffff58ea
fffe8ce3
0000046e
ffff2f82
000003c9
ffff2e4f
00002e5f
0000021f
fffff0de
00000baf
ffff7ef7
fffed981
00001d80
ffffd84c
00004f99
ffff8da8
fffe7805
ffffb289
ffff8b5f
fffff2de
0000c2cd
ffff4376
ffff66a5
0000d42e
ffff993f
00001a92
ffffdb05
00000a16
0000a92b
ffffc592
00002be5
ffff773e
ffff2813
00009fa4
00006032
ffff8557
000006f1
ffff7a2d
ffff6cd1
fffff441
00001f10
ffff55a5
ffff951f
00007a5d
ffff9ed7
00001e26
000034ff
ffff5efe
00002d11
ffff6fd0
0000122a
ffffcdb1
ffff936c
000080d9
ffff286c
0000bbe4
fffff852
0000a7a2
ffffcc56
ffff5e21
ffff8b73
ffffed65
00001799
fffef22e
ffffe8d4
00001800
ffffcc13
ffff353a
00007a3f
ffff927a
ffffe0a3
ffffcc31
ffff9870
ffffd343
00000d6c
ffffcd48
ffff8d78
ffff4c8b
ffff7b9a
00002199
ffffdf25
ffff6d9c
fffffc34
00001620
ffffed22
0000104f
fffff2f0
000093dc
ffffd3eb
ffff4d0d
fffff44e
ffffc919
ffffb8de
fffef8d2
00008581
ffffed01
ffff49b8
ffffe616
00002b52
00007cfb
fffff166
fffef498
00000164
ffffb07d
00005d1c
00003b3b
ffffe740
ffffd57b
fffff27e
fffe838a
ffff3288
ffff882f
ffff9acd
00008270
ffff1920
0000cb4b
ffffeb07
fffff632
ffff872f
00005687
ffffbbd4
00007e2a
000005b5
ffff059e
ffffd0aa
ffff988e
ffffe307
fffff72b
00005d20
ffff9ff2
00001ec7
0000312a
0000006a
00004626
ffff29d7
fffffcfd
ffff67b8
ffffe620
ffffb6bc
0000d9ea
fffea20a
ffffc440
000023f1
fffff00c
fffef646
ffff2f7b
ffff2632
0000713f
00003873
ffff2d13
00007891
ffffa281
00001359
00004022
ffffe490
000019b5
00009c0c
ffff86b1
00002609
0000c1c8
ffff0782
ffff7831
fffed806
ffff2b59
000029c6
000038a3
ffff58c0
00001bd2
ffffa3db
fffe706e
000004b7
00001ef8
ffff78ca
00000843
ffffd230
ffff9fd2
fffffd9e
000041a2
ffff1445
ffffba6b
ffff3d91
fffee500
ffff074a
ffffe42e
fffff80f
fffe7f1b
ffffeb42
ffff747e
00008956
ffff7950
000033b1
fffff667
ffffc84a
0000b9c5
0000ac21
ffff80e0
ffffa57a
00009255
fffff5eb
ffff43e9
ffff2944
000031a7
ffff9943
00008dd5
fffff9a8
ffff9eed
ffff5058
000056b3
fffe6a75
00001c05
fffee14e
ffffd5b9
ffffdce1
0000a5c1
ffffc125
fffff560
00008836
ffff4dda
ffffa921
000075ae
fffffda3
ffffb0d5
ffffa05f
000020a7
0000b2a3
ffff6b3b
00000350
00000bdf
fffec69c
ffff92ff
0000baf8
00000251
ffff52a2
00004521
ffff65b5
ffffe49b
ffff8567
000027d0
fffff80d
ffffc98f
000063c5
0000ae92
00000d6a
ffff52c4
fffef407
ffff8fa5
ffff917a
00005bf2
ffff8631
ffff3daa
ffff6c6f
000049b1
000131f5
000077ca
fffff319
000032dc
ffff2d5f
ffffbdf1
00001783
00007dab
ffff9f3e
000005fc
ffffdd04
ffff2d3e
00002cf7
0000655e
fffef768
fffeec9b
ffffba81
00003103
ffffb3af
00003ae4
00003f99
fffeec45
00003168
ffff8e40
0000b54a
ffff46c3
fffe8a86
000039f4
ffffe614
ffffac35
0000e75b
00002110
ffff720e
00005b96
ffffa086
fffed22c
ffffae52
fffff5af
ffff8ca3
00001001
0000df97
ffffefe1
00005ed2
ffff50a2
ffffeadd
fffff1e2
ffffffc2
ffffe936
ffffe213
00000002
ffffff5f
fffff54d
fffff404
00001125
ffffeec4
00000466
fffff3e1
fffff345
ffffe8e4
ffffefe8
fffff16c
fffffe9e
0000088d
ffffe624
fffffae3
fffff055
ffffed13
fffff265
ffffe9a7
fffff1ed
fffffecd
0000028d
000001b3
fffffb9b
ffffde6c
fffff815
ffffdfa1
fffff9f7
00000490
fffffbc5
fffff501
fffff0da
0000072a
fffff3bf
000001ad
ffffec39
00000640
ffffec2c
fffffc51
0000020c
fffff03c
fffff6e6
fffff125
000004b7
fffff8c6
ffffe9a4
fffff3f7
fffffb45
fffff310
fffffc40
000004c9
00000bbe
fffffa13
fffffd98
fffff48f
fffff312
fffff291
fffffc75
fffffb32
00000d9b
fffffe23
ffffe991
ffffeeb4
fffffcbd
fffff419
fffff722
fffff001
fffff30e
ffffea11
fffffeb1
fffff18a
fffff9c5
fffffdae
00000104
ffffea6a
000003a0
fffff706
fffff0c7
fffff598
fffffda6
00000284
fffff13b
fffff7e1
fffffa3a
fffffc2b
00001123
ffffefff
000006b6
fffff4ce
000005a1
fffffe68
00000096
fffffef8
ffffe3a8
ffffff53
ffffe319
fffff392
fffff263
fffff5f9
fffff3d9
fffff677
fffff4b4
fffff93e
fffff2ef
000007c9
fffffc4e
fffff305
fffff888
ffffe817
ffffecf7
fffffea2
fffffb57
fffff5c2
ffffea74
ffffe6a4
fffff2c4
fffff63e
ffffff1e
fffff3a6
fffff07a
ffffeee6
ffffe881
ffffebfe
fffffdde
0000010b
ffffea89
fffff6e3
ffffef2d
fffff8eb
ffffe9b8
fffffb36
00000810
00000154
00000a09
fffff1fe
ffffe513
fffff4ca
fffff3fa
00000093
fffff490
fffffc13
fffff621
ffffefae
fffff5bb
ffffe275
000000e6
ffffe860
fffff90c
ffffef93
fffffe0d
fffff449
fffffc9d
fffffb55
ffffefcc
00000011
fffffd29
ffffec3a
fffffc08
fffff673
00000113
fffff1ed
ffffe1ba
fffff338
fffff187
ffffe6ea
ffffe6af
ffffffb6
fffffe11
ffffede1
00000179
fffff486
0000068d
fffffe6c
000008a4
fffff513
fffffc47
ffffefc0
000001e8
000006fb
000007df
0000000a
00000538
fffffc0c
ffffe772
fffff3ea
00000649
fffff733
fffff554
ffffe73a
00000041
000005e8
fffffda5
ffffe6c5
fffff54e
fffff810
0000031e
fffff709
ffffe1e7
fffff230
00000546
fffff942
ffffef12
fffffd4c
fffff84c
000007dd
ffffee0f
000002f5
00000202
0000084a
000009fc
ffffea20
ffffe986
fffff383
fffff8b8
00000122
ffffec6a
00000b70
ffffffc9
00000221
fffffae1
ffffed61
fffff669
0000019f
fffff2be
ffffec87
000003c2
fffff107
00000126
fffffa02
000000c6
fffffe80
00000644
fffff790
ffffeeef
000013fd
fffff400
fffff171
ffffede7
fffffe2f
ffffed45
fffff75e
ffffe3d6
ffffeb6d
fffff6a7
ffffea59
ffffea40
fffffd8b
ffffe6c7
fffffb7c
fffff89f
fffff7b7
ffffdee7
fffef60a
ffff701a
0000138e
00001271
ffffebac
fffff98f
00001206
ffffc74e
0000ade4
ffffac3e
ffffaab5
ffff9192
ffff572c
ffff21e7
00000d3e
000031c2
fffff0f3
fffea32d
ffffe0e4
00007cdd
ffff2a0a
ffff2b9f
ffff8605
ffffb58f
ffffe05f
ffff12b4
ffffeaf9
fffebf0c
ffff8ce2
000032db
ffffb1c3
fffffc78
00004481
000047fe
ffffb6fa
ffff0ac5
00004991
ffff185b
000006e9
0000d3e0
fffff612
ffffa15b
ffff5771
ffffbe2a
00001c75
0000342e
ffffd551
ffffa726
ffffcfbd
ffffaebb
ffff1748
ffff5154
ffff6e7a
ffff5d08
ffff8bd3
fffee175
ffff2cf1
00005c08
fffff987
ffff85bd
00001067
0000cf97
fffffe90
fffe0da3
ffffe8cd
0000538b
ffffc7fc
ffff11b6
ffff8b68
ffff8a96
fffea826
ffffdd3b
ffffe8e7
00003f9a
000059d9
00000498
fffebbca
ffff8970
ffff6b5e
fffffb40
00002aa3
fffd9388
000068fb
ffffcc8d
ffff1527
ffff978d
00003dbb
ffffdb61
fffff678
ffff6f1b
ffff7a38
ffff3277
00004526
fffffe39
ffffb2bb
ffff6dbd
ffffa48d
ffff6bcc
fffe8d78
ffff33bd
fffedc70
000012f8
ffff64b3
ffffcc84
0000267f
000039fb
fffe4537
ffffd3d1
ffff1b4d
ffff4aa1
ffff6a9d
ffff6f10
00000e31
ffff7f23
ffffeaf6
ffff85fe
ffffb5c6
ffffd78f
ffff38d4
00002e24
fffef5e6
fffff344
00001573
fffea0d9
ffff34cb
ffffbdfd
ffff1d98
fffe5ef1
ffff0e3b
000022b8
00006308
ffff237f
ffffd042
ffffebbc
ffff63ba
00007f46
ffff36d9
ffffe5c4
ffffa89e
ffff08f6
fffebcc3
ffff4ba5
fffe1460
00000439
ffff253f
ffffbc35
ffff9bed
fffec201
ffff073c
ffffe920
fffff168
ffff74fb
0000947c
ffff9818
0000213d
ffffb9ad
00000754
ffff83f5
ffff8fab
ffff509f
00003b83
00002ccb
fffff3ea
00004e73
fffffd7a
fffff98c
0000ae9d
ffffcff5
ffffc590
ffff8869
fffff7cb
ffff6d2f
ffffa5c0
ffff90d7
fffeb94d
fffebd7c
ffff7d97
ffff5fae
00000ccb
ffffacd2
ffffc912
ffff9a12
ffffe856
000032a8
0000298a
fffefbd3
ffff2521
ffffb7d8
00004bb8
fffee7bb
000034bb
ffffa282
fffebac6
ffff4ed7
ffffb708
ffff30e4
ffffee03
ffff7cb1
ffffef91
ffffee1b
ffffca80
fffe9b8c
ffff8dfe
fffee238
ffff2627
ffffaafd
ffffc454
fffe95b1
fffde089
ffffdff0
ffff930f
ffffbeb4
000010e4
ffff7908
ffffb32c
ffff3677
ffff8239
00003ade
fffff3c5
fffefaef
ffffadfa
fffec01a
ffff454c
ffffc059
ffffe9ac
ffff0a42
000024bc
ffff6411
ffff58b1
ffffd826
ffff620e
ffffc237
ffffbc82
fffff13a
fffef36c
fffec9ae
ffffe33a
0000288c
ffff9ab3
fffdb1fa
fffefa60
ffff1bd6
fffe93e2
fffe91ba
00000ad3
ffff9ebe
ffff9e56
ffff94dd
ffffbebc
ffffde9e
000054aa
fffed39c
ffffeab0
00001fe9
00000390
ffffff79
ffffeea6
fffff6ed
fffffaae
00000288
fffff612
ffffea97
00000dd0
00000cfe
ffffe299
00000294
fffff81c
00000b3d
00000d6c
ffffea96
0000075a
ffffe54b
fffff309
0000017f
ffffed8e
ffffe971
fffffef8
fffffcc7
ffffe8fe
ffffea84
fffff687
fffff7a5
fffff8ed
ffffe60c
00000b88
ffffe0db
fffff036
ffffde9e
fffff8ca
ffffed7b
000013d9
ffffe249
000001a8
ffffff42
fffff1f6
fffff494
000000de
fffff8fe
fffff37c
00000869
fffffbc4
0000023c
000002fa
0000062e
ffffefd5
fffff682
00000768
fffff815
ffffff8c
ffffed7b
00000caf
fffff3fb
ffffec65
ffffe7f2
fffffc14
ffffe49a
fffff992
fffff976
ffffff70
fffffb07
00000347
000001dc
fffffda1
ffffe2c8
ffffedef
ffffedc6
ffffe994
0000010c
00000d67
ffffec44
fffff486
00000694
00000b73
00000b07
0000018b
fffff453
ffffe958
ffffffba
ffffee95
fffff527
ffffe697
fffff0ca
fffff413
ffffed75
fffff29b
ffffe4d8
00000b45
00001029
000002ab
00000727
ffffeb11
fffff5f8
fffff14a
fffffdf7
00000b6b
00000581
fffff329
ffffffed
fffff45f
ffffe695
fffff839
000011cb
fffff0a1
fffff89a
fffff838
fffff715
000003ab
000002fa
00000f03
fffffac8
000002e3
fffff995
fffffdeb
ffffe707
0000067e
ffffe3e2
fffff244
fffff1ee
ffffe8fc
fffffe53
fffff4e2
ffffef87
ffffe8c3
fffff77c
ffffff16
fffffd0e
fffff4ca
00000248
fffff6e5
fffff7fa
00000615
fffff569
fffff0ca
fffffd61
ffffedf6
fffff4de
0000032a
fffff13d
ffffeef4
fffff421
00000165
fffffcb5
fffffa41
ffffedb0
ffffedd5
fffff3e9
00000949
fffff5c0
fffffb76
00000688
ffffed26
fffff078
ffffffb1
fffffe1b
00000426
ffffee82
fffff37b
ffffe7c5
fffff672
fffff832
fffff640
fffff877
ffffeaba
fffff996
fffff414
ffffe982
000005ca
fffff768
00000cb2
00000782
00000233
0000110d
0000038b
fffffe81
fffff258
000000ba
fffff543
00000574
00000752
0000059d
fffff366
fffff411
fffff6b2
00000e81
ffffeadf
fffffd07
fffffc74
fffff8da
ffffee06
000002ba
fffffdf9
fffffc78
ffffef73
fffff8de
0000033a
00000518
fffff221
fffff817
fffffb01
0000091c
fffffbbd
fffffd09
00000080
00000075
ffffed81
00000f07
00001baa
fffff27d
fffff67c
00000175
ffffee70
ffffe868
000001db
fffffedb
fffff729
0000026d
fffffb25
fffff19a
ffffea46
ffffe2d8
fffffe06
fffff0a1
ffffe940
fffffee5
fffffaaa
fffff1ae
00000aa9
00000bf4
fffff95e
00000637
fffff4cd
fffffa57
fffffbe1
00000db6
00000d3d
fffffa83
fffff645
fffffdd4
0000086a
ffffeb9f
00000dbd
fffffadc
00000375
fffffb32
fffffe18
ffffefab
fffffd65
ffffecdc
ffffee4a
fffffcb5
fffff910
ffff1dd4
ffff48ef
ffff5d94
ffff109b
ffff7cbf
ffffe52e
fffff705
ffffc923
00002884
0000394d
fffffa9b
ffff48b1
00002cd6
ffff9a86
ffff716e
00000bd1
ffffee87
fffebd57
00003d25
fffea574
fffe917d
fffff6f5
ffffb222
ffffb1b2
00006ad0
ffffd108
fffff17f
fffffac3
ffff2802
ffff5af8
ffffee72
ffffa7ed
ffffe075
ffffa73a
00004b99
00001407
ffff6bd2
000048a4
ffffad73
000033d6
ffffa3a4
ffffff88
ffff867b
00002f52
ffffad8c
00006f49
ffff9be3
0000d2e4
ffffeede
00009809
00008390
ffff3dde
ffff4799
ffff8109
000040ee
ffff55d3
ffff4a91
fffe9556
00001f69
ffffec4e
ffff52c1
ffff41c2
ffff6016
00001305
ffffaa14
fffe7f88
fffff7b7
00000846
fffea295
ffffe44d
ffffc184
0001076a
ffffe3ce
ffffe87d
ffff2caa
00002203
fffff334
0000262f
ffffd529
ffffb09e
000024e4
00002b05
fffe30b4
000086dc
00000680
ffffa7ff
ffff70f4
fffff1d4
ffff64fe
00003fee
ffffea09
0000fdea
000004e4
ffff73ec
00000286
ffff2652
fffed420
000042a7
fffefd03
ffff6780
ffff3902
ffff2c7c
00000133
0000ae4d
ffffeacb
ffff4704
ffffb5e0
ffff59a1
fffe87c3
ffff9cc6
ffffe4a3
00004658
ffffc7d7
fffff64f
0000995f
00000365
fffff6a8
00007b62
fffefd92
000023bb
ffffe800
ffff6801
000080e6
ffffe62e
00004d2b
fffe767a
ffff625b
00006b30
ffff9b4a
ffff22a5
fffe44d5
fffef4d4
ffff562b
ffffa110
ffffd6f9
ffffc1ea
ffffead6
ffff4b6a
ffff0b21
0000059f
fffec9d0
ffff4237
fffed422
0000493c
ffff8b72
ffff7c1b
00005fd6
ffff12b7
ffff2ea4
ffff410d
00005179
ffff47b5
ffff658b
0000412d
ffff0680
ffff8fd2
ffff8067
fffffceb
0000050c
ffffd924
0001242b
fffe7ef9
ffff8d3c
ffff6de1
00003b8a
fffe4881
00000f28
ffff71b9
000028b5
ffff77ee
ffffb4e1
0000e878
fffe88d2
ffff6a80
ffffaed2
fffecfc0
ffff791a
00000273
ffff368a
00000902
ffffb5f0
ffff3955
ffff6a80
00001893
fffe5037
ffffd5e8
ffff5a6a
ffff6aa4
0000b935
ffff6e46
ffffd596
ffffc46e
ffffdc39
00002a16
fffef183
ffff3f03
0000435b
fffe8fe3
000008b7
ffff795f
fffffc75
ffff08ac
ffffd139
00008376
0000da66
fffdfd12
ffffff5e
ffff5f69
ffffb378
ffffc7b6
00005320
fffed68d
0000412a
ffffdc55
ffff3e91
fffff3f0
0000947a
ffffd9dc
fffe6956
ffff7e5c
00000be9
ffff86ef
ffffa790
ffff8844
ffffc408
00008f91
ffff506b
ffff32db
fffea4c8
000025ad
000056c5
00005496
00001ffa
00002bd8
fffff369
ffffba0a
0000e23a
00007c6e
00003235
00004f9a
ffff69b0
ffffddff
00007022
ffffabcb
00004aa5
ffff9213
ffff3648
fffed485
000063a8
ffffcaad
ffff936c
ffff8992
ffffbb08
ffff6b08
ffffe2d6
000004e3
00006d04
00006d65
0000c7af
00003334
0001132a
fffe848d
ffff851a
000042fd
ffff5d0b
ffffd871
00002787
00005988
fffffdee
ffffea3c
00003d7f
fffff0a9
00006be4
000010f4
fffffdb9
000015b8
ffffe613
ffffc77c
ffffdf50
0000405e
ffffa1a2
00001f65
0000037b
00001088
0000392d
00003b8f
ffff239c
00002a26
ffffdf83
00004538
00006372
00005744
00009552
fffff4af
00003a33
ffffd3b4
0000ae89
00000a80
00000a60
ffff63e5
ffff81f3
ffff4038
ffff636b
fffffa3a
0000503a
000002c1
00003fa2
ffff6777
ffffc73c
0000562b
0000011e
ffff1a5b
ffffbc9d
ffffe2ba
ffff4a25
000011a9
00008acb
0000ed23
00004b9f
000100df
000000fa
0000030d
000052a2
ffff923b
00007df0
fffff333
ffffb336
ffff9266
ffffbf13
ffff6d71
0000ab3b
00001ef2
fffffdaf
ffff4d70
fffff557
ffffe5d9
fffff34b
0000c5e4
00001a97
ffff8c41
ffff9dea
ffff8dfc
ffff68a8
ffffff24
ffff0ebe
00002819
ffff84f3
000009f3
00005c2a
ffff91b1
000003df
fffff1b3
ffff0966
ffff0843
00016cb2
00002071
ffff9fb9
000011de
ffff877d
000019b2
00009f56
000008db
ffff8148
000030c6
000024d2
ffff4c70
0000677f
ffffe95a
00001c7e
ffffb2e7
ffff2b57
00005741
0000a97e
ffff1981
ffff7b7d
00000a55
fffffb76
fffdfe4a
fffef519
0000163d
ffff6be9
ffffa278
00003a10
ffffd149
0000043e
00007908
000010f1
ffffa1f2
ffff492f
0000cf71
00003253
ffffe8f8
ffff8b6d
00003c4a
ffff2a52
00005ea5
fffff4b8
ffffefd2
ffff7c77
ffff5194
ffff8c88
ffffb502
fffef230
000036e2
fffe6b56
ffff9bcc
0000754b
ffff6653
fffee926
ffff2294
0000c8f2
ffffebe9
0000bfa8
fffff4c9
ffff384d
ffffb94e
fffef39a
000060ba
ffff9149
0000a0a4
ffffe848
fffff8e5
ffff807e
00007f0d
000099d4
ffffe49a
0000244e
ffff48b4
00000ced
00006fb5
000021d5
00007b02
ffff6b61
ffff8c17
fffecddc
fffffe83
fffffe72
00006d91
ffffb247
00003bf7
00005e00
00003638
00002b9d
00000c14
fffed0e9
ffff47da
ffff6b5d
000023d7
ffffc537
ffffb513
ffff63a3
000030dd
ffff147e
00000e47
ffff6b24
00004b6f
00001369
0000b911
ffffa739
ffffe9c6
ffff5470
00005c99
ffffe423
ffff5f44
00003f6c
00000979
ffffe207
00007220
ffffc96d
0000149d
ffff9d01
ffffb26a
000039cc
ffffa956
ffff7778
ffff8510
ffffd3a3
ffff5cdd
00000f46
fffff23b
00005b5b
ffff433d
00001f60
ffffaccd
ffff136b
00006294
00004bd2
fffefda1
ffff1b01
000020ec
fffff275
ffff8947
fffedf49
fffe8d67
0000ce7b
ffffe253
fffece26
ffff617b
00006e84
fffffc86
ffff5513
0000199b
ffffe592
0000468d
ffffc010
ffff4e0c
ffff7d46
ffff6354
fffecfae
ffffb643
ffff2c8a
ffffefc8
fffff5b5
fffff5c9
fffff891
fffff3d2
fffffeeb
00000409
000005a1
00000045
fffff576
000009b3
fffff831
fffffd39
ffffe754
ffffedea
000007d9
fffffcef
fffff0d1
fffff8e2
fffff351
00000301
fffff0ac
fffff634
00000ac5
fffff9ff
fffffd51
ffffeb5d
ffffeb88
ffffef02
0000077c
ffffda4b
ffffee04
00000663
00000d87
fffff5be
fffffac5
00000976
000003e0
fffff661
ffffedcf
fffff816
fffff612
00000cc3
fffff7d8
fffff8bc
000012f3
fffff658
0000022e
ffffe587
ffffffe2
ffffff92
fffffa7b
ffffedab
00000180
fffffed6
fffffc32
ffffe71d
fffffaf9
ffffe07a
ffffe709
fffff604
00000692
ffffe98c
ffffe0d6
ffffeb68
00000756
fffffc69
ffffee34
000007e1
fffff39f
000002d0
fffff73f
fffffdcc
fffff086
fffffa49
fffffa6f
fffff8db
fffff5a9
00000152
000003be
000006c7
ffffe387
fffff7fa
00000abe
000004ab
fffff5e2
0000000a
fffffd34
000003e5
fffff5c5
fffffe8c
fffffb05
ffffdca2
000002ee
fffff488
000000b0
ffffec15
fffff810
00000b04
ffffe8ac
ffffe572
fffff12f
fffff9e3
ffffee6e
fffff490
ffffeab3
ffffe342
ffffe77f
000003df
fffff67e
ffffeec2
fffff2f2
00000580
fffff3c8
00000142
00000428
fffffec2
ffffff55
fffffa95
fffff31f
fffff106
fffff378
fffff052
00000062
0000073e
fffffcb5
fffff8e7
ffffff25
ffffea53
fffff0d6
fffffc6c
fffff2b3
fffff1bb
ffffed1f
ffffeb59
ffffff4d
fffffd2f
00000ab2
fffffb1f
fffff303
fffff6a7
fffff61d
ffffea5a
ffffeffc
ffffeb88
fffff305
ffffef31
fffff7aa
00000539
ffffefde
fffff5d1
00000774
fffff177
fffff98e
fffffb88
ffffe8fa
00000ce0
ffffff84
fffffb68
fffff4cc
ffffe70a
fffff666
fffffee8
fffff93a
fffffe91
000007de
ffffecc5
fffffb37
000004df
fffff766
fffffd95
00000055
00000316
000002e8
ffffed26
ffffff17
fffff152
fffffbad
ffffecd6
fffff9e7
00000455
fffffaff
fffffc69
fffff9f5
00000463
fffffc44
ffffe9eb
ffffff67
fffffb15
fffff536
0000000c
0000000b
0000035e
fffff9b1
0000077d
fffffd3b
fffff781
fffffd49
fffff79a
fffff4ca
fffff44e
00000bbd
00000c96
000004eb
000008b2
000004c9
0000014d
fffffdad
00000158
ffffecd5
fffffd98
000000a2
00000c7d
fffff7ec
fffff3f5
ffffefd2
fffff979
ffffffba
fffffd32
fffff5cd
fffffe5b
00000afc
00000488
fffff115
fffff3a6
ffffeba4
00000d6f
00000072
ffffef13
ffffeb4c
ffffe6a0
fffffc3b
fffff7e9
ffffeece
ffffea5f
fffff42f
00000263
ffffe93e
000007d5
00000ea0
000007fe
fffff706
0000052a
00000996
ffffeaab
00000091
fffff807
ffffff86
000001a4
fffffe56
fffff830
fffff468
ffffe524
00000531
fffffd57
0000021f
ffff4bfc
ffffba8d
ffff6fb8
000072f4
00000a51
00004045
ffff474a
ffff4769
000003cc
00002342
ffffd439
ffffb356
fffff2bc
ffff5398
ffffe101
ffff977e
00000a83
ffffac63
ffff7dbf
ffffc022
00001bf5
ffffc3fa
ffff16fe
0000128f
00000165
00005a88
00001fd3
00004d2a
ffff563e
ffffc3c1
ffff7d3e
ffff846b
ffff6265
ffff8bcd
ffff88e4
ffff9e4b
fffef3f7
ffffdc52
ffff8f94
ffff0695
fffff876
00000fbc
00001151
0000247b
ffff9b2a
00001648
ffffe9b6
ffff807c
ffffd2cf
ffff506b
00005528
00006918
fffff116
ffff9345
00000cf6
ffffd851
00001fd0
ffffff84
0000074b
ffffbbab
fffffd61
ffffe46e
000037fb
ffffb633
ffff67ce
ffffb07a
ffff9d88
00000b5f
ffffab0d
ffff6ed7
ffffa318
ffffaa75
ffff8f28
00001fbf
ffffe8cd
ffffb23d
ffff9f6e
fffff92b
00001ae5
00004c24
0000488b
ffffdd8a
fffff85b
00002f35
ffff9158
000043f4
00006a79
00002ebd
0000092d
fffff573
000026db
ffffd7b3
ffffe8f0
ffff44fd
ffffcbaf
fffff4f0
ffff4b80
00001a20
ffff6a45
ffff723d
ffffa6d5
ffffcd8d
ffffeeba
ffff7d87
00006516
ffffdd61
000040cc
ffffd09f
ffffa7cc
00000b8e
000005bc
00009cd7
ffff93c7
ffff29c9
000023db
00005b4f
0000121e
ffffe718
00000ffc
00008a2d
000092c3
ffffc289
ffff0149
fffff1a7
ffffce67
ffffdb35
ffffad1d
ffff37b4
00004765
fffe7af1
ffffc513
ffffd788
ffffea96
0000325c
ffffe918
00001bbe
ffffbe01
ffffaee3
00002584
ffffe418
0000604d
00000907
00002728
ffffc197
00006ecb
fffff524
00002399
ffff9634
fffffb29
00003964
ffff9167
00009bc2
ffffef9d
fffed829
ffffa905
00009ec1
fffe6b6a
00002576
fffff6dc
fffff23a
fffff701
00001e37
ffff0a26
ffffbf51
ffff8b8e
ffff699e
ffffd9ed
ffffa3e9
ffffd9a2
ffffc59e
00000761
ffffda68
fffff71c
ffffee3d
ffffc49b
00001260
00004591
ffffc827
ffffdc77
ffff8b43
ffff9ae8
ffff802e
00001bad
ffffeb7c
00003e18
00002aa0
ffff8caf
ffffd16f
ffff7212
fffffc30
ffff6ae4
0000209b
ffff6c01
000022ed
ffffb393
ffffff10
ffff43bd
ffff7b4c
ffffb367
ffffb5eb
fffff11c
00001380
fffffec0
fffedad1
ffff710c
00001938
00006143
ffffc350
ffffd8a6
00001f33
00007dc9
ffff77ad
ffffdd8e
ffffd82f
ffffefed
ffff8dd4
ffffcc50
000009f1
0000091d
ffff95ac
ffff4cf5
00000a8d
ffffce04
ffffd103
ffffa807
ffffa2a5
ffffde27
ffff51cc
ffffc34b
fffff0cc
ffffce4b
00000aa8
00003cdd
000018fb
00003ee1
00000631
00000ca7
ffffd5b7
ffffe872
ffffb832
ffff6b09
ffffaaf1
00007385
00002d3f
ffff48e8
00008c84
ffff84c1
ffffa566
fffeeb4e
0000029f
ffffff05
ffffe505
ffffdf45
0000049a
ffffece4
fffff2c8
ffffeb6a
00000aa2
fffff37c
fffffde5
ffffed18
ffffedb4
ffffe6de
fffff216
ffffdd89
fffff958
fffff266
ffffef48
fffffbb9
fffff73b
00000198
0000027d
fffff1a4
ffffe53f
fffff83c
ffffff9b
fffff777
fffffaf1
00000a9a
ffffef71
0000031d
000004ad
00000791
fffff46d
ffffebfb
ffffff22
fffffbff
fffffac2
fffff2ce
00000cd3
fffff4b6
fffff957
fffffb12
ffffef80
fffff7d3
0000052d
ffffe7db
ffffee87
ffffff71
ffffe564
fffff7e3
fffff2ec
ffffef64
fffffca1
000000ac
fffff5ff
00000074
fffff040
fffff1c5
00000298
ffffe7b1
ffffe41a
fffff92b
ffffebeb
ffffe0b8
00000983
00000b02
00000413
fffff510
fffff2d6
00000ace
000002dd
00000925
fffffbcc
fffffe10
fffff893
0000027d
fffff4ac
00000399
ffffff7a
fffff93d
00000eb9
00000c79
0000014e
0000054f
ffffff27
fffffe46
fffffb11
fffffede
fffff114
fffff846
0000073b
ffffed98
00000320
0000023b
00000405
ffffffcf
000001e3
fffff6ca
000005c9
fffff0d2
fffff57a
ffffef5a
00000799
000007fb
ffffee78
fffff71b
fffff9b5
fffffea7
fffff626
ffffe3a7
ffffddc2
fffffce3
ffffdf5e
fffff99e
fffff1fa
ffffe821
fffffe9d
fffffeb8
fffffe7a
fffff774
fffff347
fffff3be
00000a6c
fffffdb7
ffffe011
fffff417
fffffb75
00000656
fffff08e
fffff6db
fffff96e
00001206
fffff4a4
fffff02f
fffff698
fffff1c3
fffff2ab
ffffeef9
fffff53a
fffff4d1
fffff83e
000007b6
fffff92f
fffff6dd
00000c21
fffffdf7
fffff403
ffffff75
ffffebb6
fffffd59
ffffe559
0000097e
fffff48d
ffffed89
fffff8d9
ffffee33
0000075f
fffff7e8
ffffe949
000008ce
fffff047
fffff1e4
ffffee71
0000081f
ffffff3c
fffff777
0000051a
fffff698
fffffb99
000005cf
000004ac
000002c1
fffff167
fffff97f
fffff2b3
000002f9
fffff7e6
00000279
000002a0
fffff11e
fffffe53
00000b35
fffffdd4
fffff9ba
ffffe5c7
ffffef0f
ffffebde
fffff319
fffffc96
fffffbe8
000005eb
ffffe3b8
fffff9f4
fffffc10
ffffe8cb
fffff3b8
fffffb80
ffffeac9
ffffebd5
fffff13a
00000462
000005a2
00000017
000001d8
00000d97
fffff15d
0000093f
fffffecc
0000029e
fffffe71
00000d4f
00000f8a
00000b5d
0000080a
ffffff81
fffffa19
fffff741
ffffef34
fffff489
fffff924
fffffb71
fffff2d7
0000031d
ffffeeb5
fffff8a6
fffff7b3
fffff764
fffff48f
0000003f
fffff341
fffff182
ffffee1f
fffffd0d
ffffefa6
fffff96d
fffff8c0
ffffe968
fffff684
fffff300
000002ce
00000682
ffffef8f
ffffd9ca
00000dd5
0000136c
fffffd90
fffffee6
fffff50c
fffff0fe
fffff384
ffffefa8
fffffbba
fffffc6a
fffffc20
fffff8a7
0000060e
fffff261
00000c8d
fffffb34
fffffe79
ffffff96
000006d1
0000040e
fffff31b
ffffee11
000003e7
ffffe2e9
ffffebd1
fffff6ff
fffff326
000002ed
fffff5cf
ffffea31
ffffea17
fffff61e
000001f8
ffffefb9
000008e8
ffffebe1
ffffe4ed
ffffed55
ffffecc8
000005ff
fffff4f9
fffffabd
fffff28b
00000509
ffffe8ac
ffffee3c
0000024a
ffffff0a
fffff387
fffffa48
fffff771
00000885
fffffe3a
ffffe8e2
000004b3
fffff395
fffff091
ffffffc3
fffffd0d
fffff8e1
000007ec
fffff79d
00000491
fffff899
ffffe962
fffffbd5
fffff6a9
fffff5ed
ffffe350
fffff44e
000004f0
ffffdf7e
fffff783
fffff96a
0000024c
000005f6
fffffd91
fffffc4a
000004a2
fffffdf0
ffffea4f
fffffdc2
00000948
fffffb45
ffffef78
ffffeecb
ffffea9f
00000244
fffff19b
fffff04d
ffffff73
fffff9b9
000000a2
0000052c
000004b0
000008c9
fffffee9
fffff29f
fffff9d3
ffffe637
fffff009
fffffcfa
0000073f
00000605
fffffb1d
fffff055
000007d0
fffffc6c
fffffeba
00001177
ffffdd9e
fffff08b
ffffe99b
00000093
fffff952
fffff10f
00000428
fffffba1
00000c7d
fffff5c2
00000792
ffffedd7
ffffe45b
fffffafb
fffffbaa
fffff230
ffffee20
fffff8a3
fffff582
fffff55a
00000df3
0000020e
fffffa58
000006d9
000000cc
fffff1a0
ffffff59
ffffcd44
00000f9a
fffff8e3
fffffa0a
fffff731
fffff989
ffffe493
fffffea2
fffff54e
fffffbf5
00000604
00000701
ffffec49
ffffe91d
ffffeee1
fffff95c
ffffed63
fffff756
fffff800
fffff774
000000ce
fffff947
00000631
00000430
ffffe4c7
ffffff37
ffffe38d
ffffe963
ffffed9f
000006a8
000002f1
00000077
fffffa13
fffff255
fffffdff
00000f86
fffffcdb
fffff8b5
fffff121
fffff81a
00001399
000004e0
fffff48c
ffffea98
000006da
00000363
ffffee1a
ffffee68
fffffac1
fffffa6b
ffffee66
ffffeaab
ffffeb7a
ffffed6a
0000026e
fffffd51
00001265
ffffeb30
ffffef8b
00000717
0000059c
fffff11e
ffffebe5
000003eb
fffff7f2
fffff265
000008ea
fffff087
ffffda4b
fffffa97
fffff271
fffff74a
00000468
00000736
00000044
fffffa4f
fffff651
0000121b
000008f2
ffffe4fa
ffffe070
fffffe11
fffffae9
fffff869
ffffea3f
00000bb8
fffff7cb
0000031a
00000e7f
000009eb
000003c6
00000265
fffff73f
fffff2e3
00000103
ffffe730
00001ad2
ffffeb6a
ffffe52c
ffffedd5
000001ec
fffffc83
fffffcc5
fffff76b
00000506
ffffec41
fffffa45
ffffebe5
fffffe2c
fffffa20
fffffd7b
ffffff16
00000edd
0000052d
fffffd97
fffff6c3
fffffd2d
000008ef
fffff8ca
fffffe9d
fffff7d7
fffffbf6
00000609
0000014b
fffff1d1
0000005b
fffff5d4
ffffef80
ffffe245
fffff4b0
fffff327
fffffb0f
fffff390
000004ac
fffff818
000009d8
fffff956
00005019
fffed0e1
ffffa869
ffff86d7
ffffba05
ffff78e9
ffffd1fb
ffffe033
ffffb4e5
ffff3ad5
ffffd9cc
00001370
fffff03a
ffff8865
00001a47
ffff6242
0000021d
ffffee6e
fffeb2ad
ffff1441
ffffb3a0
ffffc486
ffffdaaf
000006af
fffeeef3
ffffa504
00005f3f
ffff59d9
ffffd650
00005c15
ffffd9b0
0000235e
ffff7c56
fffffe61
00003cd1
ffffd6ce
ffffe5ac
ffff9007
ffff86f7
ffffccaf
ffffeeac
ffff7dca
ffffece3
ffff7311
ffffa894
ffff0f31
00000215
00002fce
00001306
ffff7d4b
ffffaa45
00001a43
ffff6aea
ffff873d
ffff8e41
fffe8642
000026d1
0000391f
ffffc885
ffff47ea
00000917
ffff06d2
000019f0
0000875a
ffffc884
fffe9a54
00007f6b
00007975
ffffad5d
fffe7ee3
ffffbf08
ffff98a7
00001bf7
ffff4ed7
ffffd1bd
000058f2
ffff9774
fffffdc5
ffff7a29
ffff642e
ffffb4d2
ffffdcf6
ffff6f29
fffe6c7c
fffefa72
ffff8252
000003da
0000b9f5
ffffb339
ffffa91f
fffff744
00000248
ffffbbf1
00000ae5
00000aed
fffff7b7
ffffbdd5
ffffed7b
00003885
fffffc06
ffff7160
ffffafab
ffff3f1b
ffffebee
ffff3767
ffffd62a
00002da0
fffef62c
ffffac12
ffffaf56
ffffc157
ffffdccc
ffff5f3d
fffee6c5
ffffac9e
ffffd428
fffffe55
ffffadcd
ffff993e
ffffd499
ffffef49
ffffc184
ffff7d70
ffff81e9
ffff6bf2
fffebd2e
ffff791e
fffeb148
ffffbb9d
ffff91b4
00000d6f
fffeadac
fffffdff
ffffa9c8
ffffdacf
fffff557
000022bc
000023f2
00006795
fffef37e
000087b0
fffe17e9
ffffcc91
ffff9fc4
ffff2917
ffffaabd
00005470
ffff7403
ffffc847
fffef632
ffffbe0d
ffffa628
fffffbf7
ffff1abd
00008056
ffff8ac5
ffff6d9e
ffff4bda
fffff6d9
00001238
000034c8
00002076
fffeec16
ffffae2e
00003fe5
ffff73a6
ffff8a20
ffff7388
ffffdad8
ffff8ce7
000013c8
0000614b
ffffef43
fffff2ed
ffff4efb
fffff978
00000305
ffff79a2
fffec335
ffff436c
ffff9a2d
00000c15
00006a2c
fffdc357
ffffb2e2
ffffee03
ffffaf3f
ffff145e
ffffed71
ffffacce
ffffd71e
ffff812d
ffffd577
ffff7f68
ffff2428
ffffd20a
0000428a
000078f2
fffff375
ffffe4c3
ffffc4b9
00003f38
ffffbae2
0000272b
00009a4c
ffff7db8
ffff74f0
ffff6603
ffffb1d9
ffff743c
ffff39e4
00006747
ffff730f
ffffe663
fffff5e7
ffffa40e
00007a48
ffffa3de
ffff38c2
ffff986d
ffffd962
ffffc81d
ffffed9a
000010db
ffffe359
ffffc7af
fffed339
ffff3a64
ffff9981
ffff28ae
ffffa53e
ffffeb97
000069c6
ffff8600
ffffbb5d
fffffbef
000067fc
ffffddca
fffedbf0
ffffeaa2
00005a2c
ffff9454
ffff473f
fffffb76
fffea02f
0000e976
ffffdcb5
ffff10ea
ffffffd6
ffff9bc4
ffff7acb
0000dcae
fffeeaaf
ffff9ebe
fffefa11
ffff78bc
ffffc162
ffff7f91
ffffaf6d
fffff09d
ffffa54a
000013bd
ffff818c
ffffb691
ffff9b0e
ffffe17e
ffffe93c
ffff9109
000001d9
00004904
ffff6a0e
0000001e
00000053
ffffe17f
fffe8242
000017ae
000006a9
fffdf393
ffff793c
ffffa161
fffebdda
ffffb2a2
ffff7e8c
ffff1c87
ffff995b
ffffa7fa
000029c7
fffe7f86
00004d2c
ffff2a56
0000723a
ffff7f5b
ffff9fef
00003014
000000b8
ffffcdcf
ffff2fab
ffffaf9f
000006ed
ffff9131
00000240
fffff9f5
0000237c
ffff4bd6
ffff5d61
fffff9bc
fffff9dc
ffffb85c
ffffc770
fffef973
ffff059d
ffffe70c
ffff8c01
ffff74b2
000010b8
ffff607b
fffffff0
ffffcb51
ffff77a5
ffffd9f1
ffffe6a3
000049af
00004a43
ffffa31e
00000b77
ffff5860
fffe9d78
00005853
ffffa424
00000958
00000a33
ffffcf8e
ffff9723
000006ce
00008e2d
ffff9d82
ffffaccf
ffffe7fa
ffff89c6
ffff3532
ffffc512
fffed381
ffffd0b9
00001472
ffff9fef
ffffc81a
fffe9d0b
ffff4d49
ffffc14c
ffff098f
ffff93c1
ffffff8f
00003a07
ffffa2e1
ffff8627
ffff43c6
ffffbb7b
ffff0519
ffffda9a
ffffb82f
ffff5b35
fffea8f0
ffffb190
ffff8d8b
ffffd77d
00000735
ffff1a0e
ffffc55d
ffffe406
000066d8
fffff58e
ffff7ce9
ffffb64d
ffffcbd3
ffff9b95
ffff76bc
ffff8a9c
fffe5692
0000838d
ffffa695
ffff9764
ffff8547
ffffaa23
fffe5ebb
ffffc7df
ffff7dbf
ffffb65e
00002d8a
fffeca02
ffffb38a
fffee41f
ffffeaf2
00008d5e
ffffc617
000012c9
ffffe2f7
0000260f
ffffcd84
ffff7e10
fffee3ac
fffe781c
ffff7b81
ffff9ea5
ffff92de
fffffd38
ffff9fac
ffff3e8e
fffff8d6
00004303
ffffdb76
00002eba
000018a7
ffff4ff6
fffeea95
00000d6e
ffffca24
fffee60a
ffffc3da
00001f61
00000e38
ffffb532
000006ae
ffff67e8
fffed0f4
00000602
00003be6
ffff3ceb
fffee2e1
0000028a
ffffc391
ffff84bf
00000689
ffffaa58
fffe6f2e
fffe851d
00000bef
ffffaabd
ffff948c
ffff1708
ffff2b4c
fffff488
ffff38aa
ffffe4d6
00000762
00000c33
000054a6
ffff5409
ffffbd34
ffffb7f8
ffffea2e
fffec9f7
fffed031
000071be
00007d39
000033a4
ffff987f
ffff7c01
ffffb0e9
fffefbed
ffff975e
000009d5
ffff18ad
ffffd177
ffff03ce
fffe04da
0000311c
ffffbc42
000006e0
ffff96da
ffffb663
fffffd8b
000032c5
fffea969
fffefb76
00000332
fffdb700
00000367
ffff3991
fffff1ef
00003063
ffff1c29
ffffb05f
ffff1854
00003d36
ffff8dc1
fffffc1d
ffffb2a0
000008cb
ffffe5f1
ffff4ffa
ffffb60d
0000083f
ffffb423
ffff7612
fffff5ad
ffffa49d
000009e1
ffffc8b2
ffffb6bf
ffff8be2
000090aa
ffff026e
ffffbe58
ffff501a
fffffa66
00004365
00002d3a
ffffd3e4
00003c77
ffffa66f
000038b9
ffffff2c
ffff21fa
00006b1b
ffff196b
000035aa
ffff1faf
000085cd
00000195
ffffa740
00002fa1
0000ab0e
ffffd51b
000088a9
0000316c
00007ede
ffffbce0
00000ab2
fffffde6
ffff189a
00000a13
0000852c
ffff0bf2
ffff480b
0000e437
fffff40c
00002ed4
fffee979
0000320d
0000147b
00005bbd
fffffb1f
00000a91
fffff7db
0000ba52
00000f7f
00000c3a
0000051a
000056e4
000027e5
000028d9
ffffce04
ffffb72e
ffff56c3
000003e5
fffee173
ffffe1fa
0000416c
ffffd50f
000027ea
0000e3c4
fffefc84
00003a56
ffffe558
000048f3
0000003b
00005f6a
ffffbffc
00003c51
ffffc3e7
ffff6974
00003d7d
00002348
00002b68
ffff26b6
fffff9ff
ffff10bd
ffffb64b
ffff696d
00009c5f
00004248
ffff4ec1
ffffef7f
ffffa2e2
fffe4a7e
ffff5240
ffffc202
ffffb73b
ffff3199
fffff9c4
0000c5e7
000049d5
fffff63e
ffffd3bc
000085e4
ffff4b1a
0000144f
0000791f
000071ed
ffff94c8
ffffca1e
0000ac4a
ffffb1d8
ffff951a
0000b072
ffffdd83
fffff8ff
fffff522
000046fa
ffffe002
ffff2130
00009f9c
00007f5f
00002fc8
ffffc60d
ffff7ac0
ffff2c27
fffffc83
ffffa214
000024cf
ffffbf3c
ffffc96e
fffff8f1
00008708
ffffc569
00003a42
000008a5
ffff3e14
fffffe9c
000016eb
fffec1d3
ffffcf64
000085bd
ffffc514
ffff8222
ffffe4b6
0000311d
00006a28
fffed117
000062c6
00001d6f
fffe6aa9
00009589
ffff87ce
ffffd120
ffff8e9f
ffff4b10
00006297
ffff5933
ffffab9e
0000b2ea
00000af0
ffff5201
ffff9979
ffff5451
00001b3a
ffffea15
00000b52
ffffe50a
fffff1c0
00000be5
ffffd375
ffffca89
ffffd966
ffffa7c2
fffff1fe
ffffda14
fffecfc0
00007342
ffff0e0c
000000c4
000049a8
ffff4307
000057b2
fffffd73
ffffebcc
000081ab
0000720b
00009db3
ffffb7ae
fffe5898
ffffeb89
00003026
000013dd
ffff6f02
00004e12
00007616
00000c00
fffe61a5
00005223
000076b1
0000c414
ffffa8b3
ffff0fef
ffffe700
000036dd
000101ef
ffff5ee8
00000208
ffffd5ed
fffffe0b
ffff5b52
ffffd103
0000d624
fffee082
ffff44b1
00002fad
ffff8d06
00013f9d
ffffc9ba
ffff6fb8
00003a3d
0000254d
00001727
000034af
000006fa
00005856
00008b70
ffffd610
000023ec
fffff552
000059b1
0000b463
00005153
00000e4b
ffffb6d9
000001d4
00004009
00002e04
ffff3d49
0000d677
ffffb603
fffe74d0
ffff9e02
ffffd4a4
ffff6312
ffffd13a
0000bfd5
ffff6b51
ffff316a
00001153
fffef178
00011c66
0000eaa1
ffffd7eb
00006dfd
000026dc
00006237
ffff76ff
0000d69a
ffff9b3b
00000e74
ffff6e5c
ffff3667
00009961
000025aa
0000399f
ffff2d01
fffefbe5
00004f9f
00008004
ffffc86e
ffff7f81
000028a5
00000458
ffff84fd
ffff206f
00001cd1
ffffe21d
00000a5c
00000dd3
fffee48a
fffe88be
00003823
ffffc304
ffff9b92
0000224d
ffff78a8
00001889
ffff29d3
ffff6115
00004591
ffffc6c6
fffff79d
fffff0ee
00009e11
fffe774a
fffefabc
fffeeff4
00003c3f
ffff046b
ffff9215
00000dd3
ffff93ee
0000283a
ffff318a
ffff9fc2
ffff58e2
00005d46
fffff5a0
ffff10e9
ffffb93d
00004c39
fffed92c
ffffbfda
ffffeb5f
fffff83d
ffff3fdb
ffffe0e6
ffff67c1
fffffbb6
ffff8f5d
ffffa622
ffffc0c2
ffffd564
ffff7fe9
ffff37e8
ffffd7ec
fffffbde
ffff8afd
00001ff0
ffff5dfd
ffff6d53
00001a4f
ffffb0bf
ffff9e69
ffffc464
ffffc10f
fffff760
ffff9bce
ffff8110
000032ae
ffff7b28
ffffaa20
ffffd59c
ffffa5af
ffffd086
ffffd5ef
ffffd12b
000020b5
ffffc40d
ffff9c05
ffffa7f8
000013ce
ffffee63
00000a2b
ffff1f3f
000035c2
ffff94ac
00000aee
fffff0b0
ffffcdd1
00000ada
fffe71b2
00003913
fffffb7c
00003bbc
ffff4a69
ffff5d6a
ffffd9ee
ffffb6b2
000031a5
ffffb118
fffff6a5
0000137b
00005f7f
ffff948c
ffff8a74
fffff0ce
ffff941f
fffede14
00002175
00005675
ffffaf7b
00005722
00001b80
ffff8185
0000ee0b
0000749c
ffff7860
00001183
00004dda
fffffc05
0000228e
00004efc
00000584
ffff210f
ffffd9ff
ffffce78
ffffb895
00004586
0000055c
00001a05
ffff03d8
ffffef8d
ffff6d4c
fffff58e
ffffb504
00001944
ffffeba2
ffffe630
ffffb844
fffed36c
fffffa97
ffff566d
00005c44
0000297c
fffea30f
ffffefbe
ffff19c2
ffffd6ba
ffff9e55
00000e51
ffff35d4
000053f2
00008d1b
fffff33f
00003184
ffffe150
00001e8b
ffff88ac
ffff675a
fffff025
ffff959f
00000377
00006ba1
000006aa
00007729
ffffe16b
ffff260e
ffffa53d
fffef689
ffff4c0c
ffffb6c0
fffff812
ffffb46d
fffdef77
00005630
fffff48d
ffff2a4b
ffffaaa9
ffffa6e8
ffffe897
ffffd865
ffff9c8c
fffeece6
ffffaea9
fffff4b4
fffe8f63
ffff8fc7
ffff920f
ffffb72b
ffff9214
00002bb2
ffff614b
ffff000a
00001288
ffffc8a5
ffff69c6
00008d46
ffff8496
00006b6e
ffff79eb
00002fc0
fffe9b3b
ffffd412
ffff5a40
ffffbd63
ffffc1c6
00003e4e
00001808
ffff8d04
00005bb3
00007204
ffffac24
ffffa62a
ffff7e8c
0000258d
ffff0570
00002990
00000253
000014ab
00000719
ffffc5dd
00003143
ffff5836
00003018
ffffac89
fffef641
ffff5cd3
00008a26
fffef6b5
00001049
00003705
fffe5473
ffff9ff4
00000137
ffffd9c3
ffffc66f
ffffea21
ffff7c2e
ffffd004
00002e51
fffff6b0
00001a49
ffff801f
00000613
ffff8d6e
ffff66b2
ffffad79
ffffe778
ffffe3ce
ffffc11e
ffff9b1a
ffffd223
ffff4f26
ffff8af4
ffffa005
ffffd31c
fffff49b
000031ec
ffffa117
ffffe63c
0000725a
ffffcab7
ffffc4e2
00000246
ffffa57c
000043ab
ffffe3d5
ffff7eaf
ffffd52a
000010fe
00000e6c
ffff6ab9
fffffcfc
ffffac22
ffffb84a
ffff3f23
0000258f
00000892
fffff4ed
fffeb9fb
ffff7db2
ffffbbe9
ffffea74
fffff21c
000046da
ffff5534
ffffee73
ffff8602
0000329c
ffffc908
ffff9ee4
000072a2
ffff42b8
ffffd3a0
00005fbf
ffff22a6
ffffe0b2
ffffe9de
ffff7169
00000397
ffff3391
ffff8234
000040e4
00000a7e
00000a33
ffffffc8
ffffef8f
ffffec94
ffff7241
ffffec70
00000814
ffffe407
fffff7e3
0000121b
ffffdae0
ffffb9b1
fffeba60
ffff2e25
00004376
ffffacc7
00005ee9
0000078e
fffffd6c
fffff20f
ffffe331
ffffb877
fffe2bfc
ffffe667
00001d5f
ffffe85a
ffff936f
ffff85bd
fffff9bb
00002631
ffffdd8d
ffffdc04
ffff9384
ffff9af0
fffff773
00001404
ffff9570
ffffbd8c
fffff131
00004c04
00006f29
000001ef
fffff77b
fffee54c
00003b22
ffffc4df
00001419
ffffd0b7
ffffdcbf
0000566b
ffffee5a
00006e4c
00000eef
ffff3c34
ffffac06
ffffd903
ffffaa7b
fffff326
0000266d
ffff9795
fffef332
000029d1
00001158
fffe8c46
ffffdbad
ffff979c
ffffe72d
ffff7807
ffff77c3
ffff48e8
00000259
00000599
000057d6
ffff557b
ffffb9f5
fffff022
ffffa030
ffff40d3
ffff839d
00007fa1
ffff9f4b
ffffd0f5
ffff1b76
ffff6d66
ffff6f89
ffffb3e8
ffffca13
00003001
000015ab
fffeb784
fffff0c1
00000de1
ffffefe4
ffff7311
00000eee
ffff0869
ffff6d00
ffffc5c7
ffff471e
fffff439
ffff1a51
fffeed07
ffff96e7
00003b09
ffffb961
ffffcae8
ffff2689
ffffb793
00000473
fffffaae
ffffff0a
0000490f
fffed8fb
ffff6b45
ffff70b8
00000ee6
ffffb157
ffff830b
000061fd
fffff4c6
000004a7
ffff6dea
ffff6c0e
ffffeb09
00003991
fffff731
ffff9c51
ffff7781
ffff950d
000006e1
0000022d
ffff56cd
00001e25
ffff6c6c
ffffff31
ffff9575
fffffd4a
fffff981
ffffd374
00005c97
fffefad8
0000524a
0000086c
ffffff2a
ffff6cf3
ffff1666
ffffced9
fffff974
ffffae90
ffff8c32
ffff94d9
fffef101
ffffe3ec
fffff144
ffffb915
fffff45a
000001fd
ffff79bf
fffff1fa
ffff31eb
ffff7751
ffffb827
ffffc097
fffff6bc
ffffb95f
ffffc9ed
ffffde88
fffef6df
ffff8ad6
ffffd50a
ffffd714
fffff6db
ffffe7b8
00000a8f
00000490
ffff9f32
ffff839a
ffffd59a
ffffaca7
fffffcf1
ffff1d1f
0000275f
00002bce
ffff30a4
fffef36b
ffffed93
fffea479
ffff7945
ffffc7f5
ffffcdf9
00005903
0000955d
fffff455
00004ffa
ffff9472
00000420
ffffe72c
ffffb0fd
ffffd8e7
ffffe6de
ffffc685
0000abc8
ffffd5b4
ffffd5cc
ffff48ae
ffffc290
ffffbdc0
ffffb89d
ffff8788
00002528
ffffcf34
0000affb
00002c31
ffff50bf
0000296f
fffe0fda
0000379e
ffffa07d
ffffeccc
0000c8a5
0000af24
0000178e
ffff7cb4
00009577
ffff2601
00002596
00003990
ffffaadc
ffff4095
fffff6ca
000093b5
00003441
ffff7448
ffffa5c6
00002774
000068c4
0000e9ed
ffffd38d
ffff5277
fffffb79
ffff73ce
0000889f
ffffb8ca
fffff6ff
00003716
ffff8291
ffffcf12
00003520
ffffd4c5
ffff8671
ffffee19
ffffbfa7
ffff3355
00002950
fffeb6bc
00000622
fffe8aca
ffff12fe
ffffcf48
ffff9e5f
00006cfb
ffff6ded
00000c07
00009f6f
ffffc157
00000cd9
ffffd604
00002e97
0000050f
ffffd3be
ffff972b
fffe8a81
000016cc
00000220
ffffe8f9
00000395
00003afc
000011a7
ffff4cfe
00008224
ffffd1e6
fffff5bb
ffffe0ca
0000aa80
ffffda9a
fffee1aa
fffeecb0
00005be8
00004965
ffffa2bb
fffffae1
000058f6
ffffbc6a
fffeaa75
00002c5f
ffff9ce9
ffff1413
ffffda54
00000484
ffffc592
fffffebe
fffff36b
ffff2da1
ffff4f95
000026f5
0000c8c1
000081f4
ffff667d
fffffcac
ffffc533
ffff47fc
fffebe93
ffff1008
fffebc5c
ffff810c
00001de9
00001617
fffef006
ffffbebd
ffffc106
00009969
ffffda95
000016ee
00004067
ffff6eb0
ffff999b
ffff4929
ffffef2b
ffffb4cd
ffffb32d
ffffc6cd
ffffc902
ffff4392
ffff1cb5
ffff8280
ffff8288
ffffa5e9
0000328a
000056a2
fffeead1
00009fb5
ffffe893
00000ff0
000024a7
fffea440
ffff83af
ffff410c
ffff9335
ffff818a
fffeb527
ffff3656
00003ac0
ffff36af
fffffb0b
00002d2f
ffff583f
ffffdf88
ffffcb7e
fffebaf6
ffff38e7
00004311
00000515
fffec8de
00000ad6
ffffc253
ffff4032
fffff49d
ffffc0fa
ffffbd26
fffed41d
00002f6a
00000175
fffff566
ffff3303
ffff7b91
ffff2a87
00001fba
fffefb99
ffffc08c
00001227
ffffa8c0
00003f5d
ffff7d11
fffef9cb
ffff30f8
000061a5
ffffe550
ffffa76f
ffffbba6
ffffbfd1
0000949c
0000265d
000071d1
fffebe4d
ffff5a76
0000229f
fffebc00
000023d4
ffff9bb4
ffffff7c
ffffc8e7
ffff80b8
ffff77cf
00004625
00002ccd
000019a4
ffff868c
00003206
ffff4f2b
00008197
ffff6885
ffff9fb6
00002249
00000ec0
fffed4ca
ffff6f86
00002ddf
ffffb839
ffff7caf
ffff6d62
000069ff
ffff8da8
ffffc352
ffff6d18
fffeffda
ffffe217
00003716
000014ec
ffff7dd4
fffff62e
ffff969e
ffff4416
ffffccfb
ffff907f
000015c9
ffff378c
ffff46bb
00005bbe
ffffb550
fffe31c7
ffffd128
fffeb46c
ffff7f31
00001ca5
fffe4da4
ffff72b6
ffff6917
ffffa092
00001016
ffffa2a9
ffff5290
fffeea82
ffffd516
00001d07
00001a65
000011f4
ffffebfc
000008f5
fffff4a1
ffff9fce
00001b5d
ffff1587
ffff2d03
ffffe42b
ffff62c1
00007996
ffff8fd5
00004a1b
ffff9298
0000589c
00000d9a
00000894
0000af5f
ffffe028
ffffe418
ffff7f2a
fffff8ee
ffff0de6
ffffc5ec
fffff087
0000d618
fffffca8
00006dfc
00002cc6
0000783a
fffff19d
ffff2225
fffec0b0
ffff9edf
000005c8
ffffb13b
ffffe263
00004788
ffffe66f
000058da
000033f5
ffff8bb1
0000e1a0
00002df5
ffff0580
00006050
00006dfc
00007319
00006e27
ffffdb1c
000013fe
ffff565c
0000683f
00001433
ffff31df
ffffcca4
fffff0df
ffff450d
00002af7
ffff9e80
000013db
0000c4b0
0000d94b
ffffedfd
00008034
ffff0bbe
00001c5c
ffffce18
00001c99
00007707
ffffe812
00003d30
ffff641f
00001224
fffff6e2
ffffd642
000077c0
000004a2
00000df5
00000020
fffed6dd
0000494d
fffff624
0000440c
00005703
ffff9f22
00003370
fffe634b
fffe18c0
0000ec4a
ffffe01d
fffffeb7
ffff99f3
00003855
0000048b
ffff9618
00003f79
ffff9538
00007e77
fffffa33
000014b8
00002e76
00003c4d
00008c78
0000b4c7
000042b7
ffff94e2
ffffaef2
00000006
00000498
00001294
ffffd72b
ffffedfe
ffff29f3
ffffc486
00000a4e
ffff4f19
ffff6db2
fffffd82
ffff93b1
ffffd2ee
fffff3fc
ffff66c4
ffff4d7b
ffff8507
ffff6fb0
ffff4fc1
ffffc1b7
ffff28d6
ffff3dec
ffffe0cb
ffffa808
ffffdcda
0000f379
00008caa
fffee0d5
ffff8bf1
0000792c
ffff8b84
ffff8b29
ffff94a6
ffff4039
0000c2aa
ffff5d22
00000b8d
ffff9608
ffffab24
00007669
ffff4e4d
ffffadfb
ffff8881
ffffc83d
0000434e
ffff6aa3
0000a30b
ffffbbda
fffefed3
ffff4d6d
0000216e
0000abf0
ffff738d
0000104e
00006e4d
ffffce04
0000580c
ffffd1d0
00002dec
00003a66
ffffafbb
ffffe6cc
000027d6
ffff98d4
fffff368
fffff3cd
ffff910d
fffff4a1
ffffb405
ffffe680
fffffc95
fffff50c
ffffd1a5
ffff39cb
00008fe4
ffffb9cc
00006a1b
00001e12
00003971
ffffa903
fffedae9
ffff18f2
00000be4
ffffecae
ffff1378
00004570
ffff62c7
ffffa6d1
ffffde74
ffff8ce1
0000211f
0000b609
00000743
fffff5c5
00007231
fffff394
ffff9d44
0000043b
00001be4
00001338
0000014e
ffffdddd
ffffb178
000096ae
00001cde
ffffb1e8
00002c30
fffeeb7f
ffffda83
0000291c
fffff00e
ffff3e69
ffff01af
ffff3dd4
00001b9a
ffffbe0f
ffff1992
000025d3
fffe4d8f
ffffdf71
00000e73
000009f8
ffff613a
ffffa352
000118db
ffffe118
ffff2a88
fffff9ea
ffff46e2
000077e1
ffffd5e3
00000cce
ffff5c75
ffffc775
ffff9635
00002d37
ffffe344
ffffe22c
ffffc28c
ffffcd36
ffffeb42
ffffab40
0000cbfe
00002a88
ffff83b9
000019c5
ffff604c
000078d7
fffefade
000023d1
00003b2c
ffffccbb
ffffd133
ffff3e2e
ffffcef9
ffffbb4a
ffffd7ea
00002010
fffffa33
0000f35d
00000cf1
00013aff
ffffdc32
ffff7b99
fffe0ea5
0000b1ec
000057c9
00004bca
fffecb01
fffe4624
ffff68cd
0000b557
00002cee
ffffd0ca
ffffd7f0
00005674
00000ac7
00004042
fffffea4
0000a844
ffffbd59
00001ac6
fffffe83
000041fc
00013e75
0000194d
ffffc0ed
ffffefba
ffff79ac
000060bc
0000436f
00005112
000040c1
ffff962d
ffffe450
ffffe00f
ffffac75
00001c82
ffff3c1a
00007a95
ffff7715
000038ae
ffffdbf7
fffffd2b
00000e88
ffff9cdd
0000250a
fffe8c89
ffffe78c
ffff4395
0000154a
000072d7
ffffd9bc
fffeaff1
ffff4f84
000006fc
ffff0f5f
ffffbed0
fffff7eb
fffffe7a
ffffbaa7
fffeca3a
fffff321
000012fb
00008766
0000360a
00006cdc
00006277
0000109b
ffffb31d
ffffb633
ffffdf73
ffff93ad
ffff2de4
ffffb02d
000047a2
0001725d
ffff00cd
00005243
fffff941
ffffe43f
ffff35fc
0000848c
ffffe133
00005a7c
0000239e
00007d5e
0000729b
fffff7f1
00001a97
ffffe408
00009345
ffff843a
00005b2f
00009e76
000002e7
ffff84b9
fffff186
0000199f
00004f13
000050c8
00002882
00003799
00008b0e
000037dd
ffffadb8
00000dd2
00004d83
ffffcb83
00007507
ffffe4ae
ffff5d3d
ffff27a3
000021cf
0000ad94
fffff322
00007347
ffff7a91
ffffeaa2
000003a2
ffffe272
ffff8ba2
00005569
ffffbc08
00001e43
0000513c
ffff6700
ffff67ea
00002ba1
00001a2f
00002e54
ffff9410
000032e4
ffff76da
ffff6e73
ffffe1ed
00005a2d
ffff214a
fffff896
fffff328
ffffb0c8
0000029e
0000b4d5
0000a113
ffffc098
ffffd50c
00002581
ffffe87d
ffffa957
000050b7
ffffbadc
ffff74ae
fffec2f8
00006bca
ffffc8e1
fffff959
00002fc4
ffff98d7
00002ee9
ffffc116
00000e14
ffffd3fe
000018b5
0000634c
ffff1584
ffffef70
00011e42
0000d94b
00005f51
ffff4145
ffff7152
ffffc6e5
ffffc271
ffffecd2
ffff542a
ffff2234
ffff1d27
ffff5f6c
ffff585c
0000310f
fffe77af
ffff91e1
ffff19a9
ffff82d4
ffffeeb6
fffedaa1
00003396
fffff4e6
fffff042
00001c28
00003132
ffff4567
ffff84b7
00009451
ffff1b53
00007be6
000014e8
00003e79
ffff8da9
ffff21cf
ffff59a9
ffffd768
ffff5f59
ffffedaa
000023d2
ffffd6a9
00005c5d
0000031f
00002089
ffffe25c
fffff772
ffffe922
0000158a
000053a0
ffff8d9a
00007e81
fffff3e6
ffff950d
fffff38a
00004cac
fffffcb2
ffffbf79
0000d7a9
0000db99
00006df3
ffffce5b
ffffb5f3
fffefd0f
ffffc61f
00006178
00005a30
000002af
0000ce05
000037cf
00003df3
ffff4d7f
ffffeeaf
00001294
ffff8db6
ffff932b
00000839
0000344c
ffff924b
fffff216
ffff9424
ffff8ff8
ffffc66b
ffffeeb8
ffffed0d
ffffcd58
0000582b
00000623
ffffc3ac
ffff6cd7
ffff5922
fffe50d1
0000593a
0000376a
ffff4da7
00011761
ffff7716
00001ead
00012878
ffffe468
ffff3c6a
ffff6b98
00001637
0000b2e4
00004473
00013f2b
ffffbb49
00006d74
00002ddb
ffffc88b
fffff090
000019ae
fffed29e
fffff254
ffffd30e
ffff7d9d
ffffdd70
000019e7
00001418
ffffb2f1
ffffea40
fffe7de3
00001d73
000095f7
00000d49
ffffaf86
00001a79
00008711
00005e3b
fffffe12
ffffa708
00003c62
ffff5e70
00001e95
ffff2037
00009183
ffffffa6
ffffed04
0000ea02
00008b7c
ffff6b79
00004a80
ffffca9e
00002aa5
00000578
ffffe349
ffffb5af
00001c59
ffffc227
00004124
00005632
00003a9d
ffffea95
ffffbbb8
fffff9a3
00008369
0000a1c0
ffffaee9
00008b95
ffff1096
000013a1
00019430
00013701
00007889
ffffe08f
ffff4c0e
00001b70
fffedfdb
00003a44
ffff457e
fffed932
000009f3
ffff29a4
ffff5fc8
ffffd22b
ffffbdf1
ffff95b4
fffefe64
ffffcd0a
ffff790f
00000a41
ffffd276
000076d9
fffef038
000034bf
fffeff91
00002d6e
ffffa042
ffffa882
ffffed8a
ffff5753
00004831
ffffe46c
0000bee0
00005c7f
ffff386c
ffffd342
00006c21
0000066d
00006894
ffffba0e
000092bc
fffeaf76
ffffbdb8
fffe9b16
fffeed95
000065ee
00003063
00001c5d
ffffad33
ffff9dd4
000078bc
ffff2963
fffe7c50
0000514e
ffffe2ad
fffe3c28
00009224
ffffb217
00005e50
ffffc8a8
000052e0
ffffe316
ffffdc1a
ffffb322
ffff64d9
ffffa193
ffff30d7
ffff7fb8
ffffdec0
ffff6fdb
ffff6348
ffffee7d
fffed653
fffeed7d
ffff35a7
000063ab
ffffc5d8
ffffd2c7
ffffcf96
ffff25b7
00002edc
000018ed
ffffefa4
ffff8c0a
00005887
000017bc
fffff4b1
0000120a
ffffe1d9
fffeb396
ffffcb64
fffffcd3
ffffc062
fffebf34
0000195e
ffff6a7c
00003dea
00001b1e
00001b7c
ffffcf84
ffff14c6
000017e8
00005598
0000da0b
ffff2135
0000c858
ffffe0e4
ffffe3ca
00004e23
ffffbefd
0000425b
fffeef33
000072cc
00007873
ffff7b6d
ffff5125
00001af5
ffff930c
fffea2e1
ffffd5ce
fffff30d
ffff9ba4
fffe58df
ffff1833
fffeb5b7
ffff8315
00003908
ffff9729
ffff3f84
0000dfdf
ffff7616
ffffab2e
ffffdd37
00002cb8
fffe6e2a
ffffadcb
ffffcadd
ffffd749
000031d8
ffff4f5e
00003f90
ffffb9a6
0000bd7f
00005f2a
ffff48ed
ffffe3d3
0000a934
000009e3
fffe340a
ffffd0c6
000022b1
fffff25d
ffffc4ea
00002580
000038b4
000033a8
ffffa004
fffff636
ffff8a10
00001101
ffffba22
00005ca7
fffec033
00002251
ffffce21
ffff9992
00008e68
00001171
00003021
ffff32f4
00005e53
fffea13a
ffffdb74
fffe6eec
ffff3c61
ffff421c
fffed2c3
ffff4f3c
ffff84f4
ffff7f0e
ffffc356
ffffb457
000014ee
ffffd292
ffffa496
ffffbd67
fffe7562
ffff51d7
fffee3a7
ffff8acd
00006fab
ffff64d2
ffff17f4
000011e6
ffffd63e
ffffc3e9
ffffb12f
00005cf9
ffffe1e9
ffffdf87
ffff9241
ffff9b4e
ffffeb46
ffff1705
00001b75
fffff003
00000f04
ffffe4c0
00004606
0000d21a
ffff9a33
ffffbc3d
ffff6540
00000b8f
00004230
00002fec
fffef6cc
0000726d
0000752d
ffffb213
ffffa7e1
00003596
ffffabd6
fffff59c
ffff7862
ffff9e0b
ffffd668
ffff9643
0000024a
ffffd5d3
fffffeb5
fffffc1c
ffff1beb
ffff3795
00006821
ffffdc82
ffff9e8b
00002257
fffe8a59
00003ecc
00002757
000001c7
ffffa59e
ffff3e3d
ffffb798
ffffd234
ffff50e7
ffffd035
fffff78a
fffff554
ffff2252
00000ff6
ffff7e6c
ffffd0e6
ffff79bb
ffffb1c6
ffffa221
00002d35
ffffeed1
ffff6640
ffff62b6
ffffa48a
ffffe697
ffffc381
ffff4bf7
ffffbbff
00000c3e
00001dad
00001d6e
000024cd
00000ce3
fffee798
fffe7ec2
00002d9c
ffffcb37
fffede11
ffff2ee9
000023fe
000025df
ffffe42b
fffe8959
00001dc5
ffff5a97
ffffc7b3
00000806
ffffb62f
00008502
fffeeb78
ffff49c0
ffff83b6
fffffa3c
ffffff30
ffff673f
ffffef5a
00001884
ffff92cb
fffeba75
fffef4d2
ffffe7cd
ffffd91e
ffffb2e8
00003633
ffff7aae
ffffd3a1
ffff8127
ffffa621
ffffae53
ffffe9ec
00006284
ffff83e8
00000b02
ffff970d
ffff9f71
ffffc355
ffffa7b6
fffefa17
ffffa772
ffff082d
fffec9ce
ffff24c5
ffff84b8
ffffaad9
0000874d
fffe9f2a
00002bdc
000009e9
ffff7753
fffffed1
ffff9557
ffffdfe6
fffeba05
ffff67bb
00006bcc
ffff4645
ffffd494
ffffd203
0000ac7c
00003690
ffff99f8
fffff1e7
ffffd5b9
ffffd041
fffea512
00003cb0
fffef7c9
ffffc687
fffefffd
fffffd93
00001d4f
ffffd1e1
000021b7
ffffaf58
ffff7a12
ffff4f6e
ffffcef2
ffff7b97
0000bb62
00000cb4
00007818
00004de1
ffffed21
00008313
00000ded
00001871
ffffada2
0000104a
ffffa7a2
00002c0a
ffffb9bb
ffff22ce
ffffc4e7
00002721
ffff466a
ffffe63f
0000442e
ffff2a98
ffff9c1d
ffff7e40
ffff978e
fffee27a
ffffa8d1
00004f58
ffffccee
000034a0
ffff58e5
00003a6a
ffff4d60
ffff14cb
ffff622c
ffffe74a
00004db1
fffee767
ffff445e
fffde9c3
ffffe270
ffff5780
ffff95a3
00002a6b
fffff17f
ffffef74
ffff5de4
0000456f
ffffc2ec
fffff026
ffffd19c
ffffe1bb
ffff7429
ffffa824
ffffb2a1
ffff5ee7
ffffbbff
0000576b
ffff6090
000014f2
ffff7556
0000018f
ffffa6d9
000052d1
ffffae1a
fffffaae
00003ba8
0000207b
ffff6771
ffffd11f
fffffe60
ffffbad3
ffff90ca
fffee362
000003f0
00000c00
ffff53d6
ffff6605
00007da4
00007397
fffff4ee
ffff78e8
ffff1b84
ffffb47c
ffff9b7b
000058ee
ffff199e
fffff00e
ffffb6bb
000040bc
ffffc5f6
fffff048
ffffedfe
ffffff6e
fffff7c3
fffffc73
00000078
fffff34e
fffff0e6
0000002f
00000474
ffffedf7
000009af
00000342
fffff9fd
00000608
ffffeed2
fffff228
fffff54f
fffffc9f
fffff3a4
ffffef9d
ffffe9ac
fffff6ea
000004bf
fffffcb9
fffff7e6
fffff2c2
fffff6b3
fffff565
00000183
000000a0
ffffef1d
fffffc08
fffff089
ffffff1b
0000018f
fffff22d
000003d5
fffffb3e
fffff528
fffff172
fffff8a1
fffffffe
00000459
ffffec48
ffffefaa
fffffdcb
fffffd69
0000042c
fffff1d7
ffffe4d7
fffff65e
fffffcd7
fffffe0d
ffffefa4
ffffff98
00000414
fffffa87
fffff6d6
000000ca
00000c56
fffff2df
fffff7ec
00000bab
000004ac
fffff5e9
fffffa8c
fffff8a0
fffffd74
fffff0fd
ffffed96
fffff0ac
fffff2ed
00000221
0000078a
fffff5f6
fffff29f
0000003c
fffffbad
00000256
000004b7
ffffee0d
ffffeace
00000953
fffff7da
fffffdfd
000004d4
00000a8a
fffff7a9
0000098f
fffff52a
fffff439
fffff537
0000085a
fffffa3d
fffff57d
00000b64
fffffed2
000007c0
fffff5fb
000002d6
fffff987
000008a0
00000d10
fffff091
ffffe7bc
ffffeebb
ffffebd0
fffff53e
00000799
00000cb6
fffffa19
00000798
fffffb24
ffffeeed
fffff338
fffff8c1
000009ac
00000723
ffffed64
ffffebb1
fffff30e
fffffcc4
ffffefa1
000002c6
0000073f
fffff243
fffff8a4
0000004d
0000002a
000008db
ffffe66b
ffffeef8
fffff8f7
fffffc36
ffffef72
fffff5e5
ffffe721
fffffb58
fffff80c
000005ab
fffffc4d
fffffba4
ffffff10
00000773
00000030
fffff77d
fffff28d
fffffeb9
fffff1dd
fffff9ac
fffff2e2
fffff8ab
fffff181
fffffbc8
fffff7f1
00000289
fffff39f
00000f91
fffff1fa
ffffe7af
000009c3
fffff4aa
00001014
00000aa4
fffff4f0
ffffed4f
ffffe566
fffffdc0
00000645
00000771
fffff3f3
ffffeeeb
ffffefb6
00000346
fffff31e
fffff0c7
00000577
fffff20c
fffff0f3
ffffed73
fffff583
00000061
fffffb90
00000364
fffff873
fffff379
fffff2cf
fffff38d
fffff883
000004f3
ffffeeb2
0000010d
fffffad2
fffffc52
fffff105
00000393
0000074c
00000090
0000019a
fffff529
fffffc91
000001d7
fffff1f3
fffffd02
000000c2
fffffb67
00000817
000007fe
fffff86e
fffff713
fffffcbf
ffffff83
fffffdc8
fffffa98
0000093c
fffff8fc
ffffff13
00000456
fffff915
fffff681
00000394
fffffeb0
000001c0
00000d49
ffffeff7
fffffccf
fffff10b
fffffd05
000003e9
ffffeff7
00000b85
fffff3a8
00000839
00000ac3
fffffc94
fffff94b
fffffcb4
fffff4ec
fffffe6c
fffff37a
fffff41e
fffff483
0000085f
ffffeec7
000007fd
ffffef98
fffffcaa
00000311
fffff414
fffff249
fffffe1f
0000091b
fffffdef
ffffec75
000008b2
ffffc58f
0000a6a5
ffff45ce
000037b5
ffff535b
000036eb
ffffbc26
000007a0
ffff931f
000018df
ffff6867
ffffc4a3
ffffcc10
00003c96
ffff6e5b
ffffe84e
fffffd72
0000ad74
ffff1a70
ffff7134
00007d15
00005c73
0000acc7
ffff6116
000013c8
ffff75c3
fffff2c9
ffffcaca
ffff78d8
000066ea
ffffeddb
ffffae55
00005983
ffffcf85
ffff4226
ffffc711
ffffd959
ffffea52
ffff4b2b
0000077c
000067f6
ffffa1f2
ffffece1
00001988
fffed0b4
ffffb977
ffffdcf7
ffffb96b
ffff3b3a
ffff1e47
0000251d
ffffda98
ffffa63c
0000b51b
fffffea6
fffff647
ffff99bb
00003df1
0000350a
ffffbb4a
000017a9
ffff6e42
ffffccf2
ffffd3ab
fffff16d
00000491
ffff6049
ffffdead
fffffeae
fffe1fd0
00004562
ffffe271
ffffc859
000000d7
ffff9968
ffffd948
00003d77
fffff95b
00005fad
0000926a
fffef5ad
ffff9fe0
ffffd70e
ffff670f
000047f3
000022b6
ffff6ffd
ffffc419
ffff96be
000078d2
ffff7f98
000033e1
ffff9f9d
00005930
000098a1
fffff4c4
ffff9ce1
ffffb61b
fffffa06
00009c72
00001ad5
0000fe06
ffff1bdd
0000d2f0
ffff2b3a
00002f31
0000220d
ffff616a
000016ef
00000bfc
ffff0bd7
000075ce
ffff022c
ffff8c78
fffeb2fb
fffff2a7
000074ff
ffffa1dc
000051a2
ffffe0c6
fffffb0d
ffffab44
fffee9ee
ffffd48d
00006ad6
ffff2d26
00002cbd
ffffd3b3
ffff139d
ffff6c8a
000046c5
00002f24
0000738b
fffe9d8f
fffff145
ffff7af9
fffe88ec
0000295f
00001be1
00003cb0
0000f41a
ffffa221
0000701e
ffffe980
ffff070f
000077fb
0000765a
0000fd5d
000046f4
ffff521f
000024bf
000036ba
ffffcd2a
ffff6467
00000df7
ffffa519
0000dc4f
ffffa92f
ffffffba
0000f801
ffff7790
ffff6549
0000566d
ffffb1ff
00005f04
0000a88c
ffffd256
000024f0
fffff0dd
ffffdefe
fffface8
fffff876
00006955
fffff401
ffff3171
00001392
0000ad48
00004f7b
ffffd9fa
0000779d
ffffdffb
000027c0
00006fcd
00006157
ffffe19b
000033cc
ffffe25b
000002ed
0000462c
ffff3ffe
ffffd4bb
ffffc9eb
fffeb6ed
0000a3f0
ffff9c09
ffffe784
fffffec2
ffff42df
00001c17
ffffa3b2
00000244
00003e3e
00000185
00001f51
ffffbe69
fffffb4b
ffffb964
fffff2fd
ffff71ab
0000858c
ffff62e9
000082c1
fffff010
00001b91
ffffef05
00004616
ffffdef7
ffff9786
00000b4d
000081f4
0000d100
ffff6661
0000366c
ffff5690
00001f15
0000a3a4
fffe6b61
ffff4f80
00000bc8
ffffb67a
00003f37
00005263
ffff9d9e
00009577
000055b7
ffff6da8
00008384
00007b77
00005b42
0000f38e
0001056a
00005fbd
000091a3
ffffc434
ffff5c52
ffff7614
0000aaa0
00002e5e
00005a8e
00004439
00006094
00000b57
ffff78e7
000013d8
ffff82a3
ffffe225
ffffb2d7
fffed4eb
fffde845
fffe2f6b
ffff872b
000005fa
ffffcc3a
ffff626a
ffffd6c1
fffffbde
ffff96fd
fffffc61
ffff9b57
ffff0e7f
ffff6d73
000041cd
00000c44
ffffb435
fffe6391
ffffe1f0
0000cce5
0000686b
ffff719b
ffffa54a
ffffa95d
fffeeeb3
ffff39c4
00003b0e
ffff8438
fffedbfa
00007f6d
00003127
ffffcd20
fffff742
fffed55f
ffff349f
fffed895
fffe1ddc
ffff97d9
ffff0237
ffff1959
000013c4
ffffddf5
ffffa5f0
ffff689f
fffe70cf
ffffbc93
00007b62
0000259e
000070f0
fffede3c
ffffe803
ffffb25b
ffff9d71
ffff400e
000092e8
0000abb9
00001db5
000050ab
fffffaf4
ffffe8a8
fffcbe62
ffff3a7e
fffeaffc
ffffcb1e
ffff5d65
fffe4927
00006421
ffff959c
ffffab4f
ffff749c
ffff60a9
ffff7e09
ffffb744
00000092
00002426
ffff96a8
fffff67f
ffffb4c1
ffff9db8
fffe65c9
000006b2
fffff25f
ffff53a8
ffff20e4
ffff9bec
ffff4fb5
ffff4f79
ffff2cb3
ffff6cf0
ffffd1e9
ffffcb3a
00001bd9
fffeea6f
ffff31d0
0000086d
ffffd0e3
ffffbe65
ffffcdc9
ffffb031
fffe7d90
fffe3afd
fffe188d
00004216
fffec51e
00002e3e
00008bff
000037d4
00001e21
ffff7070
000055f7
0000152f
00001041
000031f1
fffffb46
ffff68af
ffffc72f
00003d2a
ffffe4ba
00004e28
ffffcdf8
00005eac
fffec54a
fffedd3e
00000203
ffff4513
ffff931a
ffff1fcd
fffeb4aa
00003d94
00001733
ffffeade
000044b4
ffff6542
fffe6f9c
ffffc848
ffff2463
00003de6
ffff0a96
ffff8b48
ffffa2f2
fffebda8
000022b9
ffffb940
fffd812e
fffe2bce
000005fd
fffffdbc
ffff868b
fffe6078
fffffe85
ffff1e68
ffff276f
fffe485f
ffff866d
fffe1647
fffe3d44
0000aef3
fffff6f7
0000b6e2
ffff2776
ffff3e1f
000089df
ffff2696
ffff5a12
ffffb435
ffffcea6
ffff1c4c
fffee262
00000183
ffff6cf5
fffe5ef6
ffff28d3
ffffbc46
00002019
0000389d
ffffd2fc
ffff17e4
ffff9df0
fffefe31
00007f9b
ffff5a1f
fffed1b4
00000bc9
000077d2
ffff58aa
ffff7f06
ffffa4c8
ffffc527
ffff7eb1
00001e0b
0000d545
00005737
0000690c
00004e55
ffff60b3
ffff2a17
fffee9c6
ffff4292
fffe470e
ffff52fa
ffff03cd
ffff8591
fffffb4a
000045bf
fffecdbf
ffff6ceb
ffff5de7
ffff8749
000039fd
0000e8c7
ffffce6d
ffffd2c5
00002470
ffffed7a
ffffcd4b
00006472
000093b2
ffffb33c
ffff885b
ffff7003
fffef081
ffff6578
ffff42b3
ffff7e56
ffff2c6d
ffff5896
ffff2987
00003749
fffe7e9e
fffff439
ffffc6c0
00001e1e
000078ab
ffffa717
00005305
00005258
fffe0404
ffff1546
fffec5df
ffff02e4
ffff7d94
ffffb49e
ffffa62b
fffd9db6
ffffae50
ffff2b01
fffe1244
ffff7bce
ffff3c67
ffff9185
00004c9b
ffffda3a
ffff89b1
fffeaccb
00000e4c
000016b6
ffffa3dd
ffff6b3a
00002e83
ffff469c
ffffd4a6
ffffc4db
fffff01d
0000b74d
ffffaa44
00006cb4
00006cfc
0000792a
000086ff
00004b7c
ffff82ab
fffff3b2
0000666f
ffff2ddd
000028c9
ffffd4f6
00000944
000089bd
fffff226
00004e6e
00000c6e
00008964
ffffa36a
ffff9a44
00003007
0000abaf
00000531
fffff900
00001ecf
00004cc4
ffff9b31
ffff9fbf
0000bd5f
ffffa245
ffffb14c
00002261
000044b4
000009ca
ffff53e6
ffff97c4
0000019c
00006417
fffffd13
ffff230d
ffff7563
00003470
00004535
fffee645
fffef7db
0000a17f
000033a8
ffff4ec1
ffff02a4
fffec297
ffff6e42
fffff566
ffff5215
fffec08e
00001587
000014da
ffff7870
00001334
00006236
ffffa658
ffff9015
ffffb925
ffffe77c
ffffc163
ffff541d
ffff7f5b
00003e6f
0000044c
fffff23c
00004ad5
ffff0df9
00000a3c
ffffce4d
00006b82
fffeb9b1
ffff1620
ffff8d8c
000075db
fffff068
00002684
ffffa11c
ffff7f39
ffffbe87
000046ab
ffffc2d6
00002c39
fffff2af
ffffc85f
ffffd7d1
ffffc56b
00006d3f
ffff2299
ffffd941
00004f62
ffff9470
0000c651
fffee4d2
ffffed35
ffffa82f
fffffff6
fffffb11
ffffca60
ffff1afc
ffffd893
ffff37e6
fffffd3a
ffff0673
00000978
ffffb84f
fffffbbc
ffffaa74
0000165a
ffffe38d
ffff667e
0000e22c
ffff4517
000006ab
ffff6868
ffff6fbd
000053d1
ffffe736
ffffba41
ffff150b
ffffe475
000071df
0000d3e1
ffffb336
00002972
ffff2b3b
0000361c
ffff9bbd
ffffc819
00001603
ffffdf0e
0000673c
000043f8
ffffb9ee
ffffcbde
000010e5
000048fa
00004375
00005337
fffff04a
ffffb036
ffff8cc0
00000833
ffff00b1
ffffbdd9
ffffa5c6
000008c4
00000334
ffffe1d3
ffff4bcc
ffff1142
ffffc6aa
ffffdcb0
ffff492b
000074e0
0000241a
ffffeb31
ffffd057
ffffcbc1
ffffffa3
ffff7120
ffffc97e
fffff3cf
00000bdd
ffffb289
00004f44
000029fa
ffffe64f
fffff679
ffffd038
fffff1f1
00002172
0000859e
fffff4cb
ffffcf74
ffffc600
00000324
ffffc9ea
ffffb157
ffff8387
fffed491
fffff0c8
ffff7af8
fffefa76
ffffda3a
ffffd335
000055b3
00003946
00001819
fffff29c
ffffe478
fffeabb0
ffffd117
00003a46
ffffeef6
00000e8c
00005614
00003589
fffffd43
fffeb1c5
ffff4d84
00006193
00000b07
fffff73e
000017e7
00015e3e
00009294
00000ec4
0000008c
ffffc13f
00004a85
ffffb8ca
fffffbf8
0000455a
ffffd50b
ffffebe0
000094ff
ffff3495
ffffb3f1
0000b2b7
000065a0
000086fc
fffff2e7
ffffd824
000024ff
ffff7b5e
0000353c
ffffac92
ffff8fa7
ffffee76
ffffa6bd
00008562
0000922b
00000e9f
ffff4e08
00003797
ffff5df3
00006c2f
00003df3
000024b2
ffff470b
fffea7d0
00003169
ffff33ea
fffff315
00000980
ffffe82f
ffffee7c
0000006b
fffffc88
fffff563
fffff207
fffff6b8
00000b4b
000009f7
fffff911
fffffb94
ffffed7a
000003b9
fffff4b6
fffff7f8
fffff73e
0000041b
fffffd67
fffff24d
fffff410
00000882
fffffa6f
ffffebb2
ffffff01
00000aa3
ffffff06
0000085a
00000232
ffffe8e2
ffffee48
00000b62
fffffada
0000099f
ffffefa6
0000065a
fffffe38
ffffef06
fffff118
ffffedeb
00000455
00000469
fffffd95
fffff548
fffff0d2
00000766
fffff7d3
fffff99d
fffffbac
000005fa
0000063e
fffffab1
00000a2b
0000038b
fffff6cb
00000674
fffff82f
ffffea21
000009e4
ffffff2d
fffffe3b
fffff570
fffff8f0
fffff7bb
fffffd5a
ffffea73
00000009
fffff48a
fffff561
fffff558
ffffed9d
fffff2a4
0000019e
00000b0a
0000071a
fffff088
fffff81e
fffffff5
ffffecc7
000002ca
00000862
00000306
00000881
fffff302
fffffb04
0000031f
fffff588
fffffa70
00000724
ffffeed5
000005eb
fffffc5b
00000123
ffffec3f
00000a41
0000088c
ffffefe2
fffff375
fffff7b8
fffffe07
ffffff26
fffffe63
fffff212
0000043a
fffff827
ffffebfd
ffffec32
fffff1a0
fffffcf4
fffffb0c
fffffa18
000002ee
000006a6
0000014d
ffffec40
000003c0
fffff9ab
fffffc86
000003dd
000003fd
fffff62a
ffffea64
000004bf
fffff50e
0000098d
fffffb03
fffff1e3
fffff7b1
fffffdf1
fffff213
0000050a
fffffe11
00000417
fffff69b
fffffa16
ffffed94
fffff11f
fffff2d8
0000027e
00000a21
fffffc50
000003a3
ffffea7b
fffff8f5
fffff9be
ffffed5d
fffff979
fffffd9f
fffffae9
fffff68e
000004e9
ffffeb62
00000114
00000732
fffff4f0
000007d0
fffff324
fffff067
fffffe2e
fffff0dc
00000c13
00000563
fffffb4e
fffff8fb
ffffef38
fffff75b
fffff4d2
fffff570
fffff653
fffffb42
fffffb96
000007c2
fffff5d7
fffff868
fffff1f1
fffff656
fffff058
fffff57c
fffffc86
00000a1b
fffff5c2
000005f3
fffffab1
fffffaa7
fffff8e5
ffffeca3
fffffbca
fffffbc9
0000009f
fffff85b
fffff1a7
0000024f
0000075c
000007a8
fffffc1d
0000038f
ffffeb63
000005df
fffff053
ffffeecb
fffff897
0000013d
0000032e
fffffbd5
000008a0
000006f7
fffff2b7
ffffef84
000005d5
ffffe852
fffff9b5
ffffed24
fffff1d2
ffffee00
00000d8a
ffffe9cb
fffffd52
ffffed5c
fffff624
00000595
fffff988
fffff43c
fffff76b
ffffe99f
fffffe89
fffffadf
00000863
000007be
fffff602
00000a17
fffff82d
fffffb3d
fffff02f
fffffe8a
0000004e
fffff347
fffff544
fffff912
fffff537
fffff75c
fffff96b
ffffee31
fffff2d0
fffff7c6
fffff250
ffffff65
fffff8c5
fffffebd
fffff64c
fffffe6b
00000833
fffff6ab
000008d2
ffffe827
ffffef0b
fffffa6f
ffff094f
ffff5b46
ffffc488
ffff719b
000056c7
ffff8871
ffff71c6
00003b31
ffffdb8e
ffff47bb
ffff9b7d
ffff7e61
fffffd3a
000081a8
ffff3416
00000868
00007eed
00001ce0
ffff307f
ffff712c
fffff4f5
ffff8fd7
ffffb038
ffffe9c9
ffff7b57
00007f79
00004eb7
00007875
0000735c
ffff9d33
ffffe3b6
ffffbff1
00006ab2
fffecec9
ffff2fc4
00000e5f
00002254
00003be8
ffffbdb4
ffffa59a
000033ac
ffffee9d
fffe4fe1
ffffe7fe
fffe7b8f
ffffe18e
ffff1acf
ffffcb81
ffff251b
ffffa227
0000379e
00005e28
ffffa169
00000827
00000239
0000ab97
00003362
ffffd841
00002b25
ffffef17
fffeea0b
0000498e
00006e7b
ffffcad0
ffffef97
0000a749
ffff0cb5
fffef833
0000b482
ffff517e
00000b6f
ffff4867
0000e258
fffffca1
00004fa3
ffff447e
00000da7
ffff72ac
0000255b
00002772
ffffaef1
ffffa6f5
fffe90a4
ffff76de
ffff46b7
fffee276
ffff9108
fffee448
000019e4
ffff6d48
00006f7e
ffff5da4
fffe3275
ffff34e6
fffff91b
ffffcccb
000059fb
ffffe951
ffff473f
ffffc5fd
ffff2582
fffeef78
00000102
fffe9e5e
fffff976
fffec88e
fffeed46
ffffe4de
ffffb391
000026bc
fffff8f2
ffff691c
000072b7
ffffdc72
fffe426d
0000276e
0000961d
ffffd695
00007b55
ffffad81
000018f8
ffff54de
ffff9818
fffe5080
ffff403c
ffff358b
00003a04
00001c92
fffff049
fffff9ac
ffffa031
ffff73af
ffff9ccf
ffffb627
ffffc652
ffff91e5
ffff05b5
00009c0f
ffffaa18
ffffc06a
000011d2
ffff663d
ffffdd78
00001e3b
ffff1ac9
ffffec09
0000bf5a
ffff7e66
ffff0c52
ffffdc62
000082fe
0000100b
ffffd4ab
ffffcf85
ffff9f68
ffff1f9c
ffff9a62
fffff5bc
00001517
000019ff
ffffadb1
ffff93d9
ffff589a
ffffbec7
00005ce2
ffff3818
ffffbbe4
fffe6129
00003aa5
ffff634a
fffeac8c
ffffe763
ffff3b7d
ffffec47
000050c5
0000c50e
ffff0062
ffff9a4a
ffff2286
ffffbc9c
ffff1d84
ffffdc67
ffffcb68
fffffacc
00005028
000028ba
00002fd3
ffff8a6c
0000025a
ffff17b0
ffff86bd
fffff7a1
ffffe99f
fffed43b
ffffa7cf
ffff062c
fffffb0d
ffffa9b7
ffff7d41
ffff99b6
00008597
ffffaf08
ffff98a9
ffff3fe1
00001a4a
ffff60dc
000004d4
0000053c
ffffbada
ffffd374
00001a7b
0000bd16
0000121e
ffffffba
ffffb450
ffffb6d5
fffec51a
00002743
ffffd1d5
ffff48f6
ffff6ad4
000031e9
fffed963
ffff814c
00004459
fffee98a
0000eb23
000071ed
fffe8e63
ffffcb13
fffe8863
0000614a
0000b39d
00009052
0000008b
ffff44bb
fffe5206
fffea52a
00007e64
0000bc1b
ffffb8fc
00008664
ffff4fd7
fffff7cf
0000d312
ffff95e0
ffff6776
00009f86
ffff8ddb
0000887c
ffff561b
000036b7
00006484
ffffe62d
ffff87b4
fffffff3
ffff3551
ffffe47c
00002cc9
ffffd00e
00000b9b
ffffa1a7
00003537
0000fd92
ffffe1af
ffff84e0
00007e20
ffff9feb
ffffd920
ffff77d4
0000167c
00000b65
ffffd033
ffffd1d4
00003b63
ffff0a63
000080cb
ffff6401
ffffc385
fffedf3d
ffff62a5
00004fef
00000263
00000517
ffffa9cf
ffff98ce
ffff4e83
00004885
0000a2a5
ffffd83c
00000391
ffffe076
00004819
0000e391
ffffb45b
00002bdb
ffffcd92
ffffff92
ffffd19d
00000872
ffffbd25
0000ac58
ffff99af
ffffebd5
fffff52b
0000563d
00004d5f
ffffdf8d
ffff8540
0000abd1
00002287
00000a07
ffffcf52
ffffd748
00006710
00000274
fffffc5f
00001978
ffffd7cb
ffffac65
ffffc42e
ffffc9b0
00002480
0000c677
00003609
ffffcfb7
ffff45bf
00001e8d
000006f7
00013562
ffffcfd5
000035ee
fffff050
0000a894
00000ef8
ffffe02d
ffffeffd
fffff88d
ffff0a65
0000c576
fffef33d
00005ba9
0000b098
000063a0
ffff8eb8
00006f0e
000012e1
00008490
ffffb359
ffff7104
fffffe66
ffffc29e
ffff3703
000012ed
000041f7
00006012
ffff1f7e
000080d5
00007010
ffffacfa
ffffdc60
ffff61f0
ffff6fb2
ffff5090
ffffd141
00000ad7
000002b1
00005cfc
ffff7b04
00001d45
ffff58e6
ffff8723
fffff27e
ffffebd2
fffffda0
00004bb8
ffffc8d5
ffffdded
000092f8
0000209f
0000340b
00003a9b
ffffbdd4
ffff7bbb
ffffc12a
0000766c
00001699
00000842
0000302a
00007dd3
0000f097
000021ab
fffff6d3
0000dc7d
ffffb073
ffff6e6a
00008e0f
ffff0b0f
00001e7f
00007483
ffff0936
ffffba20
ffffb6d1
ffff25f1
ffffa29b
ffff731e
ffff406b
ffffe17d
00002d76
fffff02c
000007d6
000005d2
ffff9df4
000011d5
00003542
000013b1
ffff32d9
ffff4d62
00002f35
ffff84d7
ffffd7f4
ffff948c
ffffeedc
00004b6a
00005059
0000040e
00001af7
ffffee87
00002c9a
ffffa5fe
000018dd
ffffc17d
ffffd91d
000023e9
ffffe700
00004385
00005aba
00001c5c
ffff9db8
ffff6e59
0000446e
00000f0f
ffff6e63
00004c9b
fffff7a7
ffff97a3
00003c26
fffff63a
fffe95cb
ffffb76a
ffff5ada
000019a2
ffffcfe4
00002a64
00004732
000018bc
fffff47a
ffffa872
ffff96f8
ffff914b
ffffd0e9
ffff4ce8
fffffc94
ffff9933
ffff6547
ffff758b
ffffc51c
fffe9a2a
0000806a
ffffef2b
00000ae2
ffffe5c3
00000915
ffffc5cb
fffffb3b
000023d2
ffffd762
00000552
ffffbee9
000049d7
ffffc4aa
ffffda96
ffffabd0
ffffc5ba
00001ea4
0000401e
fffec4b9
00002b99
fffffecc
ffffbd79
00003810
0000e526
0000b377
fffffb0f
000039d5
ffffb5cc
ffffd4f2
ffff79bf
ffffea16
ffffaf6d
00007bff
ffff4183
ffffb510
fffefd64
000048f6
ffffa6d0
fffff58a
000014c3
000012da
ffffaa4f
ffff55b2
fffff339
ffffd334
00001a86
0000002b
ffff90df
ffffe1df
000033e3
00000049
ffff932a
00001b2f
fffdd73f
ffff9a14
ffffb2db
ffffd5af
000013a7
fffebc99
00000ae3
fffef909
ffff887a
ffffe9e9
00002675
ffff7afd
ffffd191
ffff6f82
ffffaa45
000015dd
ffff4289
ffff616a
00006bae
ffff8a8b
0000626b
0000093e
fffece1c
fffff9c4
00001f2e
ffffafde
fffe796f
ffff9690
00007c4b
ffff1a0e
ffff072b
fffed8d1
00001eff
0000a840
0000eab8
fffe92c1
ffff7415
0000233d
ffff94bd
fffe98d2
0000acba
ffffa42c
ffffa11c
ffff62e5
ffffdc86
000015c8
ffff6d97
ffffc5fc
ffff8e92
fffef8d1
000000d9
ffff8712
00000854
ffff7c9c
00001243
00005b83
00006026
ffffc45b
000029a8
ffffb004
fffff195
fffe1f7c
ffff29a4
ffffb4d9
fffe885d
fffe601b
fffe9c08
00000521
ffffbc3c
0000f3eb
ffff7ba5
000033b0
ffff8d6e
00000eb3
ffffdc2e
ffff88d9
fffde697
ffffbda1
00003097
00005cf4
fffeccd1
0000b8a8
000125f9
ffffc57f
00000b2c
ffffff92
000001ea
ffff2c41
fffff2b1
ffff593b
ffffd62d
ffff73b3
ffff491e
0000732f
00002b62
00001f6b
0000191c
ffff99e7
ffff3ddb
ffff13b0
fffe56aa
ffff153e
ffff25bb
fffeeb93
ffffb003
fffff10d
ffff5411
00005c26
ffffbf25
0000087f
ffff9e8d
000021be
00005ba9
ffff7853
ffffa94e
ffff01e0
ffffebe8
fffedbda
ffffb29f
ffffdf9c
000071d4
ffff1fc9
fffffd52
fffee42e
fffde4f9
ffff5285
000038d5
ffff0518
ffffb145
ffff67b4
ffff24a4
fffe689c
000057d0
ffff19c1
ffff01b1
ffffd447
0000096a
ffff104c
0000328c
ffff9d57
fffec016
ffff63d8
ffff2fd9
ffffff92
ffffaf1b
000005a3
00001e4c
ffff7faa
00000ae6
ffff4930
fffffdfc
ffff504b
ffff22d4
ffff794a
00002739
00010aab
00007e0a
00009c5e
00003388
fffff683
ffff15a5
ffff6cb2
ffff11c1
ffff77c0
ffffe6b8
00003f95
fffcf203
fffec5ee
ffff11dc
ffffafd3
00006aae
00004547
ffff3c2d
fffeb90b
000070a5
ffffbb05
ffffeee5
fffff377
000000e7
ffffd87b
ffff9d88
fffffd2d
00002fa5
ffff56f1
ffffa88f
ffff2315
fffea1ba
ffff47b6
fffff744
ffffd835
ffff9f54
0000d98d
ffffcd2e
000013ed
00007f01
ffff5f6e
000023a4
fffea9b4
ffffaf84
ffffc11a
fffe0334
00008135
0000c14d
ffffe6b7
ffffd69e
ffff9272
0000265b
ffff02f4
00002aaf
00006985
ffff94d2
fffff360
000037a0
ffff0d1d
ffffeb0e
000025dc
00003654
ffff83d4
ffffdb64
ffff4452
ffffdd12
ffffd400
ffff49c4
ffffe391
00001e25
000009da
00001f1e
ffff5c57
fffff348
0000e667
ffff50e5
0000489d
00008622
000034bf
ffff7fca
fffed957
ffffcb2d
ffff12ae
ffff75e8
ffffb49d
ffff7ca8
ffff64f5
ffff5aa4
00003d29
ffffabf7
ffffa1ce
fffffa07
fffff284
ffffffdf
fffff645
0000048e
fffffa81
fffff94f
0000075a
00000585
fffffe35
000007b6
fffffca2
ffffff80
00000424
ffffff96
00000793
fffff16f
000002a5
fffffc34
fffff3ad
fffffb1e
fffff68e
fffff975
ffffe897
000000f6
fffff7c3
fffffcce
ffffff3f
ffffea94
000002d6
ffffefba
ffffeffc
fffff58b
fffff663
0000072c
fffff83d
000004cb
0000028e
fffff0b7
000002db
0000037c
ffffeebc
fffff305
fffffdc0
fffffb17
fffffad3
00000606
ffffff4a
ffffeaab
fffffb15
ffffff40
00000734
fffff95a
fffffdb6
fffff8d2
fffff5bb
fffff714
fffff951
ffffe777
fffffc7e
fffffd38
00000c63
fffffbee
000007d3
00000756
fffff633
fffff804
fffffe97
000004a9
000004ef
00000a97
ffffeddd
00000c99
fffff87a
fffffda1
00000cd1
fffffc0a
000001d2
00000067
fffff883
fffff68c
0000057c
fffff39f
fffffe30
0000031f
fffff3e7
fffffa7d
ffffee91
00000979
fffff1ed
0000030d
fffffc37
fffff44d
ffffef12
ffffec94
00000347
fffff9f5
fffff126
0000013f
fffff7c8
00000630
fffff23e
ffffeed8
fffff6d9
fffff43b
fffffc47
000002ea
fffff683
fffff53a
fffff526
ffffec5b
0000065c
ffffed06
fffff7a1
fffffe12
fffff424
0000081a
ffffed3d
fffff29b
ffffed97
00000615
0000025d
fffff850
ffffff70
fffff021
00000d20
fffff5b5
ffffe990
fffffd5b
fffff6be
0000066b
00000482
fffff54a
fffffdc4
fffffad6
ffffefb4
fffffc8e
fffffc2a
0000052c
000004cc
fffffcfa
ffffedbb
fffff116
ffffe6f1
fffffb2f
ffffeddb
fffff7ab
000004b8
00000195
ffffedb9
00000227
fffffde0
fffff9bf
ffffff01
fffff2c2
fffff30c
fffff133
fffff4a4
fffffbc3
fffffa45
00000321
fffffb23
fffff0a8
ffffeee9
00000598
fffff507
fffff645
fffffe08
000006fb
fffff531
fffffbec
ffffee6c
00000586
fffff70c
fffff901
ffffee70
000005d7
fffff1a2
00000252
fffff2fe
fffffada
fffffa84
00000518
fffff3ff
00000661
00000f6a
fffffd50
fffffff3
00000078
00000a4b
fffff53e
ffffedb2
fffff509
ffffef66
fffff0df
00000bbb
fffffcc5
ffffeac2
fffff493
fffffb9b
fffff3c9
000008bc
00000572
fffff55f
fffff407
000002ec
fffff9f5
fffff69e
ffffee0c
fffff178
000002ae
ffffe8d1
fffffc09
fffff8b1
000001e8
000002c7
fffffb2f
fffff3ae
ffffe945
ffffed78
fffff284
00000a18
fffff3de
00000860
ffffecc8
00000a50
fffffa19
00000cdb
fffff53d
ffffec2b
fffffc20
ffffefa4
fffff554
0000018d
fffff6e6
00000735
ffffee69
fffffa47
fffffd2b
ffffff23
fffff9f4
fffff6b7
fffff8a8
000003b8
fffff229
fffffb2e
000003eb
0000083f
fffffd98
fffffcf0
000003df
ffffeb4d
fffffa58
fffff815
ffffee96
fffff6ec
ffff91d2
000045b1
000010cd
ffffab3a
ffff697e
fffff535
00008b0e
00003f14
ffff85fd
fffff354
000076b3
ffffd24b
ffff55b5
ffffdfea
ffff6372
00010b63
00000ae4
00011ada
ffffe795
000058dd
ffffde17
ffffe1ce
ffffee21
ffff31dc
ffffc44f
fffeefd0
00000ff2
ffffae9e
00001c76
ffffcffd
00005a24
ffff6b4b
ffff67b8
ffff2f53
ffff4fc4
ffffdd99
ffff7283
ffff7e5f
000006ca
fffd8f8c
0000d5e6
ffffbd0b
fffff9c7
ffffc4b8
ffff551a
ffffcf76
ffff1889
00008c1a
ffff6850
ffff6176
00009798
ffffbda5
00003007
000014c4
0000eaf1
fffe70f6
0000d642
00007641
00009887
00007329
000019ed
ffffb3d5
ffff1e79
ffffc3fd
ffff6fe7
ffff768f
00002106
ffff965a
ffffae2a
ffffbc28
ffff24fb
0000694d
000088f8
ffff55e1
ffff8643
ffff886e
fffe6fb7
00000b21
0000212a
0000d403
00003970
00002eca
0000507f
fffef362
00000a61
ffffd188
ffff3d54
00005ccd
ffffd28f
ffff5fbf
000006b6
fffffc30
ffff8132
ffffb53c
ffff9007
0000075d
fffffbf2
ffffc277
00008a93
0000f624
000014a0
ffffd39d
ffff8a33
00009074
ffff71ca
fffff86d
fffff1e6
fffed819
ffff9cf0
ffffc16e
ffffa5df
00003620
ffff0cd5
ffff80c3
ffffb24a
0000080a
ffff676a
ffff9f66
00004d3f
fffeb922
ffff009c
ffff7409
0000b731
ffff3e25
000047e3
fffe2b72
00007ca8
0000200d
fffff690
ffff52cc
00000e3a
ffffc839
00004bfa
fffffa34
ffff9553
000083a7
ffff43f2
00005815
00001d8b
00005cbc
ffffea71
ffffbc6e
ffffe0c1
000068da
ffffecf4
000039ea
ffffc739
000030b7
00003747
00000313
ffff23e7
ffffbae0
ffff5017
ffff8c1f
fffe80e0
fffef151
00001aaf
ffffa353
fffff9c5
00004d70
ffffce62
ffffdfbf
fffe7a78
00000e87
00005456
ffffe43e
0000553d
ffffe17a
ffff77c0
ffffecc4
ffff3999
00000e83
ffffa496
ffff58d6
fffee157
00000203
ffffd2bf
ffffddca
00005e0c
fffe6840
ffff96e9
000032d6
00002fbe
ffff60e6
0000c89c
000022d7
00002926
ffff1e2e
ffffacda
ffffd9f1
000022b8
0000650b
ffff7e18
ffff5d1e
ffff9da5
ffffa5dc
000090a3
ffff08df
fffeeb20
0000118e
000006da
ffff6d78
fffffb41
ffff722e
fffebca6
ffff8470
ffffcc82
ffff5476
ffffe6cf
ffff5dd9
000022a5
fffffbbe
00007293
ffffa761
ffffee85
ffff682b
000048bb
ffff8d00
000085de
00000d4b
00006aa3
ffffed50
ffffe739
000001cc
0000610b
00004c82
ffff3744
fffff3be
ffffbf2d
00002c2c
00009887
00001ebc
fffff82e
00003d4f
000094cf
fffff8c8
ffff5059
000016fb
00000c42
00002c0e
ffff6fbb
fffef73d
00005ef9
ffffc9f8
ffff6bd1
00000f7e
fffff544
00002eb3
ffff8dc3
ffff214b
ffff89d6
fffec900
00000531
ffffbff0
ffffcc95
00000eb1
ffff9c52
ffff93b1
000073f9
ffffea75
00002db2
000009eb
ffff41fb
00001329
00006bf8
ffffc83c
00000706
ffff05c5
ffff7aea
00000921
ffff9933
fffef4df
00000348
ffffd1ac
0000312a
ffff1ef0
fffffb09
ffffef0b
ffffa891
ffffc272
ffff60c9
00002739
0000073b
ffffe830
ffffbbca
ffff4d2d
000075bb
000028f6
ffffd8f9
ffffcb6b
ffffc2ba
00004afb
00004aa6
fffeaf85
00005e13
ffffff9f
000020ca
0000de4a
0000086f
ffff6103
00007b8b
ffff73dd
ffff8f17
000031dd
00003788
00004e73
ffff9b87
00007989
ffffbc35
fffff05f
ffffde93
fffff90b
0000159d
ffff3c7a
ffffca5c
ffff890f
ffffe88f
fffffeed
ffffc183
000088e8
ffff4159
ffffcd51
ffffa15f
ffff75a5
ffffc493
0000abf8
ffffb425
00001e87
ffffc43b
ffff66f7
ffff256d
ffff8ad6
ffffdd14
fffff329
0000180e
00004992
ffff9fac
00003d32
ffff7b00
00000422
ffffcc91
ffffe500
ffffd068
ffff590e
fffff47e
ffffeba1
ffff7cf4
fffff091
ffffa40a
ffffcb23
000039fe
fffff038
fffed3d0
ffff9322
00007c34
00003b2e
ffff7d43
00001253
ffff6dc0
ffff82eb
0000c6f7
ffffe18c
fffff449
ffff4c2f
ffff7391
ffff9d79
00002234
fffed08b
ffffc3f4
ffffc298
ffffcbaf
ffffbcd2
ffff09b4
ffffe70c
ffff8290
ffff8f7e
ffff9644
0000221e
0000582f
ffff3714
ffffb91e
00007842
ffffe7fd
fffebf8b
00005070
ffffeb81
ffff5cb8
ffffa8e2
ffffcb68
ffffd32a
ffffe960
ffff5449
ffff9996
000079c1
ffff5800
fffff0d6
ffff82f0
000056a5
0000090a
ffffb933
fffed820
00009fee
ffffc6e8
00005b10
0000d6a4
ffff31f1
00000dc7
fffff480
00007a3f
ffff284b
00000c50
000044a5
0000927e
ffff5a75
00000c8c
ffff4da9
00000edd
000012b6
ffff252a
ffffe718
00003202
ffffd399
ffff7f32
00002f9f
ffffc154
ffff7cbb
0000dbc4
ffff1c89
00002adb
000027f9
00002d8f
ffffb007
000002ce
ffffab34
fffecfc3
ffffcb4a
000015a7
00009f3a
ffffd3eb
ffffbebc
fffffea2
00003237
ffff785b
ffff915e
0000347a
00003e0f
ffffe300
0000748c
00005769
ffffdea3
ffff8dc2
ffff482c
ffffe063
000075c2
ffffdf4f
ffff5dea
00006e31
000002bf
ffffe250
ffff9666
00004f71
00004db1
00001141
ffffc4ce
ffff4c2d
00004dc0
ffff4e60
0000c8c7
ffff2d60
fffff102
ffffccd8
ffffed51
ffffca70
ffffa767
fffff912
00000bda
fffff3df
ffff72ff
000004c5
00002d15
0000593a
00001bc2
00002084
00005fa4
ffffaef2
00001733
00004f3d
ffff7501
ffffa226
fffee656
00002080
ffff9cc1
0000834d
0000aef7
00001992
fffeeea6
ffffd8d6
fffffa38
00009a11
00003df4
ffffd73c
ffff8e53
ffff6c2c
fffeb6e3
ffff8fc7
0000d156
fffff3c5
00003a85
ffffe85d
fffee2f0
ffffdcd3
ffff1aa1
fffffd68
fffffbbb
ffffee8e
fffff64f
fffffece
ffffee34
0000011b
fffffb60
fffff514
00000e14
fffff24a
fffff9ae
000002df
0000003c
fffff7aa
00000c24
fffffb48
fffff2ba
ffffef41
0000067e
fffff20a
fffffcae
ffffecab
fffffbf7
fffff7df
00000738
00000761
fffff719
fffff8b6
ffffedc8
ffffea3a
0000024c
fffff8a5
00000d29
ffffef6e
fffffc8f
fffff1a9
00000436
fffff6e5
fffff5d8
00000214
ffffef94
fffff1f9
ffffffd4
fffffc29
fffffcc2
fffff302
fffff549
00000024
ffffefbf
fffff1f0
000008af
fffff1d2
00000b15
00000cbe
ffffedb3
00000648
fffff361
fffff50a
ffffe7cb
00000690
0000006d
ffffedcd
ffffedf8
0000067f
0000000f
ffffe736
fffff322
fffffaba
fffff1da
ffffee7a
fffffa58
fffff57b
000004cc
fffff4bc
fffff465
fffff459
00000b06
00000567
fffffd3c
ffffef39
fffffa05
000007e3
fffff324
0000038c
00000439
fffff7c0
ffffecb5
00000c22
fffffaea
0000013e
ffffefa2
000002a9
fffff568
ffffee75
00000e49
fffff2fb
ffffed60
fffff0c2
000013b9
00000508
ffffffab
00000b56
ffffeff2
ffffe8da
fffff4ae
ffffe4e2
fffff8fb
fffff6f1
fffff25e
ffffecc0
fffff857
00000258
00000c9d
000002d0
ffffe673
ffffef05
fffff6b4
fffffcf1
ffffe830
00000b0a
ffffeaf5
ffffe5b2
ffffe203
fffff147
00000352
ffffed98
fffff3ef
fffff638
fffff431
fffffcb5
00000338
fffff272
fffff657
ffffff17
fffff242
ffffef88
fffff578
00000296
ffffeeda
fffffc95
0000002a
fffff425
000000cf
00000149
fffff53a
fffff8af
fffffba1
000004c5
ffffe440
00000019
fffff25f
fffff257
fffffe2a
00001098
00000630
ffffe4eb
00000751
00000846
fffff34d
000001ce
fffff268
0000003e
fffffaa7
fffff037
fffff9cb
fffff384
ffffea86
fffffeb0
fffff551
ffffee18
000009ae
ffffeb57
fffffd6f
fffff209
fffff152
0000009c
000004bf
fffff41d
fffffc9f
0000013d
fffff36c
ffffef9c
fffffe4f
00000a94
fffffead
ffffef1e
fffff019
fffffd28
0000064f
fffff467
fffffbc3
ffffe017
fffffd67
fffff965
fffff12a
00000522
fffff4d5
ffffe704
fffff374
ffffee9a
000007d1
00000e11
fffffa43
fffff52c
fffffa3d
fffff668
0000020a
ffffff24
ffffee76
ffffffe8
00000ba0
ffffe9cb
fffff97f
fffff5c3
fffff6e4
fffff8b8
00000246
fffff395
ffffeef5
ffffee31
00000114
000004e3
fffffd44
ffffec36
00000523
ffffee70
fffff7fe
ffffeedc
ffffea13
ffffee73
ffffe13f
fffff2cb
00000815
fffff5f1
000001b1
ffffeedd
fffffa00
00000561
00000227
0000077c
fffff590
000001a1
fffff968
00000a27
fffff0b5
0000077a
fffff3ef
fffff974
fffff275
000007a7
fffffef8
000001df
fffffb72
ffffff6c
fffff8af
ffff6506
ffff3beb
ffffab9c
ffff4196
ffff61f6
ffff549a
ffff37b8
00000a34
000082bf
00004c71
ffffb5f3
ffffa163
00002039
ffffc78f
ffffff45
ffff874e
fffff2a1
ffff558e
fffefe5f
000051e0
ffff6b91
fffe763b
0000444f
fffff2a7
ffffa039
ffffad44
0000153d
ffff33b0
000098f4
ffffeb58
ffffa0b9
ffffc696
000004af
ffff3412
00001854
ffffcf42
ffffe64e
000031fc
ffff68e6
ffff4370
ffffc7ad
ffff8d78
fffff7b1
ffff62b3
ffffb2ed
00015fd8
fffee609
ffff9f6f
000044d7
00002aa8
ffff8e74
00010f26
ffffd0ed
00008b82
ffff9e46
000051c9
ffffdb68
ffffafac
ffff7ae6
000004c3
000001f1
ffffc8f0
ffff246b
ffffcb1b
ffffaa6f
fffff919
00001001
00002fe0
ffff3cb9
ffff74c2
fffef7c8
0000d2cb
ffffeb05
ffffcb57
ffffcd3c
0000259b
ffff98cd
fffff642
ffff1b44
ffff64b5
fffff55d
ffffdcfc
ffffbcd4
ffffd896
ffff144e
000021a9
ffffa079
ffff76b8
00004664
00002342
0000037a
00000dcb
00003db2
00000bff
ffffaba3
00000aaa
00000cef
ffffed1d
ffff81ff
ffffba97
00005308
ffff6f29
ffffe774
00000582
000071fa
ffffcbaf
000015cb
ffff85c6
ffffa30d
0000b95e
ffff0c15
fffff213
ffff8a38
ffffe157
fffff1bc
000111c7
00006b1a
00000c1a
fffe736a
00000273
00000b1d
0000127d
0000885a
00002a71
fffefc39
ffff565e
000011ef
ffff1384
ffff8f69
ffffe96f
000042e3
00000684
ffff9ad0
ffff5360
fffe0c02
0000cfa5
00000fa3
00001a53
0000bb3c
ffff69d8
ffffdc56
ffff294e
ffff6ad9
ffff922c
ffff4ec0
ffff8765
ffff86a7
00003bf0
00001ba3
00003f14
ffff8c61
0000192b
ffffa4c5
ffff0057
ffffe13a
ffffc349
ffffc4f9
ffffed5e
00000de3
ffff91d3
ffff6ecc
0000071d
ffffacc9
ffff8df3
000023cf
ffff9bae
0000246b
ffffd431
fffff697
ffffa6c4
00002356
00009b2c
fffe7abe
ffffaa72
ffffd93c
fffffa67
fffec233
fffeb85e
000062ec
fffff8a1
00001d6e
ffff5919
000030b8
ffff7bdf
00004ac4
fffefff2
fffff04f
ffff6f35
000021a2
fffe5f0d
ffff7216
0000e72e
00002b6c
fffebe99
ffffeec7
ffffe797
0000ad52
00005339
ffffe1d0
00001a3a
00000d20
00012e79
fffefd96
0000135f
ffff5060
ffff7e9b
ffff03aa
0000172c
0000433f
ffff82c3
00005de4
fffe68da
ffff40f6
ffff465d
0000005d
fffe8138
00000a9b
000004a1
ffff0be0
ffff9047
000091a0
00008708
00001851
ffffcf1d
0000dfee
ffff97a4
0000b7eb
ffff27d8
00000e31
00008c12
ffffc696
0000242f
00004802
ffff9e2a
ffff831d
ffffd0d1
fffffbdc
fffdd9db
0000497f
ffffac60
ffffe412
ffffe261
fffff728
fffe86a5
00003972
ffffdc7f
0000498d
ffffaa6e
fffe9027
ffff5a41
00000538
ffff24c6
fffff84f
ffffd3c3
fffedea9
00006ca4
00000018
ffffff29
fffff71f
00000af0
fffff255
0000025a
ffffecbc
fffff74d
fffffa9f
00000c35
00000821
fffff49f
fffff7cd
fffff7b0
fffffa5b
fffff39a
fffffa5f
fffff2fa
00000118
fffff169
fffffa87
000003c3
00000aaf
fffff38e
fffff6df
00000281
fffffc32
00000b42
ffffff0d
fffff16c
fffff84e
0000035b
00000614
fffff7e3
fffff3f4
000007bd
00000378
00000123
fffff063
fffff3bb
ffffef7d
ffffe94e
000008b5
00000c45
fffffcf3
fffff4a4
fffffdd0
fffffe7c
fffff566
fffff45e
fffffa60
fffff4ab
00000a73
00000bfe
fffff57e
ffffefeb
fffff888
00000ad4
fffff08f
fffffca4
00000e5a
00000715
fffffc9e
fffffd4b
fffffabd
fffff2bf
000005be
000005a0
fffffbc0
0000054e
00000e0a
ffffee5e
000006ce
fffff612
0000004d
00000fbc
fffff35d
0000037b
00000098
00000873
fffffbdf
fffff4f4
ffffff76
ffffedc9
fffffd86
fffffada
fffffacc
00000071
ffffedba
fffff3b5
fffff419
00000173
ffffefb5
fffff510
fffff7d4
fffff4e5
ffffe9c5
00000243
fffff45f
00000537
00000db1
fffff116
000004d9
00000191
00000106
fffff188
00000802
00000116
ffffe9b4
00000066
00000bf7
ffffeeeb
0000009c
000001c3
fffff3cc
000004a1
fffffbc4
0000037e
fffff910
fffff402
fffffa51
fffff670
00000ac7
ffffe513
fffff67f
ffffed60
fffff3b9
fffff6cc
000002c2
00000664
ffffeffd
fffff062
ffffed40
00000387
000003d0
00000649
fffff66d
fffff7e0
fffff800
ffffede2
fffff365
fffffdde
ffffee9e
ffffeef1
fffffd8c
fffff21f
fffffc63
ffffeaac
fffffe1a
0000055e
fffffa20
fffff930
fffffddf
fffffeaf
fffffdf2
ffffee7f
fffff821
fffff639
fffff810
fffff8e5
00000a0e
000005e2
fffff726
fffff9fc
fffffb57
00000af2
fffff8b0
0000027e
00000603
00000350
000005d7
fffff091
fffff00d
ffffef30
000003eb
fffff116
ffffec6d
fffff5bc
000002af
00000561
fffff98a
fffff877
000004bf
fffff31a
0000071f
ffffeece
ffffe427
fffff455
fffffe23
0000021a
00000362
fffffc4b
000009e2
fffff7f6
fffffde2
00000fda
00000be0
000008ec
000000e5
000000ef
ffffedbf
fffff4fc
ffffed1b
fffff8da
0000011a
fffff5be
0000055b
fffff672
ffffff60
fffff2c7
fffff53a
fffff35d
fffffd82
fffff40e
000005d7
fffff2ae
000009e9
fffff54a
00000985
fffff1c8
ffffedd6
fffff3f9
fffff3c1
fffff742
fffff367
00000327
fffffe2b
00000ebf
fffff9d3
fffff11a
fffff42f
fffff19f
fffff328
fffff05c
fffff89f
00000ed0
fffffe9e
00000075
fffff0f3
fffffe8e
fffff44a
fffff4aa
fffffd9e
fffff02c
fffffa95
fffff82a
fffffccc
fffff7fa
fffff400
000004e7
0000034f
fffff43c
fffffc82
ffffef42
fffff853
fffff146
000026c4
ffffac30
000016f6
000044b8
fffe2a03
fffec721
000003ca
fffe0f0d
00000ba1
ffff5f8f
000091fa
00008964
ffffa588
00005c33
ffff325e
ffffd31b
00000c75
0000171c
fffef302
ffff5aa4
00004571
000081d4
0000b708
ffffa6a3
ffff986e
fffea64d
ffffa80d
ffff90b6
00005347
ffffc60a
ffff5ca7
fffef4ac
000005cd
ffff4e50
ffff4e89
00005363
ffffb916
ffff7bdc
ffff33ec
ffffa63d
fffffbef
ffff6b38
00001233
ffff4b8d
ffffa9fd
ffff0771
ffffa7a3
fffef2e0
fffe92d7
ffffbbfb
ffff4d7e
ffff907d
fffecce6
ffffb500
fffec7f9
ffff6386
fffe944e
00001ad0
ffff3cc0
ffff7d28
0000225d
00004e74
ffff3905
ffffdb1a
0000b385
0000bc53
ffff407f
fffedb75
0000444b
ffff9ca2
ffffe397
000037a6
ffffa7b6
ffff9cb5
ffff0c21
ffff3faf
fffefb23
00000e13
fffee77f
ffff2c4d
ffff0038
ffffeb62
ffffb875
ffff5cb2
ffffc860
ffff3c47
00004984
ffff2c20
ffffc759
ffffb6d1
fffea3f2
ffff74d1
ffff94cc
ffff8eb6
ffffd6cf
000006fa
000089b3
fffeac01
ffff5d00
ffff9b1d
ffff7082
fffedd3e
ffff19a3
fffecdad
00008c10
ffff628e
00009d6f
ffffa0e9
fffee8c4
ffff644c
00004f50
000077cc
ffffde84
fffe641e
ffff70e0
ffff926e
00000e51
ffffe7e0
ffffa5f3
0000ce59
fffea32d
ffff0301
fffea998
ffffad58
ffffdd0a
00001ae6
fffeae62
fffead6b
ffff5e96
fffef204
00004bbe
fffff44c
fffeccd1
fffffbc5
ffffce1e
ffff598b
0000a901
ffff1cec
ffff7f11
fffee92a
ffffaff7
00002cd3
ffffd8e4
ffffa723
00003a98
00003c1f
00002a06
ffff222a
00000a85
fffef1db
fffd4263
000001d3
0000865c
ffff9e35
00008957
fffea73b
00002e9e
ffffa70f
fffff58d
ffffe607
0000624c
ffff115c
00001bd5
000035cc
ffff6875
ffffc3a1
000006fc
ffff839f
ffffb8ed
0000249e
ffff8386
ffffe005
ffff6847
ffffee52
ffff2210
ffff57cc
000069ac
ffff0e5d
ffffca8f
ffff0ea8
ffff5c0b
000014eb
ffff681b
ffff197b
ffff9690
ffff3f30
fffff894
ffffc200
00006153
00003ac3
ffffb63a
ffffd030
ffff801b
ffffe47e
ffff517d
fffe5a36
000049a8
ffffa600
0000739c
ffffa702
fffea5ff
0000140b
ffffd8f8
ffff3a45
ffffd893
fffe3d69
ffff184d
fffeaab1
fffea6ad
ffff6251
ffff6605
00001cd1
00004a0f
ffff32f3
00000a77
ffff41f6
ffff1c6a
ffff6dc5
ffff3c3f
ffff1a88
ffff8beb
ffff6df0
ffff754b
00005c4d
ffff7bde
ffffaf7c
ffffe98c
ffff574e
0000112b
00002a32
ffffbd0b
ffff4892
0000cec4
ffff93ad
ffffd9a4
00002643
ffff457e
ffff768d
ffff3e56
ffff32fe
ffff3bb6
ffffcdeb
ffff6bd9
00000709
ffffa732
ffff8449
ffff1005
ffffeaf7
ffffbbaf
0000310e
ffff9c25
00000ab9
fffffc62
00005c6f
ffffb62d
ffff8fa2
ffff55db
ffff59f2
00005132
ffffe651
ffff63c3
00002780
0000069e
ffffd322
fffff6b6
ffff444c
ffffbe9f
ffff4242
00004825
fffff73e
ffff8671
ffff7b11
0000013a
ffffd220
0000286c
ffff9488
ffffe64c
00002741
000024b2
000080e3
ffff7274
ffffafe3
ffff85ba
ffff40eb
fffff637
ffffb81e
ffffe372
fffe349f
00002865
ffffc587
ffffbe1b
ffff6d98
fffff7d6
0000148b
ffff3fad
ffffeb98
ffff8def
ffff3158
fffff403
fffff3e0
ffff8942
00003e24
ffff3729
00003519
00000596
ffffdcc9
ffff4b5c
fffff320
ffff884e
ffffdcee
ffff8109
ffff41bc
ffff4425
ffffa1e4
00000e53
ffffcb83
fffffff5
00006c50
fffff356
ffff8a15
000062f5
ffffe51b
ffffd036
ffff88a7
000035aa
ffff3047
fffeacb3
ffffbc7b
0000005c
fffff6d2
fffef731
00003338
fffff43d
fffff16b
ffff0549
000019fa
00004269
fffffd4e
fffffc9a
ffffb836
ffff892c
ffff7549
fffffad8
0000085e
0000505c
ffff4151
fffebe26
ffff3a0a
00000436
ffff1364
ffffff26
00000ee9
000002be
ffffc601
ffffc4c2
00004d36
ffff7dd6
ffff9ebc
ffff56a3
ffff3ce0
fffff0fa
fffe08e8
ffffec05
ffff49b8
ffff8990
fffffa94
ffffd328
ffffe2ae
ffff3cbb
ffffd5ca
ffffe227
ffff9a18
00008dd8
000093ac
00000072
ffffb743
ffff8099
fffee64d
ffffcbcd
ffff109a
ffffe830
ffff8c2d
000029e3
ffffbab5
fffecdc0
ffffd046
0000287e
00003428
ffff9d0c
ffff787b
00000fd4
ffffd9f3
ffffd368
ffffce08
ffffe178
000006ec
fffff2e9
000058ad
ffffac6e
00007b48
000039e8
ffff91df
000031d6
ffff3bda
ffff6197
00000599
0000029a
ffffe029
ffff3d51
ffffec36
ffff849c
ffff032d
ffff3463
00001972
fffff3ae
ffff84c2
00005a6b
000052f5
00006938
ffffa8d7
ffffc216
fffffdf6
ffff447f
ffff79ad
00000274
ffff57eb
000005e8
ffffc748
000034aa
ffff4c24
fffe7440
ffff5419
00004c22
ffff6d47
000051c2
fffef89a
fffff708
000004c2
ffff7aee
ffffba72
fffff06c
fffffcf0
000014da
ffff97a4
00004c29
00001885
ffff9119
ffffe590
00001069
ffff9f4a
0000552e
ffffeebf
00000cba
ffffc98f
000017d1
ffffd8cd
00007d64
ffffb977
ffff6476
ffff81d6
ffff5305
000059fc
ffffa18d
000033f8
ffffe906
ffff6944
fffff01a
ffffb407
ffffe1ec
ffffbda8
fffff908
ffffdcbe
ffff6c91
ffffda5a
fffff1ff
ffff55f5
ffffcbd4
ffffe08a
0000267c
ffffc80b
ffffc9cf
000014cb
000004ec
fffe9037
fffff803
ffffbed0
00007722
fffff61d
00009bc2
ffff8e74
0000c5bf
fffff65a
ffff2ebb
00000287
000011ec
ffff1f6e
00007c17
ffffa53e
ffffdf71
00001c30
ffffab03
ffff7ea1
00001ca8
ffffdf0b
0000266a
ffff76a1
00003f35
fffe7b2d
ffff1078
000008f7
ffff52a1
ffff5929
ffffc3ee
ffffe05d
00002ad1
ffff68cc
ffff9e06
ffff7163
ffffe854
00003ff4
000063f3
ffffa433
ffff6c6c
ffff9bee
00004f21
ffffd72f
ffffe68e
ffffe13d
fffff56c
ffff93c0
fffff163
ffff4bfc
ffffc102
fffeea19
00004207
fffecaf2
fffffbe5
00001c21
fffff52a
ffff2f8f
ffff6042
00003895
00001436
00001b74
ffff8ac6
00000da0
ffffc0da
fffeaa06
ffff8649
000060ae
ffff3566
fffe73e7
ffff1098
ffff9c73
0000049a
00001403
ffff6006
ffff1dff
ffffcfc7
00002e08
00002074
000018d6
ffff9595
000000ff
ffffab7a
ffff5d94
ffff6e34
00004f10
fffeec4e
00001077
ffff36e7
00005bde
fffffe51
ffffe522
0000204f
00007972
ffff9a93
ffff4038
00000b3e
fffee8e5
ffffb7a7
0000753d
00008fea
ffff6937
ffffd6a1
ffff1d00
ffff7418
00000690
ffff35c5
ffffed83
ffffa997
ffffb487
ffff749e
fffffe9c
00002ade
fffe1a78
000081f3
fffff20f
fffff5cb
ffffbee4
ffffc456
ffff4919
fffefe17
ffff4f4a
00002576
fffec1a1
ffff337d
ffffffcf
ffff5b1d
ffff795f
00000926
ffffc743
ffffe4fe
ffffaa04
00006a85
ffffaf71
0000793b
ffffb963
ffffd385
ffff46c6
ffffd948
fffffa87
fffed8eb
ffffb536
fffffff2
ffff780d
fffff79d
ffffaba1
ffff9b96
fffe9887
ffffc141
fffffedb
00003ff7
ffffabb2
fffe28c8
000096fb
ffffb58b
00000f70
ffff9f51
00001dd1
0000892c
ffffcb42
000069ca
fffef5c5
fffea13d
ffff4985
ffffd812
ffffee1a
ffff5b5f
ffffd629
ffffc0ae
ffff60ad
ffff48a0
ffff928a
ffff452c
ffff2812
00005c1f
000007eb
ffffb169
ffffc2fe
fffff5c1
fffeed44
ffff669a
ffff3570
ffff3580
00008708
ffff8165
0000436f
00000cbe
ffff5619
fffff9b5
ffffdb70
fffef017
ffffcecf
ffffd608
0000426e
ffffa92c
ffff8b2d
000000cb
ffffc0f7
fffff6f4
ffff9f7c
ffff7922
ffff2ebe
00001500
00005a97
ffff6c0e
ffffdd65
00000ea2
ffff2fae
fffefd8b
0000230e
ffff93e7
ffffa06e
fffef6dd
ffff5ba7
ffffecbe
ffff9f86
ffffd66b
fffebd3e
00001809
ffff7086
fffffcc9
000063bb
00002d19
ffffc8c7
0000b10a
ffff9441
ffffd37f
ffffc83b
ffff3843
ffff825b
ffffe53f
ffffff0f
ffff7846
fffef2a3
ffff8a3e
000002ca
ffff7cc3
fffef7d0
ffff89d1
ffffc134
00000f60
ffff13d6
ffff5348
fffffb05
ffffe6fc
00005c88
ffffdc5b
00001d59
ffff4b97
ffff396a
ffff985c
ffffbc19
ffff77ab
ffff81cc
ffff31ed
000069a5
ffff3d2a
00006a65
ffffaa23
ffff5698
ffff10d7
ffffa601
fffffae8
ffff953a
ffffd011
fffff9a1
fffec4ab
ffffefce
ffff1000
ffffd117
00005d39
ffffc7dc
ffff7f39
ffff2e2e
00002598
ffff7b7c
ffffafaa
00006c1f
fffea05c
000045c9
000000d1
ffff2972
0000471c
fffeb771
000024f1
0000435f
ffffaee8
ffffb52e
ffffeb16
ffffc153
ffff4b81
000006d3
ffff47b4
ffffe7b4
ffffaeba
ffff71e6
ffff7cce
fffedbc3
ffffb99e
ffffcb13
ffffbfa9
000059e1
0000079f
ffffc0dc
ffff671b
ffffe05a
fffffd93
00000121
ffff4e74
fffff431
00001a31
ffffa748
fffff26c
ffffd473
fffed5d7
fffffd2f
ffff86f0
ffffb1bd
00000c10
ffffc29d
ffffdd55
00008e27
ffffda0d
00000321
000002a5
ffff8acc
ffff5f38
00007042
00000088
ffffa00f
ffffe1dd
ffff057d
ffff1f84
00000e17
00000d84
0000235c
000001b3
ffffc94d
ffffbedb
ffffd8ff
ffff5f10
ffffd72d
000007f7
ffffcf27
ffff97e1
00001beb
fffff91e
ffffd52b
000001ac
000037cf
00009c10
00004012
ffffce4c
ffff7d08
ffffb099
ffffcd2f
ffff96b7
ffffed87
ffffa276
ffffc435
fffff0e6
ffff939b
00001f00
ffffffa4
ffffb35e
ffff7193
ffffc95a
ffffadc5
00003666
0000d5c0
ffff5fce
ffff735f
fffeefe3
fffff7bd
00004885
0000241a
ffffe6e8
ffff8667
ffffb0dc
0000053c
00001203
fffffe10
ffff7595
fffff0ef
00008771
ffffb76c
ffff986b
ffff8417
ffffddb8
ffff744d
ffffe782
ffff6ae0
ffffbcef
00004f4c
fffff371
000042f4
ffff9296
ffffa65a
fffff564
ffff8e8c
ffffad23
fffff0ae
ffffd94b
00000074
ffffdc41
ffffca88
ffffd954
ffff909e
ffff0017
ffff5aed
ffffec54
ffff94b2
ffff81d1
ffffa3cc
ffff8705
ffff4233
000048e9
ffff5fc7
ffff9f4e
ffffbfb5
000018ad
0000331a
ffff8e6d
ffffcfe4
ffff6c3a
000056d5
ffff7782
ffff69a5
ffffbf8e
ffff9fac
ffffdfff
ffff56ae
000036f4
ffffd533
ffffad0a
ffffa249
ffff6015
ffffa68c
00000fef
ffff40c7
ffff9748
fffffca6
ffff2000
ffffbe44
fffffd7b
ffffd193
ffffcf2e
00002d3a
ffffd3e5
0000104c
ffffe07f
000072ff
ffffd7fb
fffff13c
ffff5b3a
ffff8afd
ffffb34d
000013a5
00004884
00001f3e
ffffc833
0000114e
00001ccc
ffffaa54
ffffe047
0000bd26
ffffdd37
0000225d
00004640
fffff427
000015c4
00007019
ffffaf24
ffff831d
ffffeca9
00001005
ffffec22
00005270
ffff5dd3
0000404c
ffff69be
00007d25
0000487e
ffffa1e8
ffffb143
ffffc144
ffff7ec7
ffff42a2
ffff918a
ffff7fb2
ffff5e16
fffffb45
fffff13f
ffff479d
ffffb5db
ffff1817
ffffb640
ffff337b
00000002
00002b1b
0000184c
ffff916c
000019ac
fffff319
0000132b
ffffbd13
ffffa514
00001151
fffef3f9
ffffb183
ffff6512
ffffbfed
ffffd568
fffff1d8
ffffddb1
00000efa
ffffa8cc
ffffff48
ffffed50
0000402f
ffffbd2e
000006c4
ffff2e24
fffff44e
ffffbfe9
0000230a
ffffaf99
ffffc264
ffffeb4e
ffffdf9a
ffffea69
fffff284
ffffb39e
ffffea2d
fffff4a4
ffffacbf
0000265d
ffff8af3
00005c38
ffff58e8
000031c3
00002b27
000046ba
00001b8d
ffffd9d1
00004e5f
0000bb9b
000033dc
fffe8287
0000129b
ffffa86f
ffff37a9
ffffdfef
ffff95ad
00000bdc
fffff5d7
00008c1a
ffffae78
fffff6a7
ffff9615
ffffc73e
fffe996d
fffffab7
fffff482
ffff994e
fffeb145
00005809
ffff812c
ffff6a00
ffff6710
fffffed4
000005dd
00006e51
ffffbe3f
00001803
00005ea1
ffffdf50
ffffa8ed
ffffe70c
ffffedd9
0000a013
00000ab1
00003760
00008251
fffff1e8
00000bef
ffff3489
00000336
ffffc48e
00006cbc
00000a08
ffff13eb
00010bcf
ffffa11a
00006f63
00001bbf
ffffefe6
000018cf
ffff47cb
ffff4b1f
ffff6fee
0000e349
00000c16
ffff00c2
00004c7d
00008f63
0000374e
fffff4e5
ffffbbf6
ffff5714
ffffa4c9
ffffcb6b
00007649
0000915a
ffffafa4
fffdc608
ffff7760
fffec210
ffffc268
fffffce0
00002164
00008735
ffffd555
fffffea4
fffffd87
00005b1e
fffffda2
000035d0
fffed9d0
0000172c
ffffdbd5
0000240a
ffffb105
00001f19
0000714c
ffffd9a9
0000119f
fffffd57
ffff699a
00003eb8
00001ae4
ffffcece
ffff7fae
ffff0000
ffffcca8
000079ca
ffff60b7
00004aeb
ffffe398
ffffb87f
ffff8f67
fffff198
ffff6ce8
00006e59
fffec818
0000b80f
ffffc921
00006de6
0000558b
ffffa79e
ffffa7e8
ffffc789
00004e2f
fffe978d
ffff7010
fffff45f
ffff72fc
ffff9426
ffff8448
000048c9
00005bad
ffff835d
0000157e
ffffbaaf
fffef58d
00001876
fffe544c
ffff7864
ffffde4c
ffffe3d7
000045f5
ffffe65a
fffefc60
ffffd3c4
ffffe42d
ffff64a6
00000add
ffffdc2a
ffff743f
ffffcec0
ffff81f4
ffff9365
000028c5
fffff480
ffff87a7
ffffe1ce
00002399
00002b44
fffffe1b
ffff1d23
00000afc
0000498e
ffff8b83
000061d0
000043b8
ffffe193
0000e7aa
ffff95b7
ffffbb9c
ffff8ea7
ffffef38
00005e3c
00002d40
ffffd6d3
fffea7fd
00003d69
fffdd5b6
ffffa263
ffffd887
00007c35
ffff8eef
fffffdc9
ffff4f6e
fffe2854
ffff4f31
ffffa73d
ffffbe9f
ffff5a0d
0000026f
ffffaf2a
ffff525d
ffffe12a
00009502
0000768b
0000329b
fffff32f
ffffcc0e
ffffd08c
00002d63
00001b6c
ffff97c8
000038b5
00002f8b
0000ade9
00007bc3
00002257
000054b0
00002f70
ffff367e
ffff1ba4
000000db
00001c8b
ffff768d
ffffd9a9
ffffeaa4
00004785
fffffce3
ffff60c0
00006779
ffffc11c
ffff9301
ffff310e
00000522
000038f7
ffffc24e
00004447
fffff35b
ffff9c45
00003129
00001d1c
ffff8b31
ffffeb65
00003d44
fffeb531
000012f8
fffefe56
000034aa
ffffdf43
ffff40ad
ffffcc23
000057d9
0000577e
ffffcdf4
ffffe805
00004ca6
ffffae47
00005f0f
0000077d
fffefd2c
000069f8
00003356
ffff087b
ffffc6f0
ffff8f4e
00008e9e
fffe4829
000051c8
ffffc02d
ffff0634
00000a6e
ffffc021
fffea0a1
0000358b
ffff8c68
ffffcb33
ffff589b
0000350d
ffff9bd4
ffff7fa0
ffffe920
ffff9a3c
00003808
ffff4e33
ffff0704
fffffe85
ffff98eb
fffe9e49
00005ec3
ffff54d3
00003e98
00006d4c
00005ef7
ffffb307
ffff76ee
00002ad2
ffff984f
ffff7d5c
0000526a
00001f5a
ffff9d5d
0000138d
fffff245
ffffe9a1
ffff52c6
ffffd76f
00003966
ffff5705
ffffaedc
ffffa9c8
00000b3a
000008c4
ffffeaba
ffffbf8c
0000150b
ffffde9f
00005c2a
fffffaa7
fffff4fd
ffffd09e
ffffb67d
ffffacae
ffff87e7
ffffd580
ffffa151
ffff9d0a
ffffaf33
000014ec
00000a24
ffffed6b
00000ec7
ffffe94f
fffea1a7
00002e33
ffffcc1e
fffffe3c
ffffef82
ffff82eb
ffffbe1e
00000447
000010b3
fffffbc6
00000112
fffff156
ffffa300
ffffef53
0000017f
ffffed0a
00006ebf
fffff692
ffffb707
00001715
ffffe6bc
ffffe209
fffefe26
ffff1b20
ffff34aa
ffff4707
fffff8ae
ffff7f03
ffff7cae
0000404a
00003c92
ffffecc2
00001246
ffffcf32
0000353b
ffffa843
ffff830b
00000d07
ffff59cf
0000122f
ffff42ac
fffff728
ffffd7ca
ffffe4d9
00005dcc
0000090e
ffffdf22
ffffd80e
ffffc482
ffffb2f3
ffffc6b2
fffff595
000002cf
00002355
fffff3bb
ffffdecd
ffff9a8b
ffffa4d3
ffff5f16
ffffd1b4
fffff454
ffffd917
00001499
ffff9879
ffffc47d
ffffe51a
ffff9393
fffffef4
00001c8b
ffffb0ff
fffe9a62
ffffd613
ffffe280
000017ee
fffff664
ffff6d01
0000848d
ffffede4
ffffccfa
ffff5fb7
ffffdfb6
ffffb653
ffffc91f
00002d31
ffff2aae
00005365
ffff9b56
000006b0
ffffc289
ffff52e3
ffffbc9b
ffffb0b5
00001fcd
ffffcbec
ffff80dc
00000339
00000f1a
ffffa8a1
fffff8d2
ffffeb4f
fffff0d0
ffff4f72
ffff4529
00008970
ffff9775
ffffa5e0
ffffe085
ffffc897
ffff434b
ffff4c2e
ffffeef3
ffff27da
ffffb5da
0000478e
ffffb0d5
ffff8772
ffff97e3
fffffbed
ffffeabb
ffff2ff2
ffff91bc
ffffd3e4
ffff8fc2
ffffe925
ffff5b63
00003a70
00000068
ffffb2b7
ffffce9b
ffffd382
ffff7d00
ffffca53
ffff979f
fffff2ec
fffef298
0000007f
000014be
ffffb0b2
ffffd649
ffffa95f
ffffffac
ffff8696
ffffade2
00004653
ffff729c
ffff9325
ffffa117
000008d3
ffffeb37
ffff8e13
00001536
000013ce
ffff9bfa
ffffa756
00001674
ffffce43
ffff59b5
ffffbc47
ffffab51
ffffff47
fffeea65
00005f9e
00000ec1
ffffd9dc
00002919
ffffd9fb
ffff7c93
0000059f
ffffd7dd
00000fd3
ffff5aec
ffffbaee
fffff103
ffff8782
00002196
ffff1e33
000049a5
ffffa28c
fffef131
ffff80ea
ffffd7b5
ffff1a05
0000227d
fffffeb7
ffff20b4
ffff6b5e
00002413
000007c5
ffff287f
ffff9123
00001d9f
ffffebf4
ffff63bd
00000d55
fffff204
00000241
fffff166
fffffbe1
00000423
fffff4f9
00000329
fffff363
fffff517
fffff1cf
00000dc4
fffff521
fffff3dc
fffff419
00000951
00000758
fffff6e5
fffff1dc
fffff5f7
fffff4dc
fffff630
ffffe97b
fffffa20
fffff5b4
fffffe06
fffffb9e
fffff16a
fffff33c
00000680
ffffd4a8
fffffc4a
fffff1d8
000005ef
fffff404
fffff0f7
00000273
00000b71
00000141
000005e0
fffff85b
fffffe2b
00000711
fffff65e
00000d64
00000d1c
fffff122
fffff5f6
fffffb84
fffff443
fffff410
000005cf
ffffef0a
fffffa5a
fffff2ff
fffffe3a
ffffffe5
fffff583
ffffebf1
fffff346
fffffcdf
0000027f
fffffc50
fffffac5
000009c9
fffff174
fffffcc8
00000431
ffffed3d
ffffecae
0000027e
00000b04
fffff7d5
fffff0a8
fffffb39
000001ea
fffff71d
00000097
fffff638
00000524
fffffc27
00000227
fffff986
fffff82e
000006bd
fffff092
00000038
fffff974
00000ce5
fffffbae
fffffb38
fffff3fe
ffffe3e9
ffffed9d
fffff030
fffff66b
000007df
fffff5e5
fffff157
fffff624
00000086
fffff182
fffff764
ffffe61f
fffff482
fffff243
fffffedc
fffff2ac
ffffed6e
000000b3
ffffece4
000001c8
ffffee98
fffff2d3
fffff7e9
0000014f
fffff944
ffffe780
fffffe1d
fffff435
fffff1b6
0000044a
ffffec43
ffffeb04
fffff535
fffff031
fffff8f0
ffffedbc
00000a02
fffff2ca
000009c0
ffffe933
0000007d
fffff926
00000035
fffff31d
fffff25d
ffffff60
0000079a
fffff082
fffff0ca
fffff52b
ffffe3aa
fffff2bf
fffff4e5
ffffee6b
ffffed02
fffff4b4
0000021a
fffff74a
0000036f
00000375
ffffe9ff
fffffdd5
fffff8dc
fffffd0a
00000696
fffff50b
fffff49c
00000bde
ffffff84
000000d1
0000002c
fffffb9c
0000015a
00000c3c
ffffee71
fffff670
ffffff70
00000895
fffff618
fffff685
ffffff2d
ffffea3a
ffffee05
fffffe99
fffff2e4
fffffe24
fffff4d8
fffff324
00001380
fffff88b
fffffd8e
ffffef11
000001b7
000001a9
fffff92c
fffffa36
000006a5
fffffc77
ffffebf9
fffffade
ffffebd2
00000c9f
fffffe81
ffffeb7f
fffffc34
000003b9
fffff44e
ffffef90
fffff75a
fffff186
fffff377
fffff8e7
fffff58b
ffffe3a3
ffffe950
fffff642
fffff9b3
ffffe8c5
00000261
00000373
fffff3f0
00000617
ffffffe0
00000cd6
0000066f
00000977
00000116
000005ce
00000542
000001ad
fffffdcb
ffffed7e
000008e4
fffff3b6
ffffff79
fffffca7
fffff77e
fffff207
fffff72b
fffffe43
fffffbc5
00000eea
fffff185
00000a1f
000002f1
fffff3af
fffff58d
ffffee0f
fffffbfe
ffffe96d
fffff704
0000001a
ffffecdd
00001045
00000023
fffffb6b
ffffe8cc
fffffc80
fffffb14
ffffeedf
ffffea33
00000783
00000ce4
fffffae3
00000c31
fffffd10
ffffefb3
fffff15e
00000824
ffffef1c
fffff8d2
ffffeb8e
ffffeac8
000003be
0000045b
00000bef
fffff7b4
ffffefe9
ffffef77
fffff70b
0000086e
fffff7b4
00000ad2
00000495
fffffce7
fffff0e0
00000cc7
fffffeec
fffff3d3
ffffeefe
0000078e
fffff097
fffff4fb
0000067e
fffffc46
ffffeba6
fffff30a
fffff9e4
fffffe4d
fffff188
00000602
ffffe04d
fffffef0
fffff63b
fffff4c5
fffff8b4
fffff17c
fffff0a9
00000120
fffff8ce
000009ff
fffff2f5
00000406
fffff7c8
fffffae1
fffff431
0000036d
00000b2f
00000886
0000043b
ffffec6c
00000063
ffffe8c1
fffff745
fffff8b5
00000291
fffff55a
fffffef1
00000837
fffffc3e
000002fa
fffff9c2
fffff05e
fffff766
fffffe0b
fffffac5
0000031e
0000048b
fffffaed
00000911
fffffb98
fffff575
00000443
fffff2eb
fffffc49
ffffff65
fffff693
fffffbfc
ffffffaf
fffff0c1
ffffeb34
ffffeefe
fffff689
fffff968
fffffc54
00000261
0000024e
fffff867
fffffc60
00000c1d
0000024a
fffff8c2
fffff6c9
fffffebf
fffffaa6
ffffee3e
fffff3c1
00000168
0000021b
fffffa3e
fffff2a4
0000088f
000002a7
fffff269
fffff6c7
fffff07d
00000198
000003f4
fffff524
0000011e
000001a8
fffff412
fffffb30
fffff1c1
000000dd
000003f3
ffffef3b
0000022e
fffff337
fffffe8a
fffff40b
fffffbc7
fffff3e8
fffffdbd
fffff873
fffff05c
00000406
fffff52d
fffff85e
000002bd
ffffed37
000002a8
fffffbee
0000030f
fffff2f2
fffff4fd
ffffe5a0
fffff5eb
fffff0c1
00000024
ffffecee
fffff837
fffffd79
fffffc5a
fffffd99
00000d0a
ffffffee
fffff20b
fffff303
fffff1fe
00000a1b
fffffffc
00000bf2
ffffef90
fffffd09
fffff2dc
0000048b
0000053b
ffffee6a
fffffa94
fffff3e0
fffffdfd
fffff861
fffff46c
fffff518
fffff4de
fffff638
ffffff14
fffffc19
fffff788
000008f4
ffffef7d
00000708
fffffc9b
00000fcb
fffff424
fffff072
00000ba8
00000bdc
fffff6b3
fffff990
ffffe945
fffffdfa
00000701
fffffe1f
00000bf2
fffff394
ffffff8e
fffff82f
fffff70c
00000676
00000857
fffff5cf
fffff571
fffff71f
fffff128
ffffef76
00000bda
fffff5f4
fffff4c7
fffff4fa
fffff1da
fffffc10
ffffef3c
0000039d
ffffecf7
00000024
fffff9b7
ffffedf9
000006c5
fffff42b
ffffe49d
fffffa5a
ffffe096
000006ae
00000363
fffffe43
00000ae2
00000157
fffffe91
fffff961
00000c11
ffffecf5
fffff131
fffff2cf
fffff938
00000130
ffffefd6
ffffeb49
fffff400
fffffce9
fffff9cb
fffff138
fffffb51
fffff374
ffffeeda
ffffecd9
fffff500
fffff04e
0000042e
fffff00f
fffffa57
fffff38e
fffffba8
fffff50e
fffff78d
fffffecc
fffffb12
fffff5db
fffff4a8
ffffd501
000011e6
ffffb704
00006d4c
000003bc
000024d0
fffffa02
00002b09
00003188
00002145
ffff2b16
fffff4ee
ffffa1c4
00003db8
ffffce23
00002ab7
fffff69c
00001203
ffff17f5
ffffb0ba
ffff0441
000013e0
000056bd
ffff92fc
ffffe1c8
ffffda44
ffffe767
00001574
ffff7eec
ffff128b
ffff5aa7
fffe7289
ffff85bb
00003c9f
ffffe2d2
ffff66dd
ffffed13
fffee8f1
00005d85
ffff7998
00004835
ffffb8c4
fffff83a
fffffd7c
000052c8
00001f15
0000a675
fffff3ba
00003e9b
000035d4
0000a700
ffffa607
000018ae
ffffd9c3
ffffdc20
ffffaf98
0000725c
ffff724f
ffff7224
ffffc4f8
fffff57a
00002b2e
0000c82c
ffffa7d7
0000bed0
fffeb69d
ffffe617
000068a1
fffff3bc
ffff6f21
ffffe553
ffff3f52
00000580
fffffe80
0000728a
ffffe510
ffff8fa0
fffff73f
ffffd014
ffff8c33
ffffe035
ffffea1a
ffffaba3
ffffe185
00004cf2
ffff7ed0
ffff641f
ffffdf2b
ffffb6b7
00005d63
ffffc461
ffff407d
ffff8165
ffff8be8
ffffa5a0
00000cb0
ffffcaef
00000449
000023e7
000003c6
00004311
ffffd80f
ffff733e
0000656c
ffff952a
ffff065b
ffff8953
ffff743c
ffff90ba
fffff050
ffff744b
0000a6e1
ffff7618
00000e50
000010c8
ffff9668
ffff3c86
ffff3601
ffff653e
ffff0c9a
ffffb3aa
fffe2f27
ffffb98e
ffff0545
0000019c
ffffd433
000021b4
ffffc742
ffffdde7
000010ae
ffffb2f7
00001b80
ffff96fc
ffffaa82
ffffe919
ffffcd45
ffffb995
ffffa89a
00005a76
fffff6f5
ffff6dbb
00001bc9
ffffbe1c
ffff3e0b
ffff9d80
000065ce
0000392e
ffffd08c
ffffc405
ffff5041
ffffaa04
ffff7b82
ffff9d24
ffffbc36
ffff8a7c
ffffb126
ffff7479
ffffda0c
fffffde1
fffff0c2
00001d82
ffff2d82
ffffb36c
ffffe473
ffff39a6
ffff8154
000045ce
000041f8
00000442
000055fa
00000015
0000284d
000048e6
ffff932c
fffe7ce9
000012f9
ffff3433
0000115a
ffffed80
00002b55
000019cc
ffffdf6d
00003ca9
ffff5cd4
00001be2
0000486b
ffffa81b
ffffe5f6
ffff0fb0
ffff7c5a
00006c92
ffffb1b3
ffff3463
ffff94eb
ffff9434
ffffaa51
ffffdf37
ffffa320
ffffcab7
ffff9431
000031f3
ffff937e
ffffc192
fffef3c1
fffeee5d
ffffbc39
ffffe091
ffffbf8f
00000fac
ffff6687
ffff102e
ffffd232
fffff404
00004c1e
00000c7f
000026e1
ffff9002
ffff79ac
ffffb19f
ffffa363
ffffad51
ffff8223
00005f25
ffff7f84
ffffb7ef
ffff607d
ffffc930
ffff3e35
ffff913a
ffffcdf4
ffff930a
fffff8e7
ffff43e0
ffff2d28
ffffbc7e
fffff4b7
fffffb91
00001588
00002cd0
00003bce
ffffe878
ffff5591
ffff790f
ffff6178
00005b6a
00004c9c
ffffe9d6
ffffef90
00000f73
ffff0858
ffffee4d
ffff83d6
ffffb3a4
fffff869
ffffba0f
ffff6340
ffffe442
00002130
00000a78
ffffe9dc
ffff9006
00003a57
ffff8373
00002307
ffff775d
ffffdbab
ffff918a
fffffa56
000049b0
ffff945f
fffffdf6
fffef1e1
00000b72
00001f9e
fffff1cb
ffff7fe9
ffffecdd
ffff7c07
0000a182
ffffc34b
0000452c
fffffde2
0000431e
00000cc8
fffff6ee
000010f0
ffffd64a
ffffd54e
ffffd450
000093e3
00000134
ffff707f
fffff1cc
ffffad49
ffffe33c
fffff36b
ffff8699
fffee5f1
fffff321
ffffa575
ffff0213
fffff575
ffff97ab
fffffd20
ffff8f03
ffff8c49
ffffdd05
ffffc8a8
ffff88f7
ffff6782
ffffe44c
fffdd854
00005e05
ffffe313
ffff3a39
00006967
ffffde52
ffff149b
000023ff
ffffa6a5
00003659
ffff7fbd
ffffdab2
ffffb7b0
00000951
ffff3644
0000a1d8
fffefaf7
ffffbd08
ffffd91d
00008ef9
ffffab3f
000054ed
fffffe9b
ffffdbb8
00008dd5
00003fc0
00000ee2
ffff6b09
ffff0baf
0000696e
0000696e
ffffb928
ffff7eb5
00001465
ffff1deb
00007620
ffff8187
ffffad51
fffff28c
ffff61bc
000008c5
ffff986d
fffec7a5
00006117
ffffc409
ffff0407
ffffb66d
fffff7aa
0000136f
ffff5f30
00008a3d
fffef6bc
fffec892
ffff8125
ffffdb7d
00003c05
ffff89f7
ffffd952
ffff6ef1
ffffcca3
ffff6547
ffffd9c5
00003fc1
00000f53
ffffe448
ffff853a
ffff890f
ffffb1e1
ffff5b1f
ffff33fd
fffed928
ffffd53c
00004647
ffff7918
ffff98f4
ffff085b
0000244b
00002ebb
ffffa599
ffffbe1a
ffff31ba
fffedcc0
fffff912
ffffd114
ffff8bc0
00004ea9
ffff214e
ffff6bb9
00001357
ffff57a9
ffff6e87
ffffdf30
00008719
ffff76e2
ffff5120
ffff4df7
00002ddd
ffff1142
fffff989
0000ad8e
ffffd2ff
00000628
00006a96
00000660
ffffbd67
00005e47
00001ef6
ffff9d0b
00003c09
00000559
ffff6687
ffff50ab
ffff5cd5
00001408
fffff28c
ffff6e73
ffff5dce
ffff524e
000048a8
ffff74c0
ffff76cd
ffff5967
00000e42
fffff734
ffff9587
0000007b
ffffa638
ffffe528
000031f0
000015cd
ffff20d1
0000219b
000085e6
000032c0
00000df0
ffffeca2
ffffc6e0
ffff8141
fffec61d
ffff8aa9
00000324
00000523
fffffc30
00000331
ffffb94e
00001205
00002571
fffff034
ffffd585
fffff509
000066f1
ffffb000
000062a4
ffff64bb
ffff37a8
ffff1309
000032c0
ffffe047
fffee93f
00000ff5
00003152
ffffc5cc
0000117b
ffffbea5
000053ef
ffffcd60
0000524c
0000227f
ffff37bb
ffff7bc0
ffff6bef
00004ffc
fffff5c4
0000d590
00002e35
ffffabfe
ffffebf9
ffffd31b
0000300c
ffffb497
ffffdabc
000040a0
00009ac4
00007c59
00001f6f
ffff61d5
00002548
000071a0
fffea5c4
ffffc9dd
00002cd9
ffff1956
ffffd982
ffffdb8e
000008a5
ffff38f9
ffffd245
0000140d
ffff5d88
00002359
ffffe3d0
00003b85
fffffc03
ffff05a2
ffffa7bd
ffffef53
00000210
ffff415f
0000041b
00002450
ffffc8b0
ffffb116
fffeebb7
00002384
ffffef10
fffec8a4
fffedab8
fffff6ef
ffffee9f
0000579e
ffff598e
00001254
ffff342c
ffffec23
ffff1827
ffffdb69
ffffcf32
ffff8d8a
ffff6f2e
0000045d
ffffe2d6
000098dd
ffffef78
ffff1d2b
00003a7a
000030f2
00003701
fffea76e
ffff78b8
ffff4ce1
ffffe742
00000e28
00003ec0
00000ec2
fffe1492
ffff7ac9
ffff937e
ffff239d
ffff8908
00004820
00001f70
0000239e
fffea5e0
ffff7366
ffff1692
ffffa525
00002a97
fffe2321
00001584
ffff6f01
ffff47da
ffffe842
ffffdc40
ffffea38
0000a6b1
00003900
ffff5052
ffffdd13
000052ad
000043d9
0000678d
ffffce3c
fffe4b5a
ffffd18f
ffffd54c
ffff155f
ffffd505
fffed1df
fffff9d1
00004f1f
00006999
fffee82a
ffffc714
000018c7
fffff21e
fffede58
ffff4ef4
fffed90a
00003d7c
000012ce
ffffb78d
00006fdc
ffff68e1
fffff8e8
000033df
000054f8
ffffff6a
ffff5fd1
00002e2e
fffed3ad
fffeab22
0000ab00
fffefa9f
fffed6b8
ffffc0ab
ffffe3bd
ffffdc89
fffd0294
ffffe7bd
ffff9a71
00001d96
ffff6a50
ffffb75a
000034e8
ffff4793
000008cd
ffff2054
000022dc
ffffb02c
fffef69a
0000c49d
0000513a
ffffff5b
ffff5ce8
ffff6d5c
fffe2ba7
fffeec5d
ffff9d76
ffff3536
fffff9c8
00003bba
000033bc
ffff86ab
ffffdfd9
ffff3cec
ffff740b
ffff5a5c
fffe4df1
ffff0abc
fffeb5ce
ffffa0cb
ffff5993
ffffbdb1
fffe887f
000061a0
fffee14e
00000f9d
ffff6642
fffffec1
ffff7366
ffffe4af
000085e3
ffffdee8
000089da
0000083a
ffff5333
ffff4f49
000077bf
ffff4198
0000017f
00001757
00009573
fffef184
fffe7269
fffe7d51
00002122
ffff8ba6
ffff65e6
ffff053c
fffef915
ffffd599
0000009d
00002be7
fffeb7d0
ffffaf25
ffffff92
ffffb17a
ffffacf5
ffffd9a8
ffffafa5
0000550e
ffff9878
ffff4b54
fffff250
ffff92b7
ffffd5b5
0000adce
ffff71f4
ffff810e
0000894d
0000b6c9
ffff7b6d
fffeb9ba
0000256e
ffff81dd
fffe9c20
ffff8915
ffffaaa7
fffeb3b6
00001e24
00000590
ffff7588
0000272d
ffff7eb8
ffff6632
ffff26cb
ffff5222
00002f14
ffff4238
000047bc
fffeb2da
ffffa12b
fffe94ab
ffff11ec
00003edd
00000a7b
0000130d
ffff5cf9
00002c9e
ffffc1f5
00006221
ffff3ecf
ffff3c08
ffff8c5e
fffe744d
ffff8b90
fffff159
ffff1ca3
ffffe58a
ffffc4ca
ffff4d38
ffff2259
ffffad82
ffffd952
ffffd580
0000124a
ffffcd71
000034ee
fffe5d3f
0000c48a
ffffc757
ffff4a66
ffffbe7f
ffffabc0
ffffaecc
00009402
ffffc57a
ffffd533
ffff5a2c
000036e4
0000511a
ffffb048
00003f1f
ffff9d4b
000019e3
0000124b
00003fed
00003909
000067c2
ffff33dc
ffffacec
fffffeac
00004ca3
fffde7c3
ffffbc4d
00009a15
0000110d
0000d13a
ffff1e24
00000bb4
ffff9f75
ffffc6b3
00008560
00000015
ffff4d9a
ffffd78d
ffffd05c
0000a997
ffff8436
ffff1294
00000e10
ffff7152
ffffe6e9
00002789
ffff9327
ffffecdc
000040f3
ffff7386
ffffac4e
00000dcd
0000cdf1
00004425
fffea563
ffffd30f
00001566
00009ba1
ffff66b3
ffffea04
ffff8832
fffff0ae
ffff256a
ffffeb5a
ffff7985
ffff78ea
fffe9878
ffffbd09
ffff932f
00002796
00004172
ffffed58
ffffa949
ffff5929
00000733
ffffec54
ffffff99
ffffc866
0000169b
fffffb05
ffff86fc
ffffe386
fffebcbf
ffff8782
ffff61f2
ffffc63b
00003aeb
fffff043
00001a26
ffffc932
00000aa1
fffffbe2
ffff7f7e
ffff486c
ffffa686
00006b9b
00000201
ffff8cf0
ffffb911
0000489e
00002107
00006b31
ffff1af9
00002238
00003964
fffee96d
ffff1811
ffff2355
fffe5b3a
00006219
ffff29d7
ffff7cb5
0000250a
fffee4a8
00000f82
00001fc7
ffff73d8
ffffdccd
fffff64a
00001832
ffffce6c
ffffbd2d
ffffc488
0000196c
0000927a
00002012
ffff2aba
000003b5
fffec8d1
fffe193f
ffffbad3
ffff4597
ffff6646
00002765
00001ee5
ffffae7c
ffffb499
00000239
000005d7
ffffa269
00001c03
ffff753f
ffffe69d
ffffdf37
ffffa13e
ffff68fc
0000440e
0000990a
ffff8cfb
0000761a
fffebdf7
ffff9d93
ffffd28a
ffff9ec3
ffffdde7
ffffda29
ffffb09b
fffeb722
ffffab95
ffff9aec
ffff4db6
ffff33fe
0000335c
000019d2
ffffcd2a
ffff2a8a
ffffac85
00004657
00000a9f
000017fc
fffff3ce
ffff4406
00000a4a
ffff4d5d
ffffdfc9
0000a334
ffffdc29
fffff55b
ffff5269
000028b2
00004011
ffffaadf
fffff442
000018e0
ffffc92b
fffff545
00004eb8
ffff89c3
ffffed3f
ffff6109
00002252
0000e326
ffffb58c
ffff0770
ffffc142
ffff1a34
fffff520
ffff52bd
00006c63
00001784
000043d9
000033b0
00001a59
00000b68
00008c96
00001a97
ffffea98
00001712
0001692e
ffff3b73
ffffc410
00000200
ffffad22
ffff9258
ffffbbd3
ffff01e5
0000970d
ffff944b
ffffebba
ffff20a1
ffff9afb
00005e6c
ffff2e9e
ffffd097
fffe8f21
ffffb05c
0000003a
000039cb
00009f04
0000446f
fffee3d2
00002d24
ffff73fd
ffffe3d4
ffffcc85
ffffc26b
ffffa99f
fffffb57
000016b5
00003923
ffffd6a3
00002654
fffee53c
00001f4f
fffff293
ffffcc9b
ffffe803
ffff32e7
00007536
ffffb4a5
ffff53e1
ffff873b
ffffdb93
ffffa1f2
000007e6
ffff1c32
00003c49
000010d4
00006ac5
000001c5
ffff4bb0
00002005
0000de0a
ffffe584
ffff2744
ffffbe6f
ffff081f
fffef769
ffff9fd8
ffffb77b
ffff4b4a
ffffc86c
ffff1f93
00001518
000015e2
fffff57f
fffff74b
0000016e
fffffcef
fffffe3d
fffff746
ffffe5bd
00000b3b
00000245
00001fea
fffff24e
00001758
fffffb52
fffff33a
fffff777
0000034a
fffffdf4
ffffe4d9
00000504
fffffa2a
ffffef84
ffffffe2
00001199
fffff431
00000718
0000073b
0000060b
00000797
fffffca6
ffffeea3
fffff2f5
fffff633
00000466
000006a7
00000864
fffff769
0000040f
ffffdc2c
ffffe8e2
ffffea27
ffffefac
ffffdfd5
00000735
fffffcfe
fffff98d
00001979
ffffed33
fffffa80
ffffe9e3
fffffc02
fffffdde
00000106
fffff3c5
fffff5a6
00000f3a
fffffdee
0000052c
ffffe653
fffff092
fffffedc
fffffb1c
000003e8
fffffed5
ffffff81
00000c2e
ffffed0c
00000197
fffffd68
ffffe702
000000c8
0000042a
ffffeb2b
ffffdf76
ffffede7
ffffeafa
00000e87
fffffd4b
fffff499
ffffff99
fffff834
ffffe266
fffff447
0000066b
00000ced
fffff56f
00000499
ffffe832
00000227
fffff634
00000152
00000185
0000074c
fffff5c3
00000383
fffff8cf
ffffff21
fffff3d2
fffff5e5
00000768
ffffecf3
ffffdeb7
00000749
000007a8
00000528
00000221
ffffe5f1
fffffe7b
0000062b
fffff050
fffffc26
ffffe70f
fffff402
fffffcb2
ffffef0a
00000122
ffffe73d
000001de
fffffeb1
ffffedce
fffff6c9
ffffee3a
ffffe8bd
ffffe0ad
000000f9
ffffe7df
ffffecf2
0000048f
fffff5d7
fffffe9e
ffffdda7
fffff12c
fffff5d5
fffff0d5
fffffd31
000008bd
00000443
ffffee20
ffffe980
fffffc1f
00000272
fffff912
fffffcb4
fffff71e
ffffe35a
fffff183
fffffa15
ffffece6
fffff9c7
ffffefb7
000000d0
fffffa9f
00000858
ffffec18
fffffb52
ffffeb50
00001039
00000d4d
fffff147
000006d8
fffff27e
fffff4e9
ffffeb24
fffff459
ffffd99c
fffffb97
ffffee71
ffffe807
fffff26a
00000277
fffff524
ffffead4
ffffe2ca
ffffe2a5
ffffea3a
ffffecdf
ffffecf4
fffff73b
00000624
fffff91c
00000b4a
ffffe9d4
0000048f
ffffd93b
00000232
ffffeca8
000003e1
fffff607
fffff813
fffff8ee
fffff4c5
00000539
000004c1
fffff287
fffffbb0
ffffef9c
ffffefb6
0000055b
fffff327
00000041
00000abc
000007aa
00001800
00000342
ffffe84c
ffffe3ac
fffff1dd
ffffea16
fffff969
ffffff54
ffffe609
fffffa9e
ffffe626
fffff4ed
00000231
fffffe3c
0000028a
ffffec1c
ffffeb36
ffffe175
fffff0d2
fffff581
ffffe5f7
00000df7
000004ff
00000598
00000838
fffff71b
fffffcd8
ffffedd7
fffffbbc
ffffeab2
ffffeb97
ffffea3a
fffff682
fffff7d5
fffff583
ffffeee0
ffffed3f
fffff86c
fffff182
fffff99d
000005df
fffff49e
ffffea65
fffff8d0
fffff7b8
ffffe83a
ffffeb81
00000346
ffffe9ec
fffff75f
fffff01e
00000220
ffffffba
ffffe6de
fffff93b
fffede49
fffff925
000015a0
ffff04ec
ffffcf2c
ffff7115
00002ec5
ffff973c
ffffb68a
ffffaa3d
fffed191
00001081
ffffad74
ffffed14
0000111e
000033dd
000009e4
ffff250d
ffff5e5f
ffff14d9
fffff824
fffed307
00002336
ffff5ff0
ffff8256
ffffbf4a
000021b0
ffffb1f6
0000259c
0000440e
ffff7720
ffffd39b
ffff3190
ffff215c
0000c361
fffe8556
ffffbecd
00006d7e
ffff8425
ffff94f8
ffff7e86
000036cf
00000934
ffff4d68
ffffb3c0
00008eac
fffff704
fffe9e07
ffff0508
ffff6a8c
0000a48e
000052ec
ffffd9ea
ffff915a
ffff37b1
ffff6ba5
0000165d
ffffa4e1
ffffdcf5
0000432e
fffff672
ffff5296
0000306a
ffffa420
ffff9fd4
fffeee98
0001113e
000068c1
ffffcb5c
ffff5b1f
ffffa230
ffff725d
ffff627d
ffff733f
ffffd6f0
000007ae
ffffc306
ffffffdd
ffffee1d
00006eaa
ffffd07b
ffffe067
ffffc3a6
00005d52
00003daa
fffff230
ffff46f3
00002310
ffffaa9b
ffff4716
00008149
ffff3f8a
00007c8b
000008a3
fffea816
00000e3a
ffff6c44
00000bb5
00005439
000066cf
ffff6b39
0000d750
00003802
00007eed
00012090
00005920
ffff07e8
00005cfa
ffffbfa1
ffffe9a2
000022b0
00005c6b
ffffd874
ffff7134
ffff94c8
ffffec47
ffff3df7
ffffd896
ffffdaa9
0000d70b
ffffc24d
ffff83de
fffe0ad7
0000404c
ffffa2bb
ffff2843
ffff22a5
ffff7858
ffffdc74
ffffda8c
ffff81ae
ffff50ea
ffffea2c
00001933
ffff2cc0
ffff9e28
ffffcc43
fffef622
ffff7837
ffff8a6e
ffffaa1f
ffff7b4f
fffecffd
ffff359c
ffff024c
fffffbda
ffff43c2
ffff9c10
000038e4
00001c67
ffffb305
00001cfa
ffff561b
0000463b
ffffc8e8
000093ac
ffffc3cb
000012a5
fffffe4a
00003453
ffff3f4b
0000738c
ffffc9e4
00002dda
00005601
ffffa9fd
000003f0
00000b86
ffff7d9a
0000806b
ffff56b7
ffffeda3
00006986
ffffe674
ffff8aa4
ffffe9a4
ffffb36a
ffff2ea7
00007191
00004186
00006815
fffebe3d
fffff31f
000037dc
00006128
ffffa929
ffffe5ea
ffffa8eb
ffff6f01
00004a2b
ffff435c
ffff3b17
ffffdde9
ffff0586
00005607
ffffc1e8
ffff8dad
000011ba
ffff8eca
00007677
000048a0
fffff207
00000cb2
ffff700f
ffff74d9
fffebdaa
ffff1b54
ffffd07b
ffff83b6
ffff8f04
fffff07d
ffffea3b
00002623
00005c5b
fffff17b
ffff8366
ffff5890
ffffc90e
00001796
ffffb85d
ffff9e24
ffff90b9
ffff5257
fffdcb99
0000851d
000045e7
00001a92
fffeda60
ffff3c51
ffffc8c0
ffff90f5
ffffa47a
00003317
ffff3147
fffff618
00000777
ffff97f7
ffffbe1b
ffff661e
00002e5b
ffffbff7
ffff4232
00002fdc
ffff865a
00006ada
fffecc96
fffff5ff
ffff72bc
fffed06d
ffffe6e5
ffffb105
ffff7378
00004f73
00009d4c
000030f5
000016b3
00006617
ffff67db
ffff1f8e
ffffec97
ffffb536
00003fa5
ffff81dc
00007e17
00002692
fffff4ad
ffffbe10
ffff6133
ffffc5dc
00001553
000035e4
ffff2b30
fffff15e
0000164d
ffff0421
ffff9c88
000060b3
fffee031
ffffba53
ffff99dc
ffffe5f7
ffff8f0d
00000c81
00005ff8
fffef1a0
fffff20d
0000110f
0000314e
ffffba21
fffff46b
ffffb6fd
fffef21c
ffffdac4
00001aa4
ffff5f57
0000355e
ffffc296
ffff4591
fffff1cb
ffffc7b3
ffffeb46
ffff080b
ffff26ef
ffffa628
ffffb277
ffff4ae3
ffffb3b1
ffffbffd
ffffe923
0000702a
fffff93d
fffe46c3
00003f0b
fffea805
ffffc4e6
ffffa1db
00000948
fffd9120
ffff58fe
fffffffa
ffff7efa
ffffbaa1
ffffbf10
ffff37d8
ffff8d02
ffffb624
fffffafb
ffffdab0
00003fa6
ffff5daf
ffffcc69
00007e2c
00004d5d
fffffff4
ffffe923
ffffaade
fffefcb7
ffffc512
ffff7861
ffff746e
fffef804
ffff9796
fffe396c
00005c01
ffff6cf2
000011c0
000043ec
ffffd3e6
000030fe
ffffb352
fffed863
fffff739
ffffbc1d
ffffd55e
ffff8a1c
00004c25
ffff1a3d
ffff1b94
fffffa18
fffefcf2
000032cd
ffff1f9b
ffff0aec
00005eba
0000090a
00008878
0000081f
fffef77d
ffff1985
00006258
ffffcba1
ffff4e5b
00000ded
00003ef6
ffffc7b3
ffffa44a
ffffed00
fffddc4d
ffff8fc5
ffff8938
ffff8206
00009102
ffffb2ce
ffffe06f
ffff86b6
fffe32e5
00002c94
fffffaa6
ffff0725
fffe9e2d
ffffef9f
ffff7472
ffffdd56
ffffc20d
000035c6
ffff0577
ffffdb67
fffeefc5
00004e58
ffff6507
fffff3c4
ffff9e01
00003b14
00007ceb
ffffdceb
fffff418
ffffa86e
000017ae
ffffb85a
fffeb8d2
ffff69b5
ffffbae7
ffff3e18
ffff34aa
00000201
00001e97
ffffdbb3
ffff9214
00002784
ffff907f
ffff3833
ffff63fb
ffff7630
ffff31da
ffffc82f
000017b1
ffff6c20
ffffc626
fffffe11
00002c68
ffffc202
00003a5f
ffffd846
00004a28
fffed902
ffffd33b
ffffdc82
00002016
fffff75f
fffeb769
ffffab8b
00000268
ffffc37c
00001099
ffffb01a
ffffca59
00000f2c
ffffc930
ffff774d
0000976f
ffff34c2
ffffe81b
fffe96b6
ffff9797
00000a8b
ffff7dfd
fffed289
0000112c
0000a2c6
fffff4f6
00006217
ffffec89
0000247d
ffffc115
fffec4d1
00005f5a
fffe62b7
ffffda74
00008430
fffff179
ffffeab6
00001ece
ffffa8e0
ffff8c33
0000825f
ffff2a7c
ffffd513
ffff2ace
00002f89
ffff778c
0000209f
ffffd2cf
ffffa11a
ffff0368
ffff39b3
ffffa6ce
fffef39a
ffff5de4
00003857
ffffb37a
0000796a
000006c0
fffffa4d
ffff0474
00002673
ffff76a6
000018a7
ffff3aa9
ffffaff7
ffff9608
ffff89de
0000a5a2
fffff825
00001522
00001150
ffff323c
000025bb
ffffcccc
ffffa973
ffff4a24
00001a4c
000000f9
00000337
fffffff3
fffffe3e
000002fc
fffff868
ffffee80
ffffe80c
00000f2e
00000559
fffffadc
fffffc7f
ffffed80
00000a3d
00000963
00000056
fffff702
00000180
ffffedf9
fffffa9e
fffff230
fffff97d
fffffdcd
ffffe897
00000994
fffff0bd
0000051c
fffffc4a
ffffe7f9
ffffe4ab
fffff90a
fffff0e3
fffff79c
ffffed8c
00000b70
00000430
ffffedb9
00000630
ffffffc0
ffffead2
fffffd40
fffff69d
ffffefbe
00000fde
fffff5b9
fffff735
ffffee9e
00000ca2
fffff3bc
fffffef6
fffff88a
00000325
fffffbbd
fffff6b2
ffffef71
fffff4d4
fffff03d
fffffd8e
00000101
fffff835
fffff694
fffffb40
000004bd
00000581
ffffeb90
0000079c
ffffe901
000007ae
fffff232
fffffdc5
ffffeeb7
00000182
ffffeff0
fffff0c6
00000224
fffff94b
fffff3de
ffffeffb
fffff597
fffffcda
00000493
ffffe5dd
fffffc5c
00000551
fffff6ec
00000536
fffff00a
fffff6e1
000001e5
fffff27f
ffffedf8
fffffe8a
fffff27d
ffffe0a0
00000193
000002a6
fffff774
ffffebc3
fffff987
fffff857
ffffff61
ffffe7e8
fffff008
fffffead
ffffe7be
ffffe1f7
fffffa44
0000044e
000000bd
0000049a
00000b21
ffffec9a
00000141
000004ab
000001ea
ffffec41
fffff9f6
00000cc9
00000126
fffffdc4
fffff373
000000fb
00000a37
ffffeea6
fffff0f1
fffff435
fffff56f
fffff813
ffffe9e7
fffff0bd
000007fc
fffff9d9
000001b5
fffff182
ffffe732
fffff976
fffff0b1
ffffe9a5
ffffeebb
ffffed56
fffffc46
ffffec2b
fffff584
fffff236
ffffe741
00000a1c
fffff138
000006f1
fffffa0d
000003c5
fffffe11
fffff4e9
fffff5d0
000002bb
ffffe6da
000000a3
fffff3d0
ffffedef
fffffef9
00000a31
fffffa7d
ffffe967
fffffe5a
0000007b
ffffef36
0000065e
ffffdf8c
fffff49c
ffffeef8
ffffee73
fffffef9
ffffe966
ffffe9c6
fffffb13
fffffcee
ffffe87c
ffffdfcf
000001d7
fffff8e3
fffff288
ffffd809
fffffda4
fffff00f
ffffe2d2
fffff209
ffffe6a9
000008a4
fffff21e
fffffbd4
00000547
ffffe8bb
00000ec4
fffff555
fffffb20
fffffe14
00000193
000007dd
fffff541
fffffa69
ffffe8f4
ffffeba9
fffffc83
00000235
fffffe01
fffff7c4
00000410
00000279
000009e8
ffffe4d8
000005e7
ffffeb85
fffff513
fffffc29
fffffb63
fffff58b
ffffe992
00000de6
ffffe5d9
ffffee43
000000f8
ffffecc7
fffffb84
fffff2ee
fffff3cd
fffff6da
fffff8d5
fffffd2d
fffff532
fffff6c2
fffff3fb
fffffbcb
00000383
00000ab9
fffff6e0
ffffed52
ffffec4d
00000617
000001ee
fffffa41
fffff68f
00000907
0000070b
ffffe897
0000001a
fffff04d
ffffedc0
fffff941
000004f7
ffffffc0
ffffffcf
0000013f
fffffbc7
fffff5df
00000297
ffffea34
ffffed14
ffffeec1
fffff412
0000004b
ffffebcb
fffff478
000008d5
fffff90f
00000a72
000004a1
ffffff55
fffffb3a
fffff4a5
fffffb74
fffff8fb
fffff381
fffff59c
00000063
00000b2e
fffffac5
00000109
ffffec8a
ffffff98
000007cc
fffff398
fffff962
00000307
fffffbc9
00000a98
fffffcab
ffffec3f
fffff49e
ffffe5eb
ffffeaa2
fffffd7e
fffff00c
000006a1
000009ff
00000837
ffffe1f6
ffffe8d1
fffff12f
fffffd5e
ffffec79
00000b3e
00000794
fffffdc6
fffffd9c
fffff3f5
ffffff3a
fffff6d9
000006fd
00000364
000002ec
ffffef58
fffffc4d
0000030c
00000599
00001187
fffff5b5
ffffea37
ffffeadf
fffffa99
fffff888
00000056
000005d2
fffffa07
ffffec14
fffff103
00000990
fffff191
000004ee
fffff053
fffff25e
000008df
ffffff5c
fffff78a
fffff730
ffffeeb0
00000ffc
fffff2d5
000004fb
0000067d
fffffa5f
fffffaf6
fffff0bf
000003f6
000006bd
fffff44b
00000106
0000046f
fffffd30
fffff9d3
000009fd
fffff378
fffff4f9
00000560
fffffb49
ffffe99e
ffffee54
fffff464
00000639
00000445
ffffee9c
00000708
000005eb
0000119f
ffffe61f
ffffeebc
ffffeca1
fffffce4
fffff4d7
000003eb
fffff98b
00001070
00000b41
0000023d
000004f7
fffffa0b
fffff1d4
0000014e
fffffdc4
00000d1c
fffffc69
fffffac6
ffffec3f
00000bd7
fffff02b
0000038c
0000035c
fffffb92
fffffec7
fffffa2b
fffffd4a
000005ce
ffffec8d
fffffb50
00000476
fffff045
000007aa
00000063
fffff6e5
fffff519
fffff3a1
fffff3c0
fffff963
fffffee6
ffffed60
fffff5c2
ffffef45
fffff74b
fffff44b
000001bd
fffffefa
00000183
0000053d
fffffc32
0000014b
fffffb37
fffff342
fffff299
fffffaef
fffff1c2
000005b1
000007e8
fffff0e9
0000042b
ffffee2e
fffffb54
0000045f
fffff804
fffffe63
fffffc3a
00000386
fffff24f
fffffe15
ffffe41b
fffffad1
00000b16
fffff82b
0000001f
00000716
ffffeae8
0000066e
ffffea41
fffffb97
fffffa67
000008fc
ffffea73
fffff45d
ffffeec3
ffffebc5
00000383
fffffa31
fffffc2b
ffffea00
0000010b
00000aab
fffff3a0
fffff7fc
ffffeaa0
00000d6b
00000a6c
000005e4
000002d0
ffffe97f
0000027a
fffff115
ffffec95
000007e9
fffff508
fffff798
fffff114
ffffeec0
fffff619
fffff949
ffffff2d
fffff664
fffffbdf
fffff034
00000e30
fffff51c
fffff124
ffffef56
fffffb30
ffffe0a5
00000395
ffffef17
fffff93e
fffffbb1
00000668
000004c7
fffff655
00000776
00000963
fffff0f1
fffff61b
000008de
00000b11
ffffeb98
fffff1f7
000011b0
000011cc
fffffb11
fffffc01
00000736
fffff051
000001d5
fffffab4
fffff012
00000091
00000549
fffffe6c
000002f0
ffffefb8
fffff3ec
00000352
fffffbc7
00001aa3
fffff2c8
ffff7f87
ffff25d2
0000b32a
00005211
ffffe7f5
ffffc02b
00001d5c
000068aa
ffff9de9
ffffddf0
ffff04ec
00000c86
ffff0f25
00002b90
fffffe95
000038c5
ffff5a87
ffff89a5
ffffd52c
ffff83c9
ffff2274
ffff9449
ffffc60d
ffff973f
ffff49dd
000049cc
000083fd
00001b80
fffed2ed
ffff7dfd
00008ff3
ffffeb08
00008dbf
ffffdf9e
000084f9
ffffc1b6
ffff5f4d
fffdcff5
ffff71fd
00001d13
fffff350
0000cce1
0000012e
00008b34
00006d2f
00009519
ffffae1e
00001703
000000fe
000025d7
00000845
fffec4ed
0000a553
00001dee
ffffa728
ffffebb8
fffef1c6
ffff9db5
ffffffd4
ffff5cb1
0000bbd4
ffff4534
ffff8d28
00001d10
ffff1e2f
ffff9ebe
ffffe8ad
ffff6f3b
00009d95
ffffea1f
000015b9
000049a0
00017b10
00006aad
00006028
ffffff4a
00005fdb
fffff63d
ffffb8ea
00005e1d
00000c26
000062dd
fffeda1a
ffffe31c
ffffc07d
ffff6e43
0000135b
00005308
fffee7ec
ffff276b
000017bb
ffff8e9b
ffff3968
00000537
fffffddf
fffeeb8a
ffffd22c
00001c8a
ffffd2b7
ffffa964
ffff7ac7
00001057
00010e3d
ffff9ea7
00008546
ffff970f
0000270a
ffff00da
ffffa24e
ffff25b2
ffff8770
000047a1
ffffb91a
ffff4ef9
00004092
00000590
000097bb
0000948c
fffeab95
ffffca8b
fffec839
fffeee4c
fffe3d12
00007d04
fffea4dc
ffff8885
ffff546f
fffff5ca
ffff63e1
ffff8c5a
ffff6d7a
ffffb2a0
ffff51f7
ffff6a0d
00005d88
ffff827d
fffff893
fffeaa5e
00007d50
000052d0
0000542f
00001278
00001b0f
ffffe803
ffffb9f5
ffffa726
ffffd8d5
ffffeb68
ffff830e
00006cd7
ffff65af
fffffa15
fffee3bb
00003871
00004d4e
00009330
fffff5d7
ffff9aaa
ffff51c5
00001bd4
ffffe79e
ffff311e
ffff28c3
00002cd5
0000080e
ffff6d25
fffec68c
ffffa309
ffff6312
fffff423
00003c1d
ffffdefb
fffeb35e
ffff72dd
00011d11
ffffe59d
ffff49b0
00003408
0000aa00
ffffbfee
ffffcc5a
00006c2d
ffffb651
00004df3
ffffea1e
ffff6bea
0000347a
fffef057
fffffe01
00002d3a
ffffdfae
ffff5553
fffff015
ffff42ef
00003102
ffff9f78
00001595
00003c6b
ffffe0cf
0000c578
fffffe3a
ffffbc0b
ffffffa1
fffe00c5
ffff11be
ffffa67e
ffffe05c
00005b6d
00005eda
ffff5496
000034e4
ffffd7fc
00000a39
ffffa23a
ffffec99
ffffc12a
0000c7fd
ffff7a5c
ffff8907
0000132f
00007fe6
ffff7315
00005271
00000678
ffff0ee9
ffff9fea
000025f5
fffec054
00003b1e
0000adfc
ffff9891
ffffd36c
fffff478
ffffb81d
ffffa66c
ffff50f7
00001793
fffef42d
ffffcc0d
00005679
ffffb3f0
00001585
00002e5a
0000b225
ffff7b80
00000364
ffff73db
ffff6a57
ffff833a
ffff8dac
ffff7ca2
000081fe
000033c7
00003757
00000037
0000013c
ffffe889
fffff624
ffffeb7b
fffff23d
fffff419
ffffe089
000001c4
00000c4c
00000f9d
000005c4
fffff407
0000056e
ffffdab3
fffff9b0
fffff19c
ffffeaf0
ffffef1f
fffff5b0
ffffe920
ffffe72e
00000408
fffff3f3
0000029e
000000c1
ffffe21e
ffffeb3d
00000055
fffff63c
ffffe8d0
ffffe7ff
fffff535
fffffde1
fffff5f1
ffffea30
000006e4
fffff3e7
00000406
ffffe7fd
fffffa9e
0000091f
00000343
0000024c
fffffd55
fffff708
fffff0cf
fffffd30
ffffe3bf
ffffe8ee
ffffe7cc
ffffe6bd
ffffe9e7
00002250
00001108
000001ac
ffffeaba
0000248b
ffffe654
000000b5
fffffdda
ffffe8ae
ffffe9d1
00000745
00001465
00000743
ffffeb8f
ffffe199
fffff566
fffffb8d
00000505
ffffe666
00000201
fffff3a9
fffffef0
000001a7
fffff359
00000cca
fffff9bb
ffffee83
00000388
fffff471
000002b2
fffff138
fffffee5
000003e2
ffffe53b
fffff553
0000041d
fffffc66
00000154
00002055
fffff6d6
000005e6
000000d1
000002f6
000002f3
ffffed1d
fffffe40
fffffaf5
00000e10
fffff8c1
fffff916
00000837
ffffe4ce
ffffe41d
ffffeec9
ffffe8c9
ffffe5f3
00000e5d
ffffecea
000002a2
fffffe85
fffffb96
00000f98
ffffec95
fffff626
ffffea6a
fffff870
fffff01b
0000074f
ffffe970
fffffd4d
ffffe529
00000439
00000aa5
000003d4
ffffeb2f
00000628
ffffeca0
00000636
fffff1d9
ffffd4ba
fffff74e
ffffe7ad
ffffe0cc
ffffd10b
00000f79
fffffe39
00000395
fffffc93
ffffea1c
ffffea8d
ffffe55b
fffff7c3
fffffac5
00002090
000003be
fffff858
fffff0e3
fffff529
00000849
fffff62b
fffff564
fffff8a6
ffffea48
00000632
ffffd455
fffffd1e
00001213
ffffd3f3
fffff2f9
ffffe95b
0000085e
ffffffbf
fffff107
fffffd3e
ffffe192
fffff665
fffff472
ffffe7f3
fffffb0f
ffffe238
fffffdd7
000015d7
fffff5fb
fffffc3d
00000867
ffffeb59
fffff36e
fffff1a9
fffff247
fffff20b
ffffde55
fffff727
fffff417
fffff5ff
00000201
0000069c
fffffffc
ffffe962
fffffa13
ffffe5f4
00001e0e
ffffefe6
00000303
fffff364
ffffd59c
fffff981
fffff0a9
ffffd0c1
000016a6
ffffe7af
fffffb20
fffff423
fffff220
fffff1cb
ffffe441
ffffe0fd
00000da1
fffff373
fffffc80
000006fd
fffff629
fffff9d4
00000f07
fffff456
ffffedd8
ffffdc30
ffffe5ee
ffffe3a4
fffff82c
fffff08b
fffffc13
00000da1
ffffe37a
ffffed63
000016ab
ffffed0a
00000c05
fffffac5
00000574
ffffed72
0000067b
0000052e
fffff594
fffff000
fffff513
fffff796
ffffec87
000003cb
fffff00f
fffffe06
fffff262
fffff0a2
ffffe47d
ffffefad
ffffeb86
fffff73b
000000a7
fffff903
ffffe80c
00000848
ffffe76b
ffffeef0
fffff014
000019e6
00009293
0000500e
000088ea
ffffd49f
00002113
fffe51e5
00000e74
00015051
fffff9e4
000035e3
00001dc9
00009746
ffff6144
00004e36
0000195e
fffffa9c
000108a4
0000543c
ffff4b9a
ffff5beb
00008e02
00009072
ffffd672
00006f58
ffff5504
0000711e
ffffc420
ffff9ffe
00003ad9
00002648
000082cc
ffffff00
ffffa408
fffece4c
ffffbfb5
00009908
ffff71f5
ffff4879
ffffa53d
ffffda98
00004e46
fffff266
fffe16b7
fffef86b
ffffbf1d
0000a7b2
000032c6
fffeef61
ffff4f7d
ffffdbaf
0000100a
00002c75
ffffb453
0000ab41
00002727
00004573
ffff3917
ffffcf97
000063f2
ffffdbfa
ffffc832
ffffffe1
00003f39
0000704b
fffe3f80
ffff1bd7
0000425c
ffff6431
00005157
00004f6a
ffff6714
00010839
fffff172
0000794c
0000b84e
000046fc
0000089d
0000afdd
0000c904
000029ce
fffff229
ffffe834
ffffadd5
0000d682
00009329
ffffff15
000020e4
ffffebe5
fffffd76
00007ac9
ffffc680
ffffcf3f
000100ff
0000253b
fffff6a3
ffff2e88
ffffa4e6
ffffe348
ffffdfad
ffff1398
0000195f
fffe3b8a
ffff9f40
00004234
00007a2a
00000f64
000079e3
ffff2631
ffff4db6
ffffbfff
fffff45f
ffff6bb1
fffec693
00001140
ffffd1bc
ffffe2dd
ffffc3d4
00004e65
00001350
000059f9
00000707
ffff530a
00003753
0000ef7a
0000675c
00004771
00003b13
00000717
00002ee6
00008544
ffff5bfa
0000093e
ffffeb65
ffff2d13
ffff5dbe
00002e7a
ffffb938
ffffbb03
ffff99b7
000074f4
000012d8
000091fc
ffff5f35
ffffc168
00010170
ffff558a
ffff5d92
00004da4
ffff481e
ffffebcb
ffffaa18
ffffefef
fffff128
ffff8959
ffff58d5
ffffa492
ffff4bba
ffffff26
00006dc3
ffffb805
ffffaeb4
ffff275d
fffffbaf
ffff962a
ffff9147
0000d2f1
fffe7240
000018bb
ffffa512
ffffc4d7
fffec61f
0000a1e5
fffff2fd
00000caf
ffff9af0
fffe9f64
00000f9f
ffffedda
ffffc5bc
fffe0207
ffff39b9
ffffd610
00003d34
00002f94
ffff4057
ffffe0c4
ffff75d4
ffff7f3e
ffff6c13
0000c8db
ffff9dbb
fffffe61
fffeed0f
00001523
fffffdd7
0000a4ce
ffff867b
ffffa8d6
fffeb588
ffffd27c
00003a82
ffffc30c
00005430
00005040
fffff3f5
0000546e
ffffc3b1
ffff5d2a
00000fc9
ffffb3c4
ffffc088
fffe866f
ffffced0
000004e4
ffff70df
ffff235c
ffffa09d
0000a3d9
ffff1e24
0000f6a1
ffffa9b7
ffff3d39
fffffeda
ffffa75c
ffff6dcf
00004f71
ffffd127
000053aa
ffffee83
0000116c
000042be
0000a083
0000dbc6
ffffbf7b
ffff72ee
ffff8c2b
00002a05
0000b109
ffff2532
0000b155
ffff45b4
00001f27
ffffa29d
ffffc84a
ffffd24d
fffff673
ffff975b
ffff6806
0000dcc4
ffffd7b3
000020dd
ffffe2e2
ffff45a7
ffff8582
ffff61fc
ffffac67
ffff06aa
00002cac
00003877
0000bee0
0000f947
fffe4947
00004b16
00005018
000060c8
ffffd7c4
0000af39
ffffcf40
ffff474c
000098b5
ffffa96b
00000f50
ffffebbc
ffffcf2f
ffff54a1
00004efc
ffff0f39
ffff681d
fffff779
0000057e
00000512
00001bcc
ffff3baa
fffefd6a
ffff9d60
ffffca47
ffff52a0
ffffb8e3
ffff76ec
ffffea7f
ffffd33f
00011d08
0000378e
ffffb006
ffff9c27
ffff0fd0
ffffc3a2
fffff7c5
fffec8ad
000140d0
00007661
ffff22c2
0000c987
ffffe0de
00002ef1
ffffc096
00003955
000046f4
ffffe194
000038d5
ffffa4a8
ffff8ecc
ffff928d
0000c861
00001c21
00000023
000041da
00008115
ffff14e2
0000c67d
ffff2ef5
ffffdc43
ffff0f62
ffff47b6
00003494
ffffdb73
ffff3cc4
00006377
000065fe
0000048f
00006e62
0000980c
fffff64d
ffff56e1
ffff9dda
00002b85
ffffd2bd
00000c5d
00008fa5
fffeea5a
00000f30
ffffe3ac
000050fd
ffff37ba
00005b37
00006c4b
00003edb
00005b57
ffffea35
ffffbcbf
00000ad2
ffffff3e
0000338c
00002090
0000d836
ffff0d85
0000f9c2
000002e8
000026ab
ffff24d2
ffffe874
fffffad4
00004e9c
ffffabb5
ffffed4d
fffe779e
0000149b
0000161f
00004d53
ffffc860
fffff918
00000d39
0000433d
000033c4
fffff75f
ffffd138
ffffea50
ffff95c9
00001f5b
ffff5a0b
000001b0
fffef4d3
ffff5aef
0000546a
ffff4c4d
fffef645
0000262b
ffff8639
ffff29cb
00004a54
ffffd446
ffff93be
ffffccf8
00001d0f
0000028a
fffed5ee
ffffc4cc
ffff20fd
ffff7b5b
fffe07e3
fffffefe
ffffad1c
ffff8457
0000486a
ffffe51b
fffff5aa
ffff97a3
ffffcd2b
ffff3f5f
ffff4aed
fffedefb
fffff357
0000028b
fffffb61
ffff087c
000035b8
fffff110
00002a3f
ffffa165
00005395
ffff561d
fffff93e
ffffc9d0
ffffdbe4
000000f4
00008a33
ffff88e5
0000dddd
ffffc416
00002aa4
00009d98
ffffb010
ffff4880
ffffb5de
00008f4a
ffffa6de
fffe7255
fffe80eb
fffeb211
000058f3
00003ba9
ffffea72
ffff9856
ffffeb9f
ffff1893
ffff9234
ffff5786
fffe31c0
ffffacf9
ffffbbd4
000063c8
ffff6159
000010df
ffffa027
00003619
ffffb078
fffff0ad
fffff476
00005aaf
ffffaeb4
fffed6dd
0000435b
fffed0ac
ffffaa00
ffffa621
0000405d
ffffea87
0000e9d5
00002912
000017d0
00000a15
ffffdcf6
ffffe189
00000800
ffffff7e
00003b86
000013fc
ffffc4d5
0000183b
ffff83ca
00004cb2
00003a58
ffffd419
ffffa95e
ffff9a91
ffffaddf
000074e4
00001063
ffff7a8d
0000395c
000020c7
00000b18
ffffe31e
ffff014e
ffffc53f
fffec595
ffff800e
ffff4cc7
ffffc042
00005f24
ffff8aff
00003a0d
0000159c
ffffea29
ffffa0c0
00006e26
00001449
ffff7c72
ffffc09d
ffff632e
ffff56d2
ffffe7a8
fffee23a
ffff925c
ffff3deb
fffe9683
0000070a
ffffc4b1
ffffc13d
ffffd610
ffffd11f
ffffb23d
fffeeaac
000029c8
ffffac9e
ffff923f
ffff4b73
0000060f
ffff9834
ffff2e55
ffffed86
ffffa1d0
ffff697b
00003255
ffff7440
ffffce01
ffff45c3
ffffd078
ffff4bae
000055fd
ffff9c54
ffffe94c
00002fa7
ffffad58
0000bd83
ffffd220
ffff207d
ffffe802
fffeeb95
ffffa614
ffff2028
ffffa1dc
00001d16
00000d2a
ffffb7dd
ffffa7b9
ffffb879
ffffd529
ffff5f4b
00001947
ffff89aa
ffffbbbc
ffffeecc
ffff8be4
0000242a
ffff3bf0
fffdc339
fffed5e3
00005769
ffffed3d
000005f2
fffff367
ffff4305
ffff7ae2
ffff1f54
ffffaceb
fffe105b
00006993
ffffa611
fffff696
ffff5f21
ffff2467
ffffda63
ffffed94
ffffc15a
ffff3536
ffffa2d7
ffffd9de
fffff462
ffffefdd
ffff8d0a
ffff6593
00000456
00003952
ffffde4b
00000a00
ffff95ea
ffffc3e3
0000194c
ffff22f9
fffe9e89
ffffd7d6
ffffea75
00003e45
ffffab17
ffff8a19
fffff488
ffff8845
ffff8b32
ffff6249
ffffbf98
ffff9443
ffffb422
000053e6
00000e4c
fffe853d
000010ee
ffff9759
ffffc7fc
ffff2570
ffffe64c
ffff9fad
00002dfc
ffffbb03
ffff7c0c
ffffefbc
00001d03
000058a0
ffff982a
ffff8d16
ffffbdbf
ffff42f0
fffd2c15
fffed439
ffffc767
000044cb
ffff0d0a
00000c8e
fffffd0c
ffff039a
ffff9524
00007c8d
ffff6f52
fffed86f
ffffad26
000005b0
0000017e
00002dcd
ffff5dc9
ffffa52c
fffed0a7
ffffbe2e
ffffe5db
ffff98b0
ffffe6f9
ffff3b7f
ffff9370
ffffeaff
ffff871f
ffff9d80
fffecc52
fffec56b
fffff8f9
ffffb0f3
ffff6d81
ffff99e0
ffff6fbd
fffef370
00001955
00000386
ffff74d6
00006702
ffffd0a9
00002cc1
ffffc127
ffff4d5e
ffffe287
ffffd851
00000c53
000043e1
00002080
0000edfc
0000620f
00002549
ffffc9aa
fffedc93
fffff690
ffff478e
000002d5
ffffffca
fffff4e1
ffffbe82
ffffc608
00003d7d
ffff853b
ffffe302
ffff9df1
ffffee58
ffffb999
ffffc58f
ffffabe3
00003ed1
ffff7d94
ffff6566
00001697
ffff0d0b
ffffc981
00000a7f
ffffb329
ffffd5c9
00008416
0000342d
00006e48
ffff6a74
ffff8c62
ffff3d8a
0000ae0a
ffffda42
fffedcd0
ffffaa15
00004665
ffffb7dc
ffffb2a7
ffff687b
00000a2e
fffffd23
ffffee11
ffffc2ee
000026dc
ffffe891
ffff8734
ffff894f
ffff62fd
000078f0
fffea448
00000232
ffff6a82
fffef7d0
ffffbb24
ffff87f7
00005e88
ffff38c2
000030cb
fffff1ea
ffffefdc
ffffcb1a
000000e8
ffffd926
ffffbd12
00000ed7
ffffb7c5
ffff3660
ffff746d
ffffcb22
0000d4f4
ffffa36b
00006ec3
00001088
ffffdd73
00000d20
00000a33
000015d6
ffff4ebc
ffffaa6e
ffffed91
fffffb19
ffffd0f8
ffffdb57
00003b05
00005a39
00005ea7
ffffb906
ffff7603
fffef7f1
ffff2650
00004700
ffff7331
ffff7f26
ffff9189
fffe89a0
00006450
fffecc14
0000a148
fffffd84
00009611
00006ae5
ffffb093
ffff7142
ffffa6eb
00003741
000072c3
ffff943d
00001d57
ffff16b1
000011a2
00007dcc
ffff8040
ffff966e
ffffcdaf
00001614
00001f22
ffff8d4c
ffffdfb5
0000518c
000086e1
000086fc
ffffa2f8
ffffb522
0000797b
ffffec96
00002b5e
fffff4c6
ffff8bdd
ffff21ef
ffffcc7a
fffe9632
ffffbba3
000011c1
00007966
fffff307
00000b36
ffff9aa1
ffffd886
fffff1ab
ffff5608
ffff8ec7
0000eca5
fffffcca
fffff64d
000023de
00001ae6
000048cb
ffffcaa5
fffffda8
0000e697
00001162
ffffefa9
0000281c
ffffc59c
00004eae
000072f1
ffff212c
00005b3c
ffff5dc3
fffffe84
ffff43ec
00003434
00003c8b
fffead70
00001823
ffff7555
ffff0dff
0000139c
00003c2e
00007bb8
00004967
ffffe562
00002afa
ffffe479
ffffe4f3
00003ffa
ffff62a6
0000079d
ffffd35e
ffff2aa4
ffffcba3
00013d01
ffffc25f
ffff45cb
ffff322e
000072d8
ffff3c07
ffff45ef
ffffcb2b
ffff63d6
ffffd3b0
00008349
ffff9878
000021f2
00000f54
fffff047
ffff7e9d
fffede8e
ffff4c98
fffe5ce0
ffff5f26
ffff8131
ffffde69
ffff1ee0
00006193
ffff8bda
ffff97e0
ffff5426
ffff06df
000026bb
ffff9dda
000015d8
0000a644
00003d51
ffff88a2
ffff86d5
000025ca
ffffa7f8
0000545e
00005234
ffffd85b
ffff8113
ffff0ccd
ffffd801
fffe9509
fffff8ea
ffffa9e5
00005175
0000a884
ffff5ff8
00002067
ffff8612
ffffed85
ffffcdaa
00002e6f
ffffc79e
00000cb5
ffffc623
0000027c
ffff8e66
00001a26
ffffd3d5
ffff5dc5
000013cc
ffff4646
ffffdeac
000060ed
ffffc346
00001ac1
ffff5cbb
ffffca67
ffffaa0d
00001662
ffff4cc2
00009747
0000532e
ffff89c4
0000139d
ffff3511
000064c5
0000514b
000020a4
00007db5
ffffc653
ffffacac
00005cc2
ffff9f19
ffffcb64
00001c43
ffff3240
ffffc237
ffff8d47
00008a6d
0000868e
ffff6baa
0000032b
00002aba
ffff425c
00006f06
ffff1e12
ffffe534
00006c91
ffff972e
0000223b
fffff97e
fffe75b8
00000be6
ffff0b29
ffffff79
ffff44ae
fffeffa8
000057b5
fffeeb0e
ffff5f91
fffff273
ffff6c97
fffff927
ffffbc34
00004b9f
0000f299
fffefdd4
000002f9
0000a852
fffebd56
00009825
000005a2
fffe9132
00008e90
ffff1a96
ffffecd1
00002e2c
ffff5f45
00009ff0
ffff96ea
000052bb
00000b11
00005f71
ffffa371
00002d0d
fffffcd9
0000419e
fffffac6
ffffb3bd
ffffe487
ffffb2fe
fffeaac7
0000063e
ffff5705
ffff634d
000019a4
ffff79da
ffffe9a5
00000b37
ffffd66f
fffff753
ffffe78b
0000369b
ffff8fb5
fffeef8c
ffff5ed6
000046bf
ffffec6c
ffffc4a4
0000168b
ffff3fb5
ffff75c3
ffffc1bb
ffff9e3e
00004fe8
ffff2390
ffff93c3
ffff8cfd
00005c4e
ffff2e04
000002cc
ffffdcf1
fffff0d9
000089eb
ffff9105
ffff577c
0000c79c
00000de0
ffffdab1
0000686e
00008c45
fffffb8e
ffff2e70
000027a6
0000a084
ffffd160
ffffcb51
ffffb1df
ffffda01
00000bcc
fffe82f4
ffff376e
ffffe37e
000078cd
ffff67e9
0000503f
0000141a
00004222
ffff9e89
00002c20
0000f16e
ffffc75e
00007bbf
ffff2117
00006896
0000175f
ffff6c1f
fffff48d
000027ba
fffeedb3
ffff3871
ffffc919
ffffefa7
fffed07e
fffffd6a
fffec838
00000c22
00009916
ffff777b
ffffd078
0000077e
ffff1539
ffffef0e
00006dbe
ffffd9d3
00004267
00003c46
ffffe3c8
00003aeb
0000bd87
ffff9fdb
00000655
ffffbaab
ffff0fce
ffff44c4
ffffe79f
00001b5c
ffff195e
ffff2f58
ffff355d
00004271
00004990
fffee60f
ffffc0cd
00005261
00002902
ffff84b7
ffffe213
0000245d
00000cb8
ffffe5e9
00006bb9
ffff81f7
ffffa4af
0000467d
fffff65e
ffffb4a8
ffffc1e1
ffff7663
000021c1
00005bb8
ffff71fe
ffffa776
00008343
0000bd57
ffff8bde
ffffd932
ffff7184
ffff99fb
ffff5c7c
00009cca
00001bf7
ffffb995
fffe1db9
ffffc058
000004db
fffe7ab9
00000254
ffff92df
00001586
fffea32d
ffff7906
ffff96bd
ffff9852
fffecf01
ffff1586
00005ee6
ffffd667
000060e0
ffff9d9a
ffff0648
ffff8bc9
ffff4b7b
ffff8315
fffff9f6
ffffa6e5
fffef5f9
00000439
ffff54d5
fffff23b
ffff507a
ffffaf1d
00013464
0000161b
0000900b
ffffb2ec
00004ee2
fffed637
fffeddcc
ffff05db
ffffacd9
0000257d
00000bc1
00002433
ffffcac1
00009684
ffff9ffa
ffff2051
0000c059
000080b2
ffffd0d9
00002bce
ffffe652
ffff7dd5
ffffd69c
00006d89
ffff8947
0000418c
ffff66fe
ffff70b1
0000c0a1
ffff80ce
00006cde
ffff6408
000071b5
0000439c
00004f4a
fffffb81
000031b5
ffff5007
ffffedcf
ffffee1d
ffffff80
00002b55
ffff0ad9
fffeeda9
00001d75
000035ac
ffffa1be
00008ceb
fffff513
ffff002e
00003b03
00003d89
fffffee7
00011586
fffe6a4a
ffff9571
ffffff19
ffff9cde
ffffcb52
ffff52c6
ffffc5da
ffff6b52
ffff6b9a
ffffc2f7
ffff3548
ffffbb0e
00000537
fffeeb79
ffff4d2c
ffffe108
ffff25eb
00007f38
00001496
00001821
fffec865
ffff5c3f
0000118f
ffff3d8a
fffefe70
ffff3729
00000844
ffffdae9
ffff6eca
0000763a
fffff75e
00000390
000127cc
fffff98d
ffff747a
fffe2478
fffe8255
00001d07
ffffeed6
00002a4d
ffff09e7
00003243
ffffc867
fffef343
00003970
000022e1
000007de
ffff30fe
ffffc71a
fffffa5a
0000198f
fffeb45d
ffffe1a8
ffffec43
fffff2ca
ffff5dba
fffef12b
00003b95
ffffd8be
00000c64
ffff3c21
0000233e
00008434
ffffe129
ffffcbb0
00002f3a
00003c0b
0000b3e0
fffffbce
fffe9142
000000a8
ffffb36d
fffffe3a
00002e61
ffffeaa2
000038f5
fffff8f1
000042b0
ffffe728
ffff5fe3
00008503
00007ee0
000096c3
000059b9
ffff6ff9
ffffe3bc
ffffa2be
ffff5d07
ffffdb05
ffffa3bc
00005d2d
ffffab81
0000776b
fffe9c8d
ffffc0a6
fffff7fc
fffff6f5
ffffbd6f
ffffb60c
ffff7205
fffff37c
ffffa87e
000026e3
ffffd123
000053ec
00010b1c
fffffd4a
ffff4eeb
ffffe79c
ffff9936
000032e8
ffff40e5
ffffa96a
00005da9
fffffca1
ffffa00c
0000d1d0
00007626
00003229
ffff86d3
ffffb0ff
ffff1c8d
ffff53e9
0000a8cc
fffe1859
ffff831e
0000adb5
ffffba9d
ffffdd38
ffffd23b
ffff7942
fffff9ff
fffffe6d
ffff851e
00004ae1
ffffe7e1
00006cb7
00009a14
ffffbdfb
fffefecb
fffdaae6
00006073
00001125
ffffc603
ffffc71d
ffff351e
00005d88
ffff3111
ffff436f
00000c51
ffffb821
ffff473b
0000b7d7
ffff97e0
ffff8968
ffffdc0e
ffff8ae2
ffffedb1
ffffdf57
ffff9a2a
ffffe32f
000061bf
ffff09b1
ffff94f0
00002385
00004a7d
ffff85b1
ffffbf4a
ffffd3c2
000024db
ffffb23b
ffff311c
ffff0bb3
0000065b
000008a6
ffff94f0
000006b4
000089d1
ffff81a4
000013df
ffffbad7
00003c40
00006a36
ffff07c4
0000d76b
ffff7b2f
ffffc5b3
ffff9d58
0000049d
ffff84c9
0000397c
00006834
000005be
fffffd8d
ffff7e4e
ffffc845
ffff6e25
ffffee08
ffff519f
fffeeee1
ffff86ad
fffffff0
ffff0824
ffff6ada
ffffedc8
ffff3d37
ffff3c59
ffffb214
00005fde
00005f8b
00008d5d
00009103
fffffa59
ffff414e
fffff93f
ffff989e
ffffc0b2
00006abd
ffffa7f2
ffff69b9
0000089c
fffed617
ffff650b
000026d2
ffffdc5c
ffffc3aa
00008248
ffff176b
ffffc777
00002b56
ffff6a33
ffff484b
ffffedb6
fffff6f2
fffffc1a
ffffc567
00001c1a
fffedf81
000006fe
ffffa12c
00001cd9
ffffe0b3
ffffa649
ffff9a53
0000254e
ffffd0ff
fffeb6ca
0000bb8b
ffff78b1
ffffd659
0000f159
ffffa054
ffff2049
ffffe1c2
ffff0c21
fffed322
fffff30e
0000456f
000070e1
000015a1
fffe840b
ffffc5c2
ffff9252
00006841
ffff816f
00005b62
000006b8
ffff77ca
000006dc
00010a31
fffff1c4
0000f266
ffffc86f
ffffb4d4
0000e80a
ffffd9bc
ffff888b
fffed10e
ffffc6e1
ffffd96b
ffff6e8f
00002a9c
00004a54
ffff6853
fffffaa5
ffffaf0a
0000cc7d
000047cb
0000b0be
ffff90ec
ffff9cf7
fffff4dc
00000090
0000378c
ffff4d6c
ffff02c0
fffffc62
00003acb
fffe9d89
ffff2f87
00001294
fffee6cb
ffffcb93
ffff6b56
ffff8d91
fffeff5b
ffffebfa
ffff7ad2
ffff6fef
0000510f
fffff0e7
fffff866
ffffe90c
fffff101
fffff959
00000430
fffff6ab
000008ab
fffffefa
fffff48c
fffff98d
fffffee3
000008a6
fffff049
fffff6e7
fffffca4
00000f09
0000014f
00000d22
0000014f
00000838
fffffe25
0000074a
fffffef1
0000035f
fffff462
fffffc44
fffffa5a
00000543
0000042a
fffffb78
fffff7e6
000008a8
00000df3
fffffa87
fffff33b
ffffff65
ffffef80
00000396
fffffcf8
fffff5e0
00000068
000007df
00000e7e
00000498
00000a92
0000044f
00000b21
000004b3
0000040b
00000865
fffff28b
fffff937
fffffe55
000008b8
fffff197
000002fa
00000856
fffffedb
00000350
fffff1e4
fffff5d9
000008ab
fffff775
fffff1c8
fffffb6b
fffffa5a
fffff623
fffffa22
fffff14c
fffffa43
fffff838
00000263
ffffff3f
00000e3a
fffffaf6
fffff38a
00000fe7
fffffc4f
fffff20b
000004a2
fffff159
00000dee
fffff754
fffff45e
000004a1
fffffaa4
fffffc98
ffffffdc
fffff3e4
ffffeb55
000003e8
fffff164
fffff7dc
fffff01f
fffffc19
ffffff8d
fffffaf6
fffffb5e
fffff287
0000013d
000008cc
fffff2c3
00000912
fffffd78
fffff096
000005ad
00000b51
000004ee
fffff181
000002a4
000004e8
fffffdd5
fffff4c8
fffff2c7
fffff2c4
fffff7f2
fffffbe9
ffffea5d
fffff82b
fffff01a
fffffa7b
000007a6
00000730
ffffff2c
fffff55b
000005c9
fffffd87
fffffce0
fffffa76
fffff939
fffffb96
fffff1e3
fffff308
fffffbaf
fffff559
fffffe5e
fffff2ae
ffffffc4
fffff1ed
fffff2d2
00000274
ffffffd2
0000027b
fffff9f7
fffff911
fffff55d
fffff0b7
ffffef11
ffffebc6
fffff38a
0000060b
fffff4a2
fffff4d4
fffff9a5
ffffff6b
fffffd72
fffffec8
fffff5f2
fffffdd9
fffff349
00000cef
ffffef56
000007ed
fffffe61
fffff680
fffff983
fffffdaa
000002a8
fffff880
fffff0da
fffff028
fffff8e5
fffff481
fffffe9d
000008f4
fffffa11
fffff2fc
fffffbcd
0000085d
fffff335
000009cc
fffff599
fffff40d
fffff834
000000ee
fffff273
ffffef61
fffff352
00000086
ffffeb3f
fffff7b8
00000c35
0000073d
ffffeca4
00000064
000006c6
00000508
fffffeb4
fffffc8d
ffffeef0
fffff336
fffff7e7
ffffeba2
ffffeb5f
000003ec
fffffbbe
fffff010
00000d62
00000886
fffff8a0
fffff966
00000820
000008fa
0000031e
0000091b
0000054d
fffff29a
ffffed52
ffffe7d0
ffffed89
00000b9e
fffff86a
fffffa3d
fffff7bf
fffffb29
fffffb95
00000524
fffffc52
fffff6d8
fffff61a
fffff909
fffff4dc
000008f2
fffffccf
fffff95f
000009cf
00000a9c
fffffef1
fffff52a
00000c23
ffffedcb
ffffef0d
fffff3be
fffffc7e
fffff2b8
fffffa41
000000aa
fffff8cb
fffffe33
00000df4
fffffa01
fffffdae
000000dd
0000004e
ffffe9cd
00002400
ffff818f
ffff8d2f
ffff3e53
00003514
0000103d
ffff2348
00001c74
0000111e
ffffc3a6
ffffdcd7
0001483f
fffff081
00004d8f
ffff5c92
00005e66
00000780
ffffd075
fffe3d68
ffff39f8
0000b65e
ffff67bc
ffff598a
ffffc47b
00004a10
fffff6d0
000019ed
ffff1f90
fffeb6ce
ffff2df0
ffff8311
ffffc1ab
fffebd98
00000bc2
ffffd146
ffffdc4a
00006ea2
ffffbc80
ffffd0c3
00008c74
ffffbed6
ffff709d
0000066d
ffff8371
ffff0b86
ffff1a6f
00007e84
00004171
ffff7b76
ffff558f
0000c8ad
0000532a
fffea262
ffff3523
ffffd42b
ffffe5c4
000047f9
00004e1d
ffff73a8
ffff8d98
fffff343
ffff3363
00003cdf
0000611c
000037cd
ffff08b4
ffffe0d5
00003618
ffffb54b
fffe71a5
00000096
00000926
fffff790
000019d9
ffff50f4
00004db3
fffe7faa
fffffe05
ffff7ccb
00000d65
fffe85cc
fffff4d1
0000400b
000110e9
0000b641
ffff8f57
ffffede8
00005354
fffef98b
00003dfd
fffe824a
ffffa303
ffffcb16
ffff0c64
ffffd8e2
00000cbe
ffffab14
fffeb5cc
ffffb5b6
0000391f
ffff9925
000083c2
00000882
fffef032
00009d02
000042c5
00002c92
0000721a
00002f75
ffff18a1
ffff91a6
ffffdd4d
fffffb8a
fffe7150
00001d08
0000699b
000010cd
fffff051
ffffeaf8
ffff8729
00000d69
ffff802f
fffdcb80
ffff23e4
fffe9c50
ffff23dc
fffff7be
ffff9bdf
ffff0a38
0000c983
00000ed7
00007204
fffea129
ffff2077
ffff4502
ffffbe52
fffea7e6
ffffce3f
ffff562e
ffff2351
fffebde5
ffff9406
ffff7c75
fffe9c0f
ffffeba8
ffffff7e
ffff7e65
ffff53a0
ffff6d5f
ffff2a35
fffebbcb
ffffeaad
fffefeea
ffff07ae
000036ad
ffff64a3
ffff938e
ffffaf05
0000044b
ffff24a3
fffef0bd
00000862
00001db7
fffff641
fffea751
000093d6
ffffc014
ffffe247
ffff9d62
ffff0bb5
ffff467e
ffff98aa
ffff224c
00002033
ffffc9e5
00007ad9
ffff3479
ffff55e0
ffffcf9f
ffffc4d7
0000103f
ffff515d
fffe6b41
00006bb1
00001bb7
fffefb11
00000350
fffff298
0000002a
ffffc954
fffe95c6
ffff6159
ffffc080
ffff689d
ffff0a3e
000015ff
0000496d
ffff0e53
00003cb3
0000932f
ffffaf62
ffffdf64
ffffdac6
00004f35
ffffdc64
ffff936d
fffef4f1
00000b79
fffe8e82
fffffbd6
00001c10
00003f5a
00004934
ffff232e
fffffe1a
ffff6026
00000d3d
00005b7f
ffffee39
ffff999a
000005ff
ffff78b6
fffeaf46
ffff8ae0
000018c7
00001938
ffffc905
00001a8f
00005c71
ffff0dbe
ffff40fa
00002bf4
fffefebd
fffeccfe
fffff2de
ffffb25f
fffe8b12
ffffb9ae
00002dc6
ffff1906
ffff87e8
00002f71
ffff30e3
ffffb7ba
fffeacdf
ffffb108
ffffb803
0000209f
000022c5
ffff46bf
ffffcd7a
0000154e
00005667
00004bb8
ffffbacb
ffffc938
ffffd2c0
ffff345c
000023be
00006291
fffeb5db
000044a9
ffffab05
0000b2cc
00002255
ffff930a
0000364a
ffff6aee
0000bd35
fffff04e
fffefb3b
0000d650
fffffe5a
fffedeb6
ffffd998
ffffda74
00008d0e
ffff99b0
ffff9c14
ffffd43f
ffffc77c
ffff878e
00007473
ffffe1ce
ffffdaa4
ffff3110
fffe5633
ffff43ae
ffffdcd4
00006f2e
ffffd890
00006c96
ffff761a
ffff0b68
00005075
ffff1c1b
ffffe900
ffffa3f6
fffff6db
ffff9783
ffff02d4
000069c2
000053be
ffff671f
000088e4
ffffa3c8
000044a8
00004470
000071e5
ffff043d
00007be4
fffff445
ffff3d5d
fffff9be
0000f846
ffff8560
ffffeeb6
00005984
fffed8c0
ffffc197
000079f9
ffffb0a0
ffffcdf1
fffec485
ffffd199
ffff2c7e
00003538
ffff4f45
fffffee1
0000e644
00003382
0000098b
ffffe737
00000f82
fffed2ac
fffffd8d
000008a3
fffffc1c
00000298
00004100
000023df
000019de
ffff8cf5
00000f75
ffff39eb
fffffd4f
000027fd
ffff17b0
ffff8656
ffff33f1
ffffd6be
00000023
ffffb5e9
ffff8fe6
ffffbc87
00011520
ffff90bb
ffff79ec
00003f9c
00001b95
00000f48
ffff602c
00002811
ffffade7
ffffb7f3
ffffbc5c
ffffed52
00007b08
ffff4579
ffff4622
fffff862
00001195
ffff5d5f
ffffd121
000007eb
00000524
ffffdd8a
ffff4ccc
fffe7b47
ffff5efb
ffff8146
ffff4390
ffffd37f
00001a45
fffffbf6
fffeefb2
00000b00
fffff135
ffffabd2
ffff271e
fffffe63
ffffc903
fffe902e
ffffdb13
fffefcc3
fffec05d
ffffe8de
00000dbc
ffffc331
fffff6be
ffffa1da
00002547
ffffc988
00006393
00001547
00000326
ffffb911
ffffaabd
ffff98ff
0000243a
ffffc775
ffffa263
ffffe12b
00004de7
fffff30b
ffffd008
00000dff
00001f5c
ffff2b54
00001424
000038f5
00001df4
ffffc64c
ffff8e7b
000015c9
0000a280
000021d5
0000bd5c
000016f1
ffff6092
ffff1dd2
ffffd2bd
ffff8d70
ffffa5a4
ffff19c0
0000010e
00005459
fffffecc
fffded5f
00000dd6
ffffcce8
ffffea1f
000034d8
ffff9a6d
ffff9185
ffffeee8
000021d2
ffff464f
0000028b
0000bc31
00001c08
00001814
ffffd5b9
0000068a
0000319b
00004fb5
00004aee
ffffd1c6
ffffe639
ffff017b
0000355a
ffffce0f
00005fbc
00001c7b
ffffa8c2
ffffcc81
0000bc51
ffff04ca
ffff7146
00000ade
fffff6b0
ffffa0e1
ffffef57
00006c2d
ffff765b
ffff7dce
ffff730b
ffff6512
fffeebf9
ffffe90c
ffffacc3
00000fc9
ffffbbe5
00002d78
00006105
0000335e
ffffdb6c
ffffbe50
ffff7a2b
ffff8751
0000c184
00004de3
000073a2
ffffd3f4
ffff7b21
ffff2c85
ffff708e
ffffe0a5
00014b31
000061f9
0000ccf3
ffff2bf9
00010050
ffffc0be
fffe9e6e
000051b4
000088e4
ffff2b89
ffffa171
ffff76a5
ffffc7d0
00004add
fffffe6b
000000f1
0000046f
00000100
fffff5c1
000005c4
fffffc1d
ffffefb5
000005b5
00000961
00000953
00000ccb
fffff095
fffff08e
000009b9
0000036b
fffff1c4
0000079f
fffff941
fffffea2
fffff55f
fffff53c
0000096e
000000b7
fffff8bc
ffffff5f
0000061a
fffffc50
00000499
fffffe8c
ffffee02
ffffeec9
ffffeffc
00000dfb
0000043c
0000023f
fffff2ef
fffff276
fffffda7
fffffe66
ffffff86
ffffece6
fffff0e0
fffffd73
000009ef
0000011f
0000083e
000001f4
fffffd1d
fffff380
00000037
000008a1
000003c8
fffff225
0000000b
ffffe9a1
ffffffeb
000002b6
fffff780
fffff950
fffff474
000002ef
00000469
000006e5
00000aec
00000896
00000cc5
fffffbe2
fffff80a
00000293
fffff129
fffffade
00000629
fffff2cc
ffffec3e
00000389
00000280
00000be5
fffffec4
00000048
fffff643
00000732
fffff37b
fffffb3a
00000bad
ffffed8f
ffffef17
ffffff84
00000621
fffffe16
00000507
00000cb1
fffff467
fffffa7b
00000850
fffff2f2
00000226
fffffbf4
000008cf
ffffe873
fffff6d7
fffff4c4
fffffa7d
00000218
00000f4b
ffffec8f
fffff925
fffffc36
fffff46d
0000077e
fffffd57
fffff60c
00000771
ffffef5f
fffff1fd
ffffef55
ffffff8e
ffffef66
fffff29f
fffffa67
fffffd59
fffff53e
ffffee92
fffffe0e
fffff91b
fffffbfe
fffff327
ffffeb12
000001be
000006a1
00000a76
ffffedbe
fffff509
fffff7cc
00000a14
fffff374
ffffffb6
fffff85c
00000aa4
fffff5c6
00000003
ffffff4d
ffffeb0c
0000088a
fffff231
ffffff16
ffffeb8d
ffffeafe
000000dc
00000c81
fffff265
000004d2
fffffd3e
000008e9
00000c55
fffff851
fffff29f
00000c79
0000090b
fffffebb
0000041d
fffffe41
ffffffdb
fffff1da
fffffa2d
ffffffe0
fffffd39
fffff374
fffffaae
00000bb9
fffff104
fffffab6
0000068f
00000101
fffff2c0
ffffe8df
fffff15c
fffffa1e
fffff104
00000029
00000cac
0000019b
0000028e
00000d58
00000b41
00000864
ffffe9e9
fffff050
000003a1
0000085a
fffffca5
fffffa2f
fffff96d
fffffae6
fffff1cd
0000000c
fffff096
000009df
ffffebf2
00000a96
00000131
000000f6
fffff8ff
ffffefcd
fffff3e6
fffffa0c
00000ac2
ffffea50
ffffedca
ffffff99
00000d30
fffff58c
fffffe5a
fffff9cb
fffff5aa
000003ea
fffff698
fffffe9f
fffff4c3
fffff7b0
000006b1
fffffe43
fffffd53
000009cd
fffff449
ffffec6a
fffffc1d
fffff7b9
fffff525
fffff5a6
fffff680
000009a6
000003f8
00000585
fffff89a
000000b2
fffff58f
fffff6d5
000003a6
00000036
fffff93d
ffffff62
00000872
fffffc1e
00000075
fffff362
fffff10f
fffff6eb
ffffe8c4
fffff07e
fffff2a2
fffff26d
fffffc54
fffff4b5
fffff52f
000006a6
00004606
00006681
fffe2147
0000163e
00003bd6
000000ab
fffff99f
000021b1
fffffa27
00000604
fffffdc1
ffff5bb7
ffff972f
00002324
ffffcf34
ffff3b05
00000ade
ffffce62
ffffe131
ffff7a81
000026df
ffff23bd
ffff9fc8
00006e79
000036a8
ffffc1bd
000015d4
fffff33f
ffff83a4
00005101
ffffb556
ffff75f0
0000117f
fffff1ca
ffff8255
fffeb04d
0000203c
ffff9598
ffffb77f
fffe1815
ffff1391
ffffb9b5
fffffacf
00001801
ffff4f16
000011a6
00002392
00005969
fffff873
ffffd8b2
ffff6678
ffffeb83
ffffae0b
00006a24
ffff5370
fffff7e5
0000304c
00004c1e
ffffed70
ffff7ee0
ffffe9f7
ffff745e
ffffb132
fffeccfd
ffffcd4d
00001ab2
ffffd77e
ffff9e34
00004899
fffefa78
0000aa1b
fffff4a7
ffff1aa8
ffff8333
ffff9806
00002c8f
00008db4
fffff126
ffffa980
00004593
ffff470f
fffff0f3
000069cd
ffff6afe
00008723
ffffd157
ffffc806
ffff190e
ffffe370
0000ab21
ffff13da
ffff7ac3
ffffaa69
ffffac09
ffff9ce6
fffff63f
00000613
ffff4a97
fffface1
0000618c
fffeb8a0
ffff8408
ffff1fa5
0000143b
ffff6371
00000a11
0000070d
ffff4380
00002829
00003b7e
fffec71d
ffffa792
ffff7ff9
ffff9247
0000277a
ffffc53f
ffff8b14
ffffb49a
ffff3704
ffff8454
ffffc6be
ffffed52
fffe2113
fffed271
ffff8e85
0000090d
ffff505f
00003ff2
ffffb332
0000c551
ffffb34c
fffe9173
ffff7113
ffff84aa
ffffb729
ffffec51
fffff839
0000439d
00002728
ffffbf75
ffff7f29
00006d3f
ffffdede
ffffe38c
000087dd
00006448
000002e8
ffffebd0
ffff2b1e
ffffead6
ffffdc7d
ffff69c6
fffdff7a
ffff063c
ffff6621
ffff9a62
fffdb37b
ffff65c4
0000089b
fffff0bf
ffff43fe
fffe9c32
fffefe8d
ffff7368
fffe4453
fffef7e7
00001d0f
ffffae64
ffff85b0
00005922
ffff87a5
fffec994
000024b1
ffff808c
ffff0bee
00005d0b
0000bc3b
ffffb578
00003112
ffff6cee
ffffa3c1
0000161b
fffef262
fffef613
00001147
ffff64a5
ffffd17b
fffeed90
ffff4e68
ffffcb22
ffffbdd3
ffffd986
ffffdce8
00005b3d
ffffc475
ffff93a0
fffff2e9
0000083d
fffdf538
ffff9994
ffff8fb9
000007e7
ffff8120
ffff0a07
fffff0ff
fffec803
00001ff8
fffec6b5
00000430
0000962c
ffffd844
ffff0925
fffff6fe
ffffac56
fffff907
00007236
ffffb644
ffffee0e
fffec7b7
fffed984
fffecd1f
ffff7f88
ffffead3
fffe0432
ffff942d
ffff8833
ffffeb73
0000192f
ffff48ce
ffff596b
ffff9f62
ffffcc79
ffffbe4f
000072d5
ffffc7bb
00000041
ffff8d22
ffffe563
fffee058
ffff5365
00005b1e
ffffa324
00007450
ffffa38e
fffff679
ffff43f9
ffff45f1
ffff8e13
fffe1ef4
fffff6fa
ffff5d0a
ffff2dc9
00000cf1
fffeb5f3
000092b9
0000a4e0
000013ff
fffffe1f
0000214c
000008f8
00004dc7
000014f8
fffffe98
fffeea35
000068db
00002dcf
ffff5b78
ffff97f8
ffff8f96
ffff3a06
00000d8c
ffffc391
fffffcc1
ffffbf38
fffed11d
00002e17
ffff9d4e
ffff8e52
00008c47
0000390a
00008ffa
ffff6cd2
fffef19a
0000a22b
ffff9917
000053c3
fffefb14
000012b8
00007995
00005a3d
ffffd6f3
ffffcfb1
fffee8f5
ffffe9b9
0000b3e0
ffffd420
fffeb618
ffffc908
00001c94
ffffb485
ffff2d03
ffffe813
ffffe4cf
00004717
fffec833
00002ecd
00002a43
00000174
ffff5fab
ffffe45d
0000ab11
ffffedf5
0000861e
000052f7
fffecb1e
ffff7b00
fffff694
ffff446f
000077a6
ffff9c7e
fffedc03
ffff62bb
ffff8186
fffff5da
fffff93e
0000ce38
ffffbb96
ffff2528
ffff7b45
ffffcc92
00002352
ffff910d
ffffe4c0
0000037d
000055d8
00003aae
0000951b
fffff9f1
ffff89d0
ffffe8ac
ffffcce6
00002fc4
ffff0771
00003361
000018e5
00006a7a
ffff78de
ffff9fcc
000078e4
ffffda4f
fffffbf0
fffff0b5
0000167e
fffedc66
fffefd6e
ffffe426
00005b98
ffff78c3
000013ce
ffff0663
ffff38ed
ffff7ac7
fffea440
ffffb488
ffffd100
ffffa31b
ffffbced
00006913
00004162
0000638b
ffff8b24
ffff3c8a
0000489c
ffff548e
ffff9732
ffff99e5
000022d7
ffffee32
0000070f
ffffd040
ffffa42a
ffff65ca
ffff04d5
0000b20d
ffff8cba
ffff99a2
ffffbd97
fffffd9e
fffe9c09
00008dda
ffff8bb4
ffff9337
ffff7919
ffff2536
ffffd99a
ffff3bb0
ffffa08e
ffff76f6
ffff22f3
fffebc0e
ffffe778
ffff5f79
ffff8e17
0000de05
ffff9894
000006cd
ffff7203
ffffbad9
000092cb
00001117
ffffbe3a
000002a8
ffffe502
ffff5f77
000006fd
000015e3
fffff89a
000067f4
00000e2d
00004161
fffef2f8
000021d6
ffff42f7
fffee82b
ffffc2f6
ffff736c
ffffa42c
fffede82
fffefe8f
ffff99d0
ffffe6d3
fffedecd
000091bd
0000dbc6
ffffb3fc
00000ee1
ffff33da
ffff2101
ffffc79d
fffee7a3
000017d7
ffffff50
ffffe1f6
ffffaf38
0000471a
ffff18e6
00009b04
fffff945
fffffa17
ffff843f
0000148d
fffe5c27
00007d3f
00009f94
ffff3f2a
ffff617a
000004d7
ffffd7b1
ffff0574
ffff54d5
ffffd3dd
ffffbde1
ffffd7a1
00004a43
00009d10
ffffc13a
00000560
fffd550f
00006931
00004434
00001894
ffffe3dc
00001ca4
ffff28ee
ffff8fd8
fffffcc4
ffff2354
00007915
000111c6
ffffb080
00005950
ffffe3a8
fffea3f1
fffff888
00000aef
0000879a
ffffee1e
ffff90c8
0000f8eb
fffeaae4
fffff42d
ffffa9f7
ffffd331
fffedbe8
ffffba62
fffffc87
0000ae89
ffff1099
fffea67e
ffffc247
000053b0
ffff6ede
ffff8fa1
00001e2b
00001891
000080f4
ffffd5eb
ffffd18c
ffff5410
ffff8e20
ffff69c2
ffff5318
fffff566
ffff76f5
ffffdda3
ffffe20b
ffff9aae
ffff7ba7
ffffb1e8
000071e3
ffffcc25
fffffb00
ffffdc42
ffffd1a0
ffffc37f
ffffb4a4
ffff97d1
ffffc580
fffff74c
ffff8cc5
000007a3
00001d49
0000bcf5
00002558
ffffd97b
00000dbb
000011e5
ffffb8e6
00000516
00000f7e
000078e6
00000349
ffffc837
00002b6c
fffff34d
00003c9d
000007f3
0000087d
0000753c
000005c2
ffffe601
0000364b
ffffea43
ffffc169
fffffc4a
fffecdb8
ffffe67f
0000217b
ffffecb6
00004c60
00000cb0
00004133
000066aa
ffffb741
ffffdb14
0000365a
ffffd8f0
00000199
00004389
000062c4
00002e68
ffffbd54
fffff7e3
00000403
000066c0
ffffe23e
ffffceed
000020c6
00005bc4
ffff6df3
000005f5
ffffe21b
fffffc2c
fffff393
ffff901b
0000289e
fffff20e
ffff2de7
00003ed7
fffff626
ffff5ae4
ffffc6e5
ffffcb9f
0001837f
00001640
ffffd291
ffffb7a6
ffffdf4c
000036c2
ffff842b
ffffe39e
00000cdc
ffffeedb
00005bc6
ffff574d
0000218b
fffff893
00000fc7
00002e4b
0000572c
ffffe6de
ffff4452
ffffe5b3
ffff9b73
00000398
000007f5
00005ab6
ffffb296
000010e7
ffffaf04
000031fa
00004562
ffffdefc
000027a3
00000802
00002d13
fffff55b
fffffcfe
ffffbb11
ffff4c4d
fffef756
00003713
fffff75f
fffff7a3
00000583
ffff7eba
ffffbfc7
ffffea47
0000083e
00001bc0
ffffde5c
000010f8
ffff9ee8
00002d9d
ffffeb65
0000120f
00001e7b
0000e65b
00000402
00000d60
00004952
00000cb6
0000249c
00001d0b
00001df9
00001379
fffff969
ffffc091
ffffcb92
ffff7f95
fffeacc7
ffffea38
ffffffb3
ffffe02d
ffffe140
ffffbeb6
ffffc9b6
00002228
ffffa1f5
00001072
00000d57
ffffa552
00000d54
00008f5c
0000203b
ffffef51
ffffe78b
ffffd06a
0000275d
fffff491
fffff5cc
ffffea28
00006542
00000700
00005793
ffffdded
ffffdfae
00001cd8
000095d3
fffff2a5
0000169e
00000121
ffff6524
ffff8945
ffffedf5
ffffe848
ffffca94
ffffc692
00008745
fffffb98
ffffda2d
00003e76
00001c11
ffffc341
000003f8
ffffef09
000002df
0000517c
0000037d
fffff21a
fffffd4d
fffff20f
ffff9aee
ffff7a7a
00000317
fffff3f8
ffffde07
ffffbd9d
ffff98b9
ffffe9ce
ffffe171
00000dd0
ffffdb48
fffffab7
ffff9783
ffffacbc
00001be9
ffffb772
00000d91
ffffe6dd
fffff1ca
fffff75e
ffffc82f
00002b2b
ffffaa03
00002a8e
ffffe74d
ffffa266
00002fd3
00001e5f
fffff1ff
fffffbed
fffff542
0000130a
ffffa681
000084be
ffffb50c
00001311
ffffdfa8
000078f0
fffff7d7
ffffa0c1
ffffa756
000010a4
ffffa6f5
ffff7342
000014b9
fffff707
ffffa57d
0000023f
ffffea5c
00002415
ffffc3ef
00002824
ffffcb4b
ffffcfa6
ffffe2bc
ffff9032
00000708
00005e76
ffffd47f
ffffb59e
00003070
00004ce0
ffff6ae1
ffff66ad
ffffeecd
000005dd
ffffc5ad
ffffa02b
ffff32df
00000b5d
ffffd58c
ffff74f4
00000a69
ffffe51a
ffffcc89
ffffbbe0
ffffe30e
0000033d
00001dbf
ffffa31b
00000081
000032da
00003443
ffff4bb6
00001cd9
0000337d
ffffe736
ffffa598
000029cd
000006b0
00003640
ffff486a
ffffb370
fffff4b6
ffffebd4
ffff5159
ffffaa02
00005462
000008cc
ffffe3a8
00004773
00000218
ffff9bac
0000144c
ffffa41c
000076cb
fffff87f
fffffe55
ffff6334
ffffdb25
ffffbdf1
0000287c
ffffe19f
ffff4132
0000094f
ffff63a8
fffff3d1
ffffd821
0000456b
ffff9a0f
ffffdc3a
ffff7cdc
000007b5
ffffe8a8
fffffa76
ffffae65
00001447
ffff645b
0000038d
00004282
ffffd9d9
00001e51
00003d21
fffff642
ffffe4f6
000013b0
000050e4
000028e6
00006c2e
ffffdd3e
ffff99db
ffff333a
ffff758a
ffff5ca4
ffffd596
ffffbd16
000048bf
00001730
00001f34
0000439c
ffffe7d2
00000f3d
ffffb83e
ffffb2ff
00001015
00001fef
ffffe866
fffff27b
00000b95
00002b0a
00000b37
ffffc985
ffff995a
ffffa3fc
00004373
0000179e
ffffdeb6
ffffd1c6
0000193c
00002ac2
fffff21a
ffffcfeb
000026b4
00000ef1
ffff95c3
000016e9
ffffed4b
ffff5212
ffffab08
ffffa01f
ffffe4e4
ffff9705
ffff584e
00000d0d
000017fc
fffffb30
ffffde2e
ffffcf9a
ffff14c7
ffffb209
ffffdaab
ffffe916
ffffa673
ffffefb2
0000151f
fffff18f
ffffc1b4
ffffa948
00006147
fffff228
ffff4a33
ffffdbfd
0000038c
ffffd63b
000026bc
ffff77bc
ffffd73a
fffff3e1
ffffd40b
ffffbb01
fffe95d0
ffff9896
ffff7a17
00006417
fffff605
ffff9d39
ffff940f
00002545
ffff9b8d
ffffc214
000068a9
00004280
ffff6d0f
ffffe712
000001d2
ffffc9db
ffffc647
ffffadc1
ffffd8db
ffff9f59
ffff2573
ffff83ef
ffff6561
ffffe131
ffff8534
ffffd1ff
ffff85b2
00001d90
ffffaffa
ffffbddc
0000004a
ffffb22b
ffffc8b5
ffffcdbe
ffffc3cb
00001aff
ffff51b2
000013a8
000009f3
ffffb99d
ffffcd85
ffffe591
0000107c
ffffffd8
ffffdfb1
ffffa117
fffff0c6
000009fb
ffffb7fa
fffffc6f
ffff3e9f
ffffb8ab
ffffa3ea
ffff4718
ffff90da
ffff7f38
ffff8a87
00001099
ffffb4ee
0000054a
0000085e
00000ba7
ffffb654
ffffe836
000049e9
ffff6f2e
00001d8a
000065c6
00000aed
ffffcb4d
0000131b
00000409
ffffcc9a
0000118c
ffffe72f
0000055b
000010e7
ffffeea6
00001408
ffff8548
00000d93
fffffa99
ffffca8f
ffffcae7
0000023c
ffffe1f9
ffffee49
ffffdc80
ffffbda4
fffffed2
0000205c
ffffc23f
ffff9fe5
ffff6001
ffff2427
00003abf
00000e96
fffe4988
ffffc1a0
ffffdbf3
fffffb4d
ffffcfbf
000092cf
000054b6
0000349c
00001f0f
00001a48
00004d37
ffff8c0d
fffff361
00006672
fffe4c5d
ffffc959
ffffea76
ffffd0d1
0000dd33
fffff5e2
0000c79a
fffffb53
ffff3dfe
0000832b
ffffd0c5
fffef3b7
ffffb079
000128a9
ffffa25e
ffff9d69
0000574d
ffffff1f
ffff86aa
ffff8fdc
ffffca55
fffecbc0
ffffe758
00005490
00006f7e
ffff6452
00002062
000025c1
00005003
fffeeb65
ffffb232
00009908
00004d87
fffffd55
0000302e
000070c0
0000c633
ffffd291
0000706c
fffffe94
00003ff9
000028f0
00000925
ffffe93a
0000b2f0
00003779
ffffc24f
000066b1
ffffc3b9
ffffa5e6
000062c9
000009ab
ffffed0f
00003c40
ffff7ee9
ffff94d2
00003ced
00004c50
00000810
ffffe502
ffffed16
ffff5f82
00005b07
0000a53a
0000d600
00000673
ffffa098
ffff62f7
00000874
ffff3515
ffffdf5f
ffff1d71
ffff9bb5
0000bd75
00004eff
fffef98d
00002c70
ffffabba
ffffe65b
0000138e
ffffdbe9
00002d06
ffff77c3
ffffb56b
ffff9055
ffff863f
fffff135
ffffe086
00004fd9
00004393
000038fe
ffff9b9b
0000aeb7
ffff33ac
ffffd96e
0000f005
ffffee2e
ffffe405
0000659c
ffffda70
ffffbb0e
fffff096
ffff7fb1
ffffd42b
ffffdf88
0000695f
fffff73b
00004625
0000d913
00013413
00002276
0000bfc1
00000cd1
ffff922a
ffffe007
ffff74a3
000052ee
ffff7135
00003cd0
fffff6bd
ffffc282
ffffcda0
ffff90e3
fffffd68
0000297d
ffffde43
ffffe5dc
ffff9962
ffffe713
0000380b
000001cc
00007727
ffffd407
00005712
ffff543e
00006ff7
00001735
fffff147
ffff6dcb
00008f6c
ffff6c9a
ffff2a7d
ffffff33
00008f11
00000ac8
00000e86
000047a5
ffffa025
ffffe6a4
000011a8
ffffce17
000033e1
000001fa
fffffd44
ffffe7e0
00000a7e
0000748d
ffff3086
ffffd5d9
00004d81
000015b9
ffffa977
000067c7
00002285
00000679
00002801
ffffc651
ffff45b3
00010554
fffee5c7
00004871
00007f43
ffffd98d
ffff24f6
ffffa53b
00005f56
00006504
000036cc
ffffe36c
ffff7884
00004178
ffffc460
0000e5b1
ffffabee
ffff900c
ffff2825
ffff2f81
ffff9003
00000be5
00002dc9
fffea45d
ffffb5ee
ffffb423
00006f33
ffffeaec
ffffd72d
0000b515
00001ca5
000007f2
ffff758e
ffffc801
fffffd62
ffff56aa
ffffcd6c
ffff9460
ffffeac1
fffffe02
00006566
00009511
00007e14
0000196f
fffe2390
ffffd3e7
00005c86
ffffcdfb
ffff6c4a
00004252
00000e5d
fffffaf3
00002e37
00002f2b
0000c0e6
ffff4ee7
00000f14
00004505
00009012
ffffcf83
000012f8
fffff7ea
ffffda06
fffff64c
ffff69b0
000005e4
ffff801a
ffff6d61
fffef14c
ffff4315
0000678d
ffffd6bc
0000437a
ffffd20f
ffff6a34
ffffd84d
00001589
fffefa1a
ffffb576
000079d4
ffffd6c9
fffea4bb
ffff9fc5
ffff37ee
00006349
000013fd
00004877
000023df
00002b6c
ffffff46
ffffde4d
ffffaade
fffff0f8
ffffd489
ffff386e
ffffecac
fffffff5
ffff7681
fffe45c1
ffffbcd2
ffff827a
ffffd58c
fffffd03
fffe7af9
00001a8d
00002801
fffff763
ffffab4a
000037a7
000042bc
ffff6597
fffe925e
0000258c
00008af8
ffff52bc
ffff7990
ffffdd95
000004af
ffff6485
000019b8
ffffc93a
ffffd97b
ffffef69
00002995
0000a42c
ffffd131
fffff480
000077ce
000029a5
ffffc5be
00002589
fffff1e8
00006d80
ffff6a16
fffefae6
fffe8a20
ffffe784
ffffb784
ffff6d86
ffffe927
fffffa36
00004ab1
00001826
fffeefe4
ffffa397
00005fee
ffff8e86
ffffe1a7
00003384
00008372
fffef560
ffff0199
00002b6e
ffffbfcf
fffeb697
ffff59a4
ffffb1d4
fffff288
fffef37b
fffed605
000007a0
ffffe3c5
0000401b
000027dd
0000590b
0000786c
ffff068c
ffff2bd3
ffff8149
ffff7e48
ffffe06a
ffff8fc2
00003bf7
fffe71c7
ffff5e1e
0000027b
ffff00a2
fffe1a07
000028cf
000051d2
ffff1f93
ffffb654
00000e79
00000cef
0000bca2
000020d4
ffffff15
fffe4bda
ffff1884
fffebf87
00006a7f
0000fa6c
ffff3ee2
0000b0f0
ffff349a
ffff96e5
fffff9d6
000062c3
ffffb972
ffffea91
ffff33c6
000028aa
00008e38
0000447a
ffff5457
fffee583
00004f53
00002461
fffeddcf
ffffdedc
ffff04b4
000031a3
fffee710
fffff18d
ffff5912
ffff8cde
00000d79
ffff63a8
ffff5896
ffff1fbb
000069bc
ffff6710
00001b09
ffff6dc0
fffeb642
ffff1ba7
ffff248f
ffff5cbb
ffffa02d
ffffe157
ffffaa18
00005a44
000031ed
ffff8d6c
fffeddad
fffe4584
00000c4d
ffffb959
ffffffe5
0000091f
fffff92b
ffff1071
0000e3c2
0000605c
0001149e
ffffd8c0
ffffe6b7
00003610
ffff3191
ffff0d26
ffffe95f
fffffe18
ffffabab
ffffb5ee
ffff8f30
ffffd07b
ffff01b4
00004294
ffffeaca
ffff1fb7
ffffa0cd
000063b5
00005d8f
ffff626c
ffffe9b4
fffff688
00000ee9
000054b5
ffff844d
ffffc63b
ffffd53a
00007d21
ffff15fa
ffff65f9
fffffa76
ffffaf98
ffffe7ce
ffff0e3c
00001af1
ffff79cc
fffee9e6
ffff9e8c
ffff5fea
fffeef1a
ffff6235
00003e04
ffffe515
fffeeb98
fffefcd2
fffecde6
fffe9011
fffea37b
00009bde
ffffdea1
000007f9
0000176c
0000167c
ffff2215
ffffad82
00000a15
00004c5f
ffff7f43
ffffc813
fffedcb8
ffff2e4a
fffef927
ffff8355
fffff64d
ffffd7f3
ffff8130
ffffad8c
ffff375e
00003161
ffffa4a2
ffff9c3e
ffffb5b6
ffff6685
000087c1
00001fde
000033eb
ffff844d
ffff868b
ffff7ee4
0000a7d0
00000fd2
ffffd72b
fffff1a7
00000204
000064a4
00000a91
ffffd147
ffff5553
00001670
00001b25
ffffc105
ffff4ca6
fffdc856
fffee72e
fffef453
ffff5580
00000b5b
ffff87ef
ffff21dc
ffffc336
ffff7528
ffffe1ff
ffff7725
ffff9694
00002055
ffff723a
0000303a
ffff9500
00000b95
ffff9689
000055b4
ffffbdab
fffff5e7
000081a4
ffffe9aa
ffff15c3
ffffa48e
00001d6e
ffff9f66
ffff7691
00002128
000087fb
ffff3fa9
ffff6c77
00003ee6
ffffc202
ffff3c32
ffff109a
ffffb2e9
ffff007a
ffff2fd6
00004aac
ffff1594
ffff8472
000011cf
fffff7c7
ffffdfe3
fffffa9f
fffff36b
ffff4ffc
fffffad9
0000121c
ffffcb6c
00002388
ffffd6ad
000012a4
ffff4ddb
fffdf8c6
ffffd37f
ffff6667
ffff3dbd
fffe5a59
00000ddd
ffffca29
ffffa629
ffff6aa4
00002426
00006dc8
00000250
0000920c
fffff539
fffec156
fffeebec
00002cc6
00002f53
ffffc610
ffff555d
00006b8a
000033c9
fffff726
000035d0
0000e7cf
fffef537
fffff3a4
0000a21f
ffff55cf
00007d81
fffeea21
ffffef20
ffffb123
ffffd9b4
ffffb0f8
ffff7f6d
fffffa0a
ffff6ffe
fffeda52
000081de
fffffbd0
00001a98
0000603e
ffffee1b
ffff3848
00006bd4
fffedca0
ffffc98e
fffe5a5c
ffffeb81
fffff01f
fffe92c0
ffff663c
ffff3b83
ffffe8e3
ffff6630
ffff7be6
00002248
fffed3f0
ffffafd6
ffff3cc1
ffffaa58
0000053c
00003d05
fffffe38
ffff1b3d
fffc4f12
ffff7511
ffff494b
000018ec
00009651
fffef182
0000677b
ffff962c
ffff7df2
ffff8e00
00000cda
fffe616d
ffff7162
fffffbaa
ffff2591
ffff6deb
0000065f
00002755
fffed4f0
ffffe191
ffffac06
ffff9eed
ffff8e87
ffffab74
ffff83fe
00002fff
00000634
ffffea9b
fffee9b9
ffff4b21
00006cda
fffdf475
ffffd817
ffff467a
00001373
00002757
ffff7bbc
fffffc1c
ffffc9cc
fffe4949
ffffd6d8
0000dffb
ffffc4e4
ffff6c80
ffffba75
00005d47
ffffcefd
00001429
ffffbe5c
fffec09d
ffff63bb
ffffd158
ffff7bfc
ffff9621
ffff349a
ffffc66f
ffff9d57
000019f9
00000196
ffffedf2
00003217
ffff680f
ffff3f4d
fffff3f6
ffff9722
00002e51
ffffd668
0000188d
0000208b
ffff544e
ffff8597
ffff5bfc
00001a90
ffff8849
ffffe729
00001103
ffff6cfb
ffffea87
ffff9820
ffff8e5b
ffffe884
ffffff6b
fffeb61c
ffff38cc
ffff7a22
ffffd2ac
fffff737
fffee976
ffff1a8b
ffff1e8c
ffff16d7
00003279
0000636d
000005c2
0000327e
ffff4fac
ffffcd85
ffff1467
00003357
fffebccb
ffff0951
ffffe8f9
fffebd34
00001aea
00007bb3
ffffec5e
fffe1480
fffffba3
ffffec11
fffffa38
ffff5361
ffff9da5
ffff2e28
fffed87a
fffff693
ffff393c
ffff42df
ffff2bd7
ffff533c
00005f50
fffef89d
fffffb7d
00001a00
ffff26bc
fffe9cf4
ffff6aea
ffff43f3
00002532
00002949
00000a18
fffeb7ff
00008afa
000015fa
000077c6
ffff79e0
ffffe8a6
ffffe767
ffffebec
00000858
ffffe242
ffffef9f
ffffff1d
fffffc05
fffff9eb
0000120f
ffffec63
00000aa5
00000a4f
000002ce
fffff867
fffff189
000000ea
fffff8d6
0000030e
ffffef16
ffffec92
000001b7
ffffe5b2
ffffea73
ffffe744
ffffef7a
00000ad0
ffffec43
ffffef98
fffffadd
ffffeb91
fffff077
fffff62e
fffff72a
fffff9d2
fffff1ac
fffff330
fffff410
fffff626
000018c0
fffff58f
ffffefd9
fffffbe5
ffffeb78
ffffdf22
fffffaa8
00000e03
ffffe7c7
fffff36f
00000265
00000001
ffffe55d
ffffee44
00000e75
ffffff1c
fffff25d
fffff6ec
fffffba6
ffffe25b
ffffe403
fffffcae
ffffebfe
ffffe9eb
fffff5b6
fffff9d0
fffff0f5
fffffa7e
fffff225
fffff1bd
ffffff31
ffffe790
fffff80a
000004c1
fffff428
fffffc1c
fffffdb6
000003cc
0000010a
fffffba0
fffff311
ffffe9ba
fffff509
0000046f
fffff903
fffff7d3
00000098
fffffed3
fffff81f
fffff4fd
fffff126
fffffd52
000002bf
fffffdae
000003cf
fffffec1
fffffef5
00000e09
fffff3ca
fffffd6f
fffffe63
ffffe1f1
fffff581
ffffee70
fffff6b2
0000171b
fffff8e0
000004f0
ffffdc66
fffffba7
fffffc62
0000004f
ffffee66
ffffec77
0000003d
fffff7d1
0000038d
00000500
fffff87c
fffff451
fffff7da
000008a0
0000030c
fffff210
fffff98a
fffff045
fffff525
ffffe95e
00000e52
ffffe957
0000052a
fffffb9d
fffffe44
fffff6b4
fffff6ca
00000d1f
ffffe8ef
ffffecc8
ffffdd41
000002b4
fffff694
fffff218
ffffff2d
fffff9f8
ffffea7c
00000166
ffffff44
0000068b
ffffe1ad
fffff20b
fffffe54
fffff4cc
ffffe545
fffffe6f
ffffeaf4
fffff9b8
fffff44b
fffff850
ffffff18
0000043b
fffff744
ffffda3f
ffffefd9
fffff88a
ffffd4ce
00002087
ffffea8e
ffffeb16
ffffe5b8
00000264
ffffff2a
fffff06a
00000291
000002c6
fffff709
ffffdf51
00000005
ffffe8a9
000004d6
fffff019
ffffdcfb
00000724
000000d5
ffffeb39
fffff910
00000d6f
000007ba
ffffe84c
fffff056
fffff829
ffffeeb3
fffff298
ffffdcd6
0000003f
ffffdbb1
ffffed20
00000009
0000080b
000008cf
fffffa2e
ffffeac2
fffff7b5
000009f9
ffffef14
fffffdb4
fffff226
fffffb1c
000000fd
fffffd6e
000000cf
fffffecc
ffffd4f3
ffffe66c
ffffdb97
fffff159
ffffea5e
00000403
fffff249
ffffecb2
000002cc
000000bc
ffffd9a9
ffffeadb
ffffffe5
00000c08
ffffe91e
fffff6c0
fffff6ad
fffff3e4
fffff7cc
0000018f
00000198
0000075e
000009d0
0000053e
fffff17f
fffffdbb
00000b55
ffffef55
fffff86e
ffffec94
fffff2ce
0000074f
ffffed33
ffffe80e
fffffcd9
ffffee14
fffffd62
fffffc27
00000c22
ffffff05
fffff2cc
fffffaed
ffffe597
fffff14a
fffffd3b
ffffeb56
00001ab8
ffff4b4e
ffffcfca
fffe6263
ffffe180
ffff766b
ffff80c9
000031a9
ffff4960
00002217
ffff30c1
000018c2
00001b75
ffffd56f
fffff733
ffff6b25
0000042b
ffffb1dd
ffffd31d
ffffecca
00001a71
fffee6ae
fffff7be
ffff0c9f
fffedc29
ffff2304
ffff3072
ffff4872
fffff2fe
ffffe9c7
00000526
ffff76ef
ffff1dd7
00003744
00000899
ffffb1cb
ffffced5
00007f60
ffffd5e0
000020e9
00000127
ffff41cd
000005ba
ffffe55c
ffffe28c
00004f00
0000546c
fffff12b
00000aa4
fffef4ee
fffff88d
00003c6f
ffff873c
ffffca21
00002917
00000cfb
0000410f
ffffba13
ffffd479
ffffcad1
00000f48
ffff494c
ffffe845
000028a3
ffffcf49
ffffaa21
ffff5dbe
ffff5217
ffff7181
ffffa900
00004b9e
fffef346
00005520
ffffac9b
ffffe0dd
ffffe8c4
ffff3987
fffff768
ffffc90b
ffff64b2
ffff133e
000003ee
ffff835b
ffffe2e5
ffff207a
ffffaa92
fffe4873
000009f2
ffff9870
ffff2d49
00000092
000001c4
000049b5
ffff7c90
ffff1ddd
fffffee6
ffffb65e
ffff56bd
ffff6aa2
ffffd6f0
ffffb4b2
ffffd7f7
ffffbb62
ffffd08f
ffffe18a
fffec87a
000006cd
ffff6d58
00002453
000062c6
ffffa788
ffff895a
fffecfca
ffff1464
00002374
ffff98ab
00000fb6
ffffe756
fffffcb8
00004068
000006ca
fffe6a76
ffffdb62
ffffc71e
00001df7
ffff155a
000002b0
ffffd2ab
ffffaa38
ffffd560
00000db0
0000181b
ffff37ae
ffff8edf
000050fc
ffffb20a
ffffdd75
ffff5719
ffff298e
ffff1b44
ffffe1a5
fffed1ef
ffffbf4d
fffef158
ffff43ba
ffff3114
ffffe245
ffff1604
000049f6
ffff1f42
000032e4
ffffe8dd
ffff1ed1
00003be2
000001a5
ffff57d6
fffef8ef
ffffb9f2
fffffdea
000059ce
ffff7617
00001be1
000064dc
ffffcc80
ffff77e0
ffffd4b7
ffffc700
0000107a
ffffbc00
ffffce7a
ffffc4da
00003e9e
ffffb653
ffffe293
ffffb55c
00007598
ffffb4a5
ffffeae5
ffffed36
ffffba35
ffff948e
00003f38
ffff9b79
000007f2
ffffc3de
ffff660c
ffffcb6e
00004ff2
ffffdc3e
ffffcc10
ffffee71
000020b2
ffffb775
ffff8fac
fffe8758
ffff6e5d
ffffdb3e
ffff9ea3
000032a2
ffff7b00
0000233a
fffebf14
fffffdfe
fffff286
ffff8ffd
ffffc6f5
ffffcb26
ffff994d
ffff2a0e
ffffa1c2
fffe055d
ffff9b5f
ffffab92
ffff9f63
00000790
ffffea34
fffeb97c
ffffc10a
ffffa461
00000497
000020cd
fffff687
0000432b
ffffcd13
fffffd47
000058d3
000034c0
00003d8d
ffff5b34
ffff8ffb
00003314
fffff119
ffffb616
ffffa391
00002414
fffffae9
00000f02
ffffe9db
00004cf6
ffffe32a
00005299
ffff879c
ffffcaa0
000032a5
ffff74ed
ffffef7e
ffffa2d2
00004a8e
0000513c
00009024
000001e7
ffffc93e
ffff81de
ffffec9d
ffff7cf1
ffffc6f9
fffff81e
fffffced
00000057
fffffcb2
00000bd3
00000d53
ffffec67
00000150
fffff4a4
00000d7e
fffff906
fffffc36
fffffe28
fffffcc1
ffffe672
ffffec24
fffffb0d
fffff8b6
ffffed44
fffffff7
ffffed0b
00000ade
00000c4f
ffffeae9
fffff94c
00000021
fffff387
fffffbef
00000236
fffff433
fffff759
fffff043
fffff760
00000919
000001d3
fffffbe1
fffffd13
fffffdc7
00000ca7
ffffff52
fffffeb5
0000057b
fffff615
ffffe836
ffffff26
fffff995
fffff4f9
ffffe4db
ffffe480
ffffeb83
ffffeca3
fffff246
00000604
fffff397
000011b5
fffff5f9
0000055b
00000fb2
fffffe4a
0000091d
ffffebb5
fffffa31
00000d1f
fffff505
00000c1b
ffffff1f
fffff242
fffff2fb
ffffff16
00000167
fffff65f
0000013a
00000f46
fffff380
fffffac2
fffff7f3
fffffa41
fffff7e6
00000402
00000432
0000034e
fffff3bb
00000215
fffffd3d
ffffeec1
fffffcfd
fffff5e2
ffffee23
fffff803
000002f5
fffff467
ffffed69
ffffdc5e
fffff9e9
fffffc7f
fffffac5
ffffed06
ffffe6d6
fffffe34
fffff30e
fffff3d3
ffffec5c
fffffc3d
ffffe91f
fffff1ee
ffffea71
00000858
fffffc2b
fffff49d
fffff500
ffffeab1
000003c7
00000be3
fffff1d7
ffffef08
00000d30
00000708
fffff8be
ffffef80
ffffebfc
0000053e
fffff7de
ffffef1c
ffffefc7
fffff946
00000d69
fffffd1c
fffff023
fffffb68
fffff7b1
00000645
fffff9de
fffff9b0
fffff8d6
ffffee66
00001484
ffffe351
fffffef0
ffffef80
fffff5c4
fffff870
fffffbfb
fffffb80
ffffeffc
000005a0
00001807
000001c1
fffffa64
fffffa1a
ffffe7dd
fffffc37
fffff67b
00000145
fffffe6f
ffffff66
fffffcac
ffffe8a5
ffffff35
fffff372
fffff0ef
fffff4ec
fffffc30
fffffbbd
00001347
00000932
fffff22c
000006ee
fffffaec
fffff3a7
fffff8e6
ffffe5fc
ffffea2b
00000693
00000dae
ffffe854
00000036
00000213
0000070d
0000011f
fffffd4e
fffffa6e
ffffeb4a
fffff7f2
fffff606
fffffd46
fffff3aa
ffffe9ab
fffff2d5
00000052
ffffe9cc
fffffde5
fffff4b3
ffffdfff
fffff290
fffff930
ffffe9a5
fffff3f8
ffffec1b
ffffe76a
ffffe6aa
fffff54f
000000c4
ffffff96
fffff888
ffffec44
fffff55e
fffff164
00000445
fffffd0c
00000966
00000034
00001001
00000a20
000001a4
000001e1
000009e9
fffff47a
00000565
fffff8eb
fffff245
fffffb61
000005fa
ffffe8c1
ffffef97
00000823
fffff7a7
00000047
ffffea6a
fffffbae
fffff1c3
ffffffa5
fffff312
00000816
fffff7b7
fffff810
fffff719
ffffec66
00000160
000004ee
000004ca
00001238
fffffcd9
fffff78e
0000058a
ffffe438
fffffd4a
fffffe11
fffffa7c
fffffa6d
000004dd
fffff24c
00000f57
fffff7e1
ffffedc8
ffffe961
fffff292
ffffc244
ffff8bfe
00000537
ffffd832
ffffd39b
0000164d
ffffcc45
00003af8
ffffc561
ffffe9ff
00000a38
ffff811b
ffffd20f
ffff8007
ffffc6a3
0000164a
00000ff4
ffff7c24
ffffd5e7
ffffa26b
fffffb60
fffff901
ffffacee
fffff867
ffff7f8c
00008cc2
ffffdeb7
fffff82c
ffff7079
ffffb321
fffff8ab
ffffd46c
ffff7038
ffffb302
ffffb5c1
00007b58
fffffcbe
ffffbaed
000025c2
ffff8110
ffffcc5b
ffffd751
000002c0
000008af
ffffc483
fffff5ff
ffffa6c6
ffffd2fd
ffffec2a
fffee57f
ffffe1c2
ffffb949
00003452
ffffcb8f
ffffe218
fffeb7bd
ffffce6c
ffff7e0e
ffffea65
ffff2ea9
00000064
00003017
fffff685
ffffb399
00004b36
ffffdd34
ffffc8e9
ffff8b9d
00003f0c
ffff7fda
000091f2
ffffca04
ffffebb5
ffffdaa8
ffffce41
ffffcbf5
ffff4687
fffff076
fffffa14
fffffeba
ffffbcf5
00000552
000011c8
fffff006
fffff6ef
ffff9db8
ffff9ca0
ffffe6ec
00003ae8
00003ad8
ffffa062
ffff86e2
ffff844e
000063bf
ffffbe3c
0000082b
ffffd516
00000dcd
ffffd7b6
ffffb816
ffff648e
ffffe9e9
ffff46ed
ffffccc2
ffffd234
fffffa9d
ffffe9fa
000000ef
00005f28
ffffee7f
ffffd697
0000cfcc
ffff087d
000011f2
000016ef
00008c47
0000a722
ffffc201
ffff9f14
ffffe02a
ffff9dc9
ffff7aa2
ffffcd8c
ffff721b
ffffb2db
fffef3ef
ffffbb7c
000001cb
ffff9ef4
ffffc486
00000e8c
ffff259e
ffff800f
000005f0
ffffd89a
ffff9cff
fffee89e
ffff0901
ffff93eb
ffff2550
00003929
ffff4409
ffffc9ed
ffff72a9
fffff5bb
00000d2e
fffff154
00000fc7
00003b29
ffffc62d
ffff50b5
00001501
00001965
ffff6c1e
00002ce5
00004b1d
ffff3b6b
ffff7c7b
0000005b
ffffd88b
fffef87d
ffffbfe0
ffff5b19
ffffaeba
ffffeced
00000cc9
ffffe9b6
ffffe310
ffffef67
ffffb300
fffff768
ffffb1f1
00002a5a
ffff3db4
ffff45b3
ffffb8b8
ffffde05
00008659
ffff1233
ffffdc6e
fffff7f2
0000021a
ffff8b73
ffffde8b
ffffe9ca
ffffbabe
ffffedf5
00003fc6
ffffb7bc
ffffe3e1
ffff7be0
000004de
ffffcf50
ffff823a
0000385f
0000566e
fffffde9
ffffa545
ffff7075
ffff4cd5
ffff8386
ffff5b84
ffffa404
00007c6a
ffffadd7
0000145f
ffffcd70
ffff8d7c
ffffb6f1
ffff7033
ffff663d
ffffca0c
0000032c
0000455b
ffffef5a
ffffcf2f
ffff83a6
ffff8ac2
ffff8492
ffff1a24
ffff3b48
fffef397
ffff8c98
ffff958c
ffffbe6a
ffffb673
ffffdf4f
fffec60c
ffff8f3b
ffff8fe7
ffff9de3
ffffbed5
ffffff57
ffff610e
ffffab29
0000078b
ffffd9ed
ffffe68a
ffffa5b2
ffffdcd5
ffffd3df
ffffc9f6
ffffb860
ffff86af
ffff7ecb
ffff27de
fffffa88
ffff56ba
0000229e
00001598
ffffe7fd
ffff4ebe
ffffca3c
000005d1
fffff75c
00000a1d
ffffeab2
ffffff0a
0000072f
fffff821
fffff9b9
ffffec6a
fffffafc
000006c9
fffff757
fffff082
00000111
fffffb60
000003ff
fffff173
ffffec81
fffff339
fffffaf7
fffffa5d
00000cce
fffffeee
fffffa2e
fffff567
fffff439
fffffbf4
fffff37b
fffff89a
fffff029
00000691
fffff8f8
fffff313
fffff5b5
0000009f
00000f60
00000d59
fffff699
fffff954
fffff145
fffff646
00000abe
fffff776
fffffba0
00000616
00000811
fffff421
fffffedd
000004a5
ffffef56
00000264
000003dd
fffff80a
0000087e
fffffb24
fffff1e1
00000955
000000f6
fffff38b
ffffef57
fffff726
000001e6
fffff100
000003fe
fffff1ee
0000085e
fffff8c4
fffffdee
00000552
fffffff0
fffff280
fffff953
fffff9a3
00000a40
00000908
ffffefd7
ffffeea3
00000ac9
000007a1
fffff6c7
000003a6
fffff446
fffffabf
fffff807
00000164
00000b2f
fffff888
fffffd98
00000968
fffff1bf
ffffed66
00000020
fffff422
fffffd6a
00000446
fffff86a
00000e77
fffffcf5
fffff309
fffffe0c
fffffe42
00000ab3
fffffcad
ffffeebd
ffffff60
fffffaae
fffff401
fffff92a
ffffee88
fffff180
000001d9
fffff8f4
00000731
fffffc0f
fffff2c2
ffffef44
fffffdae
fffff61f
fffff00f
000002f7
ffffeec5
fffffb23
00000686
fffff07d
fffff309
0000020c
fffffcd1
fffff51d
00000410
fffffc56
fffffd5b
fffff5fb
000005d2
00000b74
fffff55c
fffffa81
fffff154
fffffebd
fffff7d9
fffff5a3
ffffeed3
fffff0a2
fffff368
fffffeaf
fffff9a3
fffffccd
fffffb20
000000a5
fffff18c
fffff55f
000008b9
00000f49
fffff465
0000070d
000008b1
fffff5d1
000000ca
000008a3
fffff662
fffff1fb
fffff4bb
00000915
000005ba
fffff4a0
fffff475
000005ea
00000578
fffff718
00000083
fffff9b8
ffffe926
00000394
fffffb33
ffffedd4
fffffa89
fffff6d6
0000035e
ffffe94a
fffff868
fffffed6
fffff28d
fffffd55
0000036b
00000e12
000006f2
fffffed6
fffff2e1
0000022d
fffff899
ffffee1c
fffffbc7
fffff10a
fffff62c
fffff837
fffff7b0
fffff185
0000022c
0000002b
fffff5a5
fffff277
fffffb5d
fffff30c
fffff2f7
00000ac5
fffff846
fffff262
000003c1
fffff809
fffff3c5
fffffa2a
fffff90e
0000047d
ffffee58
fffff2fb
fffffb58
fffff68b
fffff3ec
fffff72e
fffff54e
ffffed9d
0000078e
000000a9
000003a1
fffff3f1
0000058e
fffff001
00000336
000008da
0000099d
fffff81d
fffff142
0000024b
fffff503
fffffd37
fffff6f6
fffff11b
fffffd26
00000ab1
00000aee
fffff757
00000404
fffffc43
00000057
000003e9
fffff8ad
fffff5fb
000007e1
fffff4bc
fffff65f
fffff404
fffff15e
00000d01
000005b7
00000310
00000596
ffffec11
fffffef3
00000217
fffff543
ffffec3e
fffff72d
00000909
00000970
fffffb0d
fffffe39
fffff5db
fffffb5c
fffff632
000008b2
ffffed7f
fffffd9a
00000046
000004ea
00000170
fffffef5
000003c5
fffff020
ffffeb32
0000042a
00000ff5
fffffe7c
fffff782
fffffce3
fffffba5
fffffeea
00000441
fffffa32
ffffef6c
00000480
fffffe11
fffffcfe
fffffc73
fffffcd3
fffffec0
fffffd83
00000b31
0000027b
00000889
ffffecd3
fffff8c1
ffffed03
00000218
fffffc82
fffff7a5
00000756
00000697
000000ed
fffff898
0000071f
00000248
000002be
fffff8dd
fffffb0d
fffff1f1
ffffeb81
000000b6
fffff4d2
fffff2c1
fffffe25
fffffd35
fffffd4c
fffff8f7
fffffe72
000000c2
ffffea09
000002f8
fffffbfc
fffff056
fffff7f5
ffffec2d
fffff7f6
fffffdff
ffffee4e
000001d2
fffffefa
fffffcef
fffffaea
fffff0ff
fffff203
fffff373
fffffbf1
fffffdcb
fffffa5f
0000089e
00000700
fffff7e0
ffffef56
fffffe89
000007ca
fffff035
00000172
000001f1
000002b2
fffff27b
fffffd69
fffffed3
ffffe8af
00000a3c
fffff070
fffff804
fffff15a
fffff83e
00000adf
0000110f
fffffe0a
fffffbc6
00000396
fffff402
00000b34
fffff17e
fffff792
fffffcc7
00000d9b
fffff951
fffffe9e
00000e82
fffff1af
fffff980
fffff627
fffff774
fffff238
ffffedf2
fffff4dd
ffffeef3
00000fb2
000008ca
fffff09a
fffff2e9
fffff2bc
fffff5bc
0000037c
fffff188
fffff8de
fffff6d2
fffff596
fffff596
ffffff45
00000175
00000030
fffffcb4
fffff540
fffffda8
000001be
fffff280
ffffed70
00000b19
ffffeeb5
fffff3a1
fffff9b5
000002d7
00000443
00000a2f
fffffc98
000001ef
fffff8fb
fffffd65
fffffd29
fffff433
0000090f
0000068e
fffff2ad
fffff3ce
fffff0fe
00000f78
fffff228
ffffeba2
ffffea8c
ffffff18
0000096c
00000273
0000027a
fffff839
ffffee48
ffffff1f
fffffec9
ffffff5b
fffffc90
fffff3df
000005be
00000b23
fffff47c
fffff934
fffffc27
0000015b
00000f90
fffff57c
0000047d
0000010e
000001d0
00001016
fffff15a
fffff25d
000008cd
fffff2dc
fffff17b
00000d19
000000e9
ffffee30
fffffbe9
fffff32c
fffffed5
fffff192
fffff06f
ffffe692
00000540
00000a12
fffffae1
00000c93
fffff874
fffff736
00000358
fffff313
000004ca
fffff11e
0000092c
00000d95
ffffe98b
fffff0e4
ffffee0e
000005ac
fffffb81
0000006f
0000006e
ffffea08
fffff31b
00000895
00000d18
000008ba
fffff5e7
00000826
fffffd48
fffffeac
ffffefb8
fffff870
0000043d
fffffd53
fffffe43
fffff53a
fffffdf4
fffffd93
ffffee77
00000511
fffffb80
fffff913
ffffefcd
fffff0e7
ffffed5b
000008b1
fffff612
00000058
fffff039
00000bc1
0000049f
fffff659
fffff2bc
00000f33
ffffa586
ffff1403
ffff8ffc
ffffc1ac
ffffc94f
ffffb94b
ffff750b
ffff9fcd
0000338c
fffefaa5
00002a38
ffffc099
ffff83e7
00001bc1
fffeebc5
ffffff5b
ffff1cf7
ffff7a58
ffffaaf2
ffff9785
ffff6e86
ffffcf27
fffeba50
ffff58c6
00002135
fffff6e5
ffff31d7
ffff6163
ffff4dae
ffffd372
ffffd6d9
fffff0d8
fffff2ee
ffff7d9e
ffff445d
00001cec
ffff6f25
ffff8c77
ffff3f5a
ffff6202
ffffd213
00001939
ffffbaed
fffe2018
ffff8f72
00001e2c
0000e675
ffff8abd
fffec437
ffffa52d
ffffc983
00000e15
ffff40d6
ffffecb9
0000427d
ffff59b7
ffffafee
00005cfe
ffff898d
00000a38
ffffaf3b
ffffe597
fffe9794
ffff8f49
ffffa49e
ffff36e9
ffff4f23
ffff8d06
00000d6d
ffffac6e
fffff0f8
ffffdb94
ffffa1f1
ffffc6f2
ffff23a0
ffffefe7
ffffffb5
ffff5bc4
00000014
00002395
fffffb27
ffffc5ae
ffff9076
ffff79a0
ffffddd6
ffff4d40
ffff75a5
ffffece0
ffffc0f0
ffff7a4b
ffffcabc
00004f5b
000027a0
ffffa140
0000040d
ffffda19
ffffaed7
fffeee1d
00004278
fffec4b9
ffffd728
fffed9fc
fffe3901
fffeb29a
00003f0d
00006a97
00001397
00000f19
fffffe98
fffec94f
ffff905c
ffff9549
ffff3572
00001ec9
ffff176c
ffffc26c
00000c0c
00000d59
00001b4f
00005949
ffffef8b
ffff2aeb
ffff7243
ffffbf22
ffffa806
ffff91bc
fffe955f
fffe90e7
fffde3cd
ffffd0be
ffffe957
ffff73aa
ffff81f2
00000e75
000035aa
fffe7528
fffe9804
00001cd7
ffff9473
ffffa03a
0000046f
ffffbd84
ffff9516
0000a7e8
ffffb6e1
ffffbef8
ffffdcc6
ffff74ac
ffff7030
00000118
ffffdd40
ffffe3b7
fffee49b
fffef242
ffffeaf1
fffd1bed
ffff81bf
fffff75b
00000975
ffffbd91
ffff4643
ffff7171
00000672
ffff03ab
0000170d
ffffa994
ffff87d7
fffffb7a
fffff5fb
ffff9f46
ffffed8a
ffffd222
0000421d
00009e8a
00000bb6
ffffe20a
ffff417c
000001ac
ffffc912
0000012e
ffffeee8
ffff5d9b
ffffb22a
ffffeb63
ffffed4f
ffffdcfa
ffff62be
00006c61
ffffee27
ffff1c16
0000b0d6
00000642
ffffad5f
ffffaa85
ffffc213
ffffea3d
ffffb5e0
fffef29b
ffff091c
fffec479
ffffef8f
ffff7f43
00001c91
fffe63c6
fffef817
ffff6aec
00000326
ffffecf6
ffff4f6a
00007bf0
00001882
ffff7439
00000426
fffffa94
000016a2
ffff38fb
0000b4f8
000040bc
ffff786c
00000d2b
fffed80a
ffff9a36
ffff2ae8
ffffa5ff
ffffdb7d
ffff9349
ffff2a00
ffff8277
ffffa07c
ffffe240
ffffa3cc
fffffbfe
0000963f
ffffc241
0000087b
ffff04ea
ffff2da7
ffff771c
000008ff
ffff4e6c
ffffcc71
000029d6
ffff6eea
ffff104f
ffff196b
ffff2266
ffff3cdd
ffff9262
ffff5935
fffff5ac
ffffb4f7
ffff7867
fffffb04
ffff820f
ffff9e73
fffff431
fffff8be
00003c33
ffffa17b
ffff908a
ffffdc8a
ffff9e76
ffffe8b7
00000c77
00003fd4
ffffdb6c
00003389
000009ce
000055f1
0000556b
fffff8ca
00000363
ffff681a
ffffce72
000015ea
ffffeca4
00005fb5
ffffd3c8
0000491a
00002f2f
ffffdeef
ffffbcb8
00005f65
ffff6cce
ffff822f
ffffed35
ffff8a59
00000363
fffff086
ffff1ce9
00003a8f
00000752
ffff740d
000003d8
fffe889f
000005db
ffffdd0e
0000114a
ffffcd7b
ffff790d
ffffb84e
00000482
ffffc4e8
ffffbbc0
ffffae79
ffff4c41
ffff9230
0000202b
ffff434c
ffffbcca
ffff7753
ffffb4bc
ffffde50
ffffa270
ffff8d00
fffffca5
fffeda4c
00000544
ffffb0f0
000012b2
ffff2d60
00002b58
00004305
000009f9
ffff61d5
00001c33
ffffbe05
00001193
00003dd8
ffff839d
00000287
ffffde37
0000041e
ffffbc2f
ffff9b83
0000014a
ffffe597
ffffb86b
ffffe336
00002a18
fffff111
fffe7e73
ffffbd1a
fffff340
ffffc1e1
ffff4b1b
ffff7498
00001463
ffffead3
ffffb519
00000434
ffffc299
ffff802d
fffff4d3
ffffec18
ffffa0a4
ffff643c
fffed8a8
ffff4809
ffff7e2d
000057da
ffffb9f1
ffff765b
ffff886d
fffff42f
000097d9
00001382
fffffbd3
ffffdf36
00002483
ffffdc7c
00001b16
ffff993a
00000702
ffffda54
ffff1cfb
00001d1b
ffffa360
ffffbd10
ffff784a
00000ae8
ffff969d
ffffd689
ffffd4ff
ffffb131
ffff4a86
ffff4234
ffffa289
ffff9ebb
000020e3
ffffe4c6
ffffce02
ffff4eed
ffff7bda
ffffe34e
ffffa08d
00002642
000033a7
ffff64ea
ffff2996
ffffd4b5
00000048
ffffee1e
fffff1d1
ffffb3ec
ffffe110
fffffb14
ffff8767
ffff3de8
0000a017
ffffb245
ffffd386
ffff9161
fffffb4f
fffffda7
ffffea5a
00004315
ffff183c
ffffdb88
ffffbe43
ffff8793
00002b6b
ffff9d08
ffffee32
00002c41
0000041f
fffec355
00000282
ffffb3a8
ffffe2b7
fffff29b
ffffc685
ffff796f
ffff5087
ffff9989
000015ee
000037b5
ffff6d81
ffff20aa
ffffd726
fffff67f
ffffc5c2
ffff4760
ffffeb9a
ffff9029
ffff5c4d
ffffab49
ffffb915
ffffcb95
ffff08ee
ffffe046
ffffa225
ffff79c7
00004061
ffffb010
ffffcbac
00002e44
ffffc32a
ffff6a92
ffffd1d4
ffffe5e0
ffffbaf2
000028e2
fffffa7f
fffff32e
ffff0bc2
ffffdf97
0000849c
00002827
0000074f
ffffb3f6
ffffc347
ffff9698
ffffd617
000040f6
ffff83ce
00000274
fffff128
fffefd66
ffffb77d
ffff565e
ffffdf26
ffffcea6
ffff6989
ffff6993
000006c2
ffffa4fb
ffffd531
fffff318
ffffe405
fffff4c5
ffffcd20
00003bc8
00002178
000013d1
ffff5d34
ffff59c0
ffff9eb0
00000dc5
ffff1ea3
ffff6b2a
ffff671d
ffff7f45
ffff7f50
ffffc9ac
00001183
ffff7726
000004b0
0000056f
ffffc27b
ffff9b2f
ffffd3cd
ffff7a95
ffffe18b
0000a07e
fffe48ff
ffffde6e
ffff35a3
00010978
ffffb90a
fffeda81
fffff8dc
ffff5d11
fffeccc7
ffff3bb5
ffff9ac7
00002e53
00000f21
0000d436
ffff7bf8
ffff44be
ffff370c
00001613
0000911e
00000d59
00004144
ffffea71
00006536
fffe94d6
0000498b
0000c2f2
ffff8960
000011c7
ffff6077
ffffd883
00002c1f
ffff2ccd
ffffa4c7
0000649f
000017f2
fffecb07
ffff58d3
ffff5237
000011ff
fffe8843
ffff5804
ffffe539
fffff193
ffff7f6f
ffff1357
0000cc4f
00009a55
ffff1c17
ffff7cee
fffffe11
0000683d
ffff8f29
ffffa76b
ffffdffb
ffff6abe
fffffa1e
ffffdff0
000084c4
ffff7eb9
00002876
00008b40
ffff5cf2
00008f15
000040d0
00005f7e
00005987
ffff8438
ffffab59
ffffd0a0
0000054f
ffffb6d6
ffffd468
ffff20aa
000001bd
00000c71
000025d1
00005dcf
0000491d
fffff4bf
ffff8307
ffffb7d5
fffffe7e
00000dde
ffff4bc3
0000809f
fffea80a
ffff67e1
ffff8566
fffea1c5
ffff6dce
ffffc019
00000758
00004430
ffff82e5
ffffc4c2
ffffdbed
ffffdb97
00005ab4
fffedfe6
ffffc816
ffffbd4a
ffff7fe2
ffffbc97
ffffac81
ffffcccb
00000a19
ffff758c
ffffbc12
ffff86a0
0000bfba
0000c202
0000221e
0000679e
ffff63a9
ffffcfed
0001487a
fffef22b
ffffee5f
fffff703
000046b6
0000795e
00003c71
000062c7
ffff6d5a
fffff94f
000083c9
ffffa5d5
ffff010f
ffffdc8e
000004e5
ffff719c
0000793a
00001b22
0000197e
0000485f
ffffa008
ffffd6c9
00001c0a
ffffce05
ffff300b
ffffe4a1
ffff6b9b
ffff9341
0000229a
0000552f
00000596
fffffd48
ffffc040
0000363a
0000d2fb
00001391
0000572e
fffeb7f6
ffff7851
00000d71
000008cb
fffee7c9
00004092
ffff1a07
ffffa080
fffe80d0
fffff0a0
fffff448
00010885
ffff7da2
ffff08af
fffffac4
ffffa177
0000ab42
00002d5e
00003d61
ffff80f7
000021a3
ffffd5c4
ffffcd49
ffff3105
0000e581
00010bd0
ffff72a6
ffffa478
ffffcb6d
0000286e
ffffdbe0
ffffe033
fffffb4f
ffff3c5f
000073ef
0000ef41
ffffd542
000034e6
ffff85ba
fffff0e4
fffe89ec
000011b8
ffffca05
ffff3d5a
00002925
ffff988a
fffef21a
ffff7dd9
00006260
00002221
ffff2842
ffffe5a8
ffffa556
fffffe15
0000562b
ffff9026
fffeb721
ffffa90c
ffffe30c
0000ca26
ffff56d0
ffffec22
fffed583
0000289b
fffdca4f
fffff92b
0000731b
ffffe715
00000e40
000001f6
fffec8c4
00006046
00000d36
fffedd38
0000c760
0000bee1
0000f984
0000a61f
ffffde64
ffff6843
fffedb80
fffef61d
ffff91f6
0000e3cb
fffeecc3
fffec86b
0000a79e
00001785
0000a8c2
fffeea05
0000b6f2
ffffe3dd
00002803
fffecf4c
ffffec3f
00009bf4
0000966f
00005de5
ffffc7d5
00007bb8
00002c44
00004a77
ffffb1bb
ffff7c32
00000ebe
00001402
ffffd30e
00004614
00009e9a
000059d2
ffff5551
000013b4
00005e09
00004263
00001958
00000929
fffffc68
00000a7f
000028e9
0000a102
0000af65
ffff95f4
00005345
00003ac5
00004713
0000099d
00003814
ffff588d
fffff365
000032b6
000014ac
ffffc28d
ffffef58
0000acb5
ffff94e7
00000e36
00001ea2
00003485
ffffd828
ffffeca5
00000cd9
ffff77aa
00000197
00002285
ffffdeef
ffff950f
ffff70af
ffff6e40
0000b002
fffe57ed
fffe4502
0000074e
ffffc66c
fffecca8
000025d9
00001324
00005a71
ffffcd92
ffff98e2
ffffa945
ffffce91
ffffd685
ffff9c94
fffff8a6
ffff9331
ffffb4fe
ffff4292
ffffe38a
000058c2
00002e91
ffffe43f
00000e9a
ffffb019
0000397c
ffffdd3f
00007d30
000051da
fffff12d
00000a29
fffff4e7
ffffc029
ffff02a7
ffffda02
ffffb83c
00001b95
ffff851b
000045fb
000042bd
000079a6
0000c559
0000865e
fffefa18
ffff3273
ffffa2b5
ffff9e83
000003d2
00001122
00000220
ffffe68f
0000a65c
ffffcbe0
ffff8aee
ffff78b9
ffff8f88
00000ae2
fffff502
ffffa635
000021bd
00007f9d
ffff7f76
00002322
ffff665e
ffff6b58
ffffa6fd
00014ab4
ffffb8a5
ffff8913
ffff5444
00004185
ffffc17b
ffffcce9
ffffab79
000067cc
00005f98
00005d74
ffffe8ac
0000633d
00000211
fffffb86
000010c8
0000d517
00003f57
ffffd917
ffffc229
ffffeab5
ffff9673
00003aa2
ffffed3e
0000575b
fffe7e9d
000031eb
ffff84e3
ffff5ee3
00003179
000034f5
000036d1
00004316
ffff4f04
00001e2f
ffffb51b
ffffe835
ffff7d7d
00000320
00001f4b
ffffa553
00002daa
00006591
fffea184
000000e7
0000021c
ffffbc45
000054e0
ffffc47f
ffffe9d5
000075ee
0000663c
0000118d
fffee117
ffff29a9
0000056f
00002a24
ffff5f79
ffffaad8
ffff3894
ffff9931
00005dbf
00000ae8
ffff2560
ffff0d80
000029b2
ffffd7a2
fffffe82
ffff1d76
ffff6d28
00003581
00001ade
000030db
00002b93
ffffb491
00001c3a
ffffdb72
0000094e
00003cd9
000120b0
fffffbdf
ffffc4a4
ffffc3f7
00005a07
00001aef
000018ea
ffffbf14
00009a5a
fffec25a
000004dd
000016b6
ffff4a9c
ffff8bf3
0000468c
00014dae
ffffaa6f
ffffe568
00003d19
00001813
fffe875d
fffff594
00006334
ffffb574
ffffa83d
ffffda07
fffdd543
0000a37c
0000091f
ffff4b79
00004ba8
ffffdca8
0000e968
ffffd30e
00004b61
ffffc9c3
ffffdce0
ffffedb7
fffff1aa
00000c6d
0000003f
ffffec86
0000cd27
00001b46
ffffa907
00001ca4
ffffab8b
000057d9
ffffb20e
000005e8
fffecc21
00001294
0000e78c
00009385
ffff9cdd
000004af
00003404
00001870
ffff334e
0000cb8a
00007862
000077ca
00005ab3
00003a04
ffffe7ab
ffffef1e
00000b94
ffff16de
ffffe908
ffffaa3f
ffff9567
ffffb8a2
0000142c
ffffd27e
000060f6
00005ff3
00000df9
0000872b
ffff43b4
000001c5
00000e21
fffed12b
ffffc6fd
ffffd2e8
ffffb365
0000a745
ffff100c
00003d71
00006794
00004a15
ffff291e
000022f6
ffff6652
fffeda01
ffffb4c0
ffffc8ce
00004434
000040f6
fffff843
ffffc079
00003054
ffff11b4
ffffbc07
ffffc833
000012b8
00000d50
fffea074
ffffbb72
ffffb397
ffff9a16
ffff5b82
ffffbee5
ffff128f
000040cb
000021b6
ffff1dba
00002eeb
ffff646f
00001cd6
00000d89
00007713
ffffc69f
00005927
0000164d
00003499
00000c17
00001fe1
ffff8789
ffff1348
000040f2
ffffbc9b
00009be6
fffffdb0
00001ac9
fffef3dd
fffe93fd
ffff1b85
ffffa392
ffffb9fb
000059c7
00000faf
ffffe6ee
00006fbc
ffffc6eb
000010d9
ffffab22
000000c5
ffffdef2
0000925d
ffff416e
ffff2d80
ffffe75b
0000151a
ffffadcc
ffffb2f9
ffff8942
ffffcfef
00003f17
00000954
ffff5ce0
00005af9
ffff00da
ffff74bb
fffff971
00006e0b
00002381
ffff9180
fffffa81
000018a9
ffffe242
00004bb1
00001948
00001824
0000b9fb
ffffaf8b
ffffa643
00000167
ffff9ac0
0000691b
ffffde18
000093cb
0000470e
0000176b
00000797
ffff491c
00000775
ffffbffd
00002b35
000024cd
ffff9824
ffffafe2
ffff7ffa
fffee95c
ffff6f03
000032db
ffff3ce8
ffff6c90
ffffe9e1
ffff4363
00000ad1
00006e17
00002e81
ffff2ba5
00005688
fffffb6d
fffec9a1
fffee4c0
fffffa7a
ffffe1b1
ffffeb7e
00004326
0000493c
00003106
ffff15e1
00004af7
000010a5
000029ac
000027a4
ffffd862
ffff0935
ffff82ec
00001425
ffffe3d1
00005cd7
ffffb5e3
ffff635f
000061f4
ffff902c
fffff10d
ffffbc19
ffff9cd8
ffff5e9b
ffffea90
ffffc02c
ffffdc34
000013b1
00002f1c
ffffd675
00004d41
00006103
00004ce9
ffffa5fa
00008c8f
ffff89b2
00001c7a
00000fd1
ffff6a79
000034d1
ffffd27f
00003a5d
ffff88ca
000054f6
00000999
ffffffcf
000076e0
fffff9dd
0000ae49
ffff68bc
000096dd
ffffe5b1
fffefd77
00001576
ffffa533
00004261
0000fafc
0000694b
ffffcee1
00001f3c
ffff8a73
ffffbb6f
ffffc888
0000271e
ffffd963
00002c4b
000060ee
fffee93d
00013bd1
ffffe528
00008274
ffff5864
fffffe75
ffff378f
ffffe601
0000b267
0000186f
ffff6143
ffff3684
0000848f
00002136
ffff50de
ffff87d1
00001f3e
ffff9c96
00001130
000049f8
ffffb0ac
fffef422
ffff6c6f
ffffe79f
ffffd759
ffff040a
00005205
ffff9dca
000004da
fffe9915
ffff4b7a
ffffcf2c
ffffdc4b
0000bcca
ffff3bf2
ffffdf78
00001f37
000021c1
ffff8d55
00000e1c
00002d28
fffe42e0
ffffcd4e
00004ee1
fffff826
fffff839
00000377
fffff914
fffff908
00000fd6
ffffe898
fffffa70
00000c3a
00000350
000006f8
fffff382
fffff541
00000e07
fffffd15
000005b5
00000197
fffff308
fffff448
fffff93d
fffff6d6
ffffe87a
fffff5bd
fffff3fa
000004be
fffff366
0000010c
000008e8
00000777
0000073b
fffff54d
00000b33
ffffebcb
fffffaed
ffffffe6
fffffd2a
fffff14a
00000740
fffff8cc
ffffedd6
000000fd
ffffec45
fffff448
00000754
00000fb4
fffffb7a
fffffe6b
00000657
ffffe7b6
fffffd37
ffffff56
0000036d
fffff818
ffffefea
fffff525
fffff161
fffff8a4
00000cf9
ffffec2e
ffffef91
fffffbaf
00000225
00000720
fffff283
ffffffa3
fffffee3
fffffb60
00000b10
ffffe85a
fffffb16
fffff8e8
fffff706
fffffa2f
000002b8
00000eb9
00000da2
00000626
fffff142
fffff4b7
ffffeede
fffffecc
000002ba
0000032b
00001161
0000064d
00000c90
fffff415
00000820
fffff44d
ffffea7e
fffff0ad
000008ba
fffff46c
fffffb1e
fffffeef
fffffd16
fffff25c
fffffcb7
ffffea4f
00000346
00000006
fffffe5e
fffff28a
fffffb25
00000090
ffffeab1
fffff26e
000003cb
000001d8
fffffc59
ffffef5b
fffff4a3
ffffec0a
00000796
00000303
fffff3dd
fffff563
ffffefd9
fffff5f7
fffff3a3
fffff610
ffffed09
fffffc64
fffff6f7
ffffe70c
fffff6b0
ffffe705
00000501
fffff45b
fffff1db
fffff4f1
ffffed27
ffffdac8
00000508
000009e9
ffffe544
fffff0cf
000004d9
000006d9
fffff8e8
000006a9
fffff9d4
ffffede2
ffffffc0
fffff137
fffff440
fffffe36
fffffb3c
fffff96f
fffffa5d
fffff3e3
000002ad
ffffe4ec
fffffa56
fffff242
fffff363
fffff051
ffffe392
0000051c
0000079b
ffffe5ae
ffffe89b
ffffee8d
fffff4f8
fffff5d3
fffffe72
00000573
0000058f
ffffff37
00000679
0000020c
00000166
00000545
0000047d
0000002e
fffff02c
fffff816
00000d28
ffffe87e
0000078a
00000f8d
fffffb64
ffffef31
0000087c
fffff9ed
00000ebd
fffff537
ffffed8f
fffffee3
ffffedcd
fffff3ff
ffffed95
fffff410
00000220
fffff172
00000338
00000bf6
00000a79
fffffe42
fffffb13
0000035b
fffff463
fffff634
00000280
fffff711
fffffba9
fffff145
0000059e
fffff0d7
ffffff43
ffffeff4
fffffb52
0000019e
00000b69
fffff870
fffff5a1
fffff572
ffffebac
fffff0fc
fffffb89
00000410
fffff895
fffffb19
00000255
ffffe84c
000007f7
fffffd08
00000d96
000007a5
fffffe2a
ffffe906
fffff1a4
00000576
00000949
0000070d
fffffdfc
0000189f
00000b28
fffff1ea
fffff332
00000808
ffffea45
fffffe50
000008e2
fffffd12
fffff2d4
fffffc97
fffff08d
fffff499
fffff9af
fffff144
ffffec47
fffff0d9
fffff9ee
fffffed2
0000022c
ffffefdf
ffffdd7b
000035b3
ffff9c5f
ffff9792
ffff3ddb
ffffccdf
ffffc1ab
0000489c
0000401c
ffffe1a5
ffff84c2
0000237a
ffffa452
ffff64c0
ffffc018
fffffb50
fffff621
000066e1
ffffc96a
00002ddd
000006e5
ffffd9cc
ffff7b3b
ffff4a27
000014b8
ffff7b45
ffff93c7
ffff9633
ffffb64e
fffff329
ffffabad
ffff94ec
ffffe403
000017b6
ffffb8f2
ffffd824
00002464
ffffc6b8
ffffe783
ffffea54
fffff05c
fffff0aa
ffffb80c
fffedf61
0000054a
ffff961d
ffffa865
ffffea65
ffff4cfa
000011cd
ffff2209
ffffbb85
ffffda1f
ffff6d91
fffff734
ffff38bc
ffffd736
00001388
00000ed6
fffff8c2
ffffb233
00000377
00002a30
ffffe970
ffff68fa
ffffe32f
00002b77
ffff797a
ffffc2d6
ffffabfc
ffffef0f
fffff05d
ffff0a46
0000266c
ffff6748
00001123
000003cd
00000099
ffffb588
ffffd02a
ffffea95
000052f8
ffffcb43
fffefcda
ffff972b
ffff33b8
fffff4b9
0000127c
ffff97d1
ffffac72
000001fe
ffffa7c3
ffffe561
ffffcd05
0000049b
ffff25dd
00004b02
00001d08
fffff67e
ffff8d43
ffffa789
ffff8940
ffff7baa
ffffef0d
ffff9db4
fffff87f
00000ab8
ffff8f27
00000d87
00003013
00000bed
ffff82dc
ffffba87
ffffe604
ffff5eea
ffff7bcd
00000a43
ffffb19c
fffff510
ffffa068
ffffe408
ffffb6ac
00000c26
00004780
ffffe992
ffff6b3f
fffff9b0
ffffe76a
ffffcba0
000005c4
00003230
00001990
ffffa242
ffffe2ca
ffffd0ab
ffff7e36
ffffc45a
000014dd
ffff6aef
ffffc5f6
ffff90fc
00001f2c
fffff560
00003ed8
ffffd372
fffff763
ffffef13
ffffd7a7
ffffea40
ffffa8da
ffffca57
ffffd450
ffff4e18
fffff5b9
ffff9fc3
fffff059
ffffed67
fffffc32
00002fde
ffffe535
ffffe0c3
ffffff9e
ffff299f
ffffccd5
ffff701e
fffffc54
ffffd7b4
ffffc2e5
ffff40f8
00001b61
ffffd3bf
ffffa48d
ffffef0c
ffffd7b2
00006547
ffffde9a
ffffb93b
ffffdc84
ffffa240
fffff8d5
fffff7ca
ffffa539
ffffb264
ffff974b
fffecfac
ffffd5a2
ffffb1e3
fffff493
ffff92ea
00006c54
fffffcb6
ffff8969
ffffdcf9
ffff9015
ffffb8b0
ffffdcbb
00000109
000015a5
000003f8
000029ee
ffff5bc0
ffff666b
ffffebda
0000369c
ffff51c7
fffff25f
ffff96a2
00002353
00002b6c
ffffaec5
ffffebb1
000039ee
00001b7f
fffff913
ffff8e34
ffffe459
ffffc93b
ffffdcde
000004b7
0000130e
ffffb88b
ffffea67
ffffb5da
000003ee
00002de4
fffffd08
ffffe89a
000004bf
ffffede6
ffffc976
00002923
ffff99ac
ffff81d0
fffff8d6
00000a99
00002d6f
ffff332e
fffffcf9
ffff6996
fffff68a
ffffe0e5
ffffab3f
fffff820
ffffcafd
ffffb1f0
ffffc93b
ffff9db7
fffffe2c
00000a14
00000cd5
00002fcf
00001245
ffffc722
fffff05a
fffffd58
fffff014
000002db
fffffdbf
fffff71c
00000008
fffff093
000002da
fffffd14
fffffa8a
00000560
00000b6e
fffff29b
ffffeeee
fffff68d
00000af8
ffffed71
00000b52
fffffe48
000009f4
fffffe32
ffffff8a
ffffed56
fffffcf2
fffffc27
fffff4ed
fffffdb3
ffffedda
00000c14
00000ce2
000000ba
fffff715
ffffedb9
fffff20b
fffff7d4
fffff96a
fffff398
0000044a
fffff2e6
ffffef06
fffffebc
fffff6eb
000002fe
fffff060
fffffedd
fffff230
000000d4
fffff961
0000037b
ffffef4b
00000108
000001e5
000006d5
ffffeb5a
fffff6bd
00000421
000007b7
000006c0
fffff23f
fffffd1a
00000995
fffff2e1
fffff828
fffff60c
fffff16c
fffff639
fffffa1b
ffffee05
0000008a
fffff44d
fffff44a
00000d0b
000005ce
00000605
fffffb96
0000008a
000007bb
fffffcf2
fffffb52
fffff15a
0000074c
000006c9
fffff663
fffff8be
fffff611
fffff893
fffffc76
fffff0fa
ffffefac
000007a6
00000fa0
fffff400
00000461
fffff737
ffffffaf
fffffe7a
00000cc6
ffffef07
ffffffc7
0000037e
fffff942
00000bfa
fffff84a
fffffd9c
00000288
00000788
ffffeece
000009ac
000006fa
fffff310
fffffdb9
fffffd7e
ffffee7f
fffff4a7
000007a7
000000fd
ffffee54
000008c0
ffffeb4e
00000345
fffff2f8
fffff663
fffff3ed
ffffef19
000004a3
000006f7
00000ec3
fffff6d5
000006fa
fffffa66
00000ba5
ffffefe3
ffffed2d
fffffa72
0000082f
fffffb28
fffff5ec
fffff3b8
fffff8c1
00000ea6
00000a7a
000006d1
fffff39b
fffffdf3
fffffd61
fffffb91
00000554
ffffffa3
fffffb80
00000b10
fffff646
fffff922
000002f5
fffffc70
fffffad4
fffff8a9
000004bf
0000085a
ffffe669
fffff0fb
fffff100
fffffa2e
000004a7
ffffed5f
fffff329
000009a0
fffff982
ffffea23
fffff02c
00000235
0000095b
ffffeef8
ffffeea0
0000003f
ffffff97
fffff94f
ffffef84
00000eaf
fffff1ea
fffffd3e
fffffbe7
000007dc
fffff7e4
ffffec94
fffff3dd
fffff4c8
fffffa8f
fffffd96
00000756
fffff9c7
00000fa2
fffff568
fffff034
fffff065
fffff1cd
00000442
000001be
fffff304
fffff9f7
fffffc15
00000619
fffff76a
00000606
0000021a
ffffff4e
fffff275
000006ae
fffffde6
000004cd
00000914
00000c3b
000002f0
ffffefcc
fffff9d1
fffff708
ffffef62
fffff35c
ffffebd1
fffff6b5
fffffeb6
00000449
fffffd71
fffffe28
00000964
fffff342
00000a99
000008fd
00000927
0000038c
fffff4ec
00000cb4
fffff9b1
000001c9
fffff032
fffffc3d
00000785
00000b95
fffffc75
fffff594
fffff9bd
00000b2c
fffff3d0
ffffeca9
fffff889
ffffece4
000004e2
fffff262
ffffe717
000009da
fffff7a8
000001a8
00000ad7
0000007b
00000cb7
fffffe5d
ffffff4d
fffff75f
fffffec8
fffff137
ffffecd8
ffffe7b5
fffff4f6
fffff0cd
fffff87b
fffff80c
fffff2d1
00000df6
fffffe81
00000d30
fffff718
000006d1
ffffe786
fffff727
fffffe90
fffff205
ffffff95
ffffeffd
fffff1da
fffff60e
00000475
00000411
fffff8c9
ffffec7e
ffffeaca
00000423
fffff063
ffffd816
fffffbcb
ffffe504
ffffef66
fffff8da
ffffe87f
ffffe0e6
0000009f
ffffe966
fffff021
ffffef69
fffff750
ffffed00
ffffff0a
fffffa2b
0000083d
fffffe15
00000e2c
00000299
ffffe7cf
fffff88a
fffff2ce
fffff20f
ffffeea6
ffffe69e
fffffd3c
fffff067
00000254
fffff823
fffff397
ffffecee
fffff3e6
fffff92f
fffffe83
00000371
fffffd80
fffff771
00000a0a
ffffed8d
ffffe7ad
ffffffbb
fffff238
ffffe85b
ffffff0a
fffff45a
fffff7fb
fffffb6f
ffffebba
fffff1e3
ffffe93c
000002fc
fffff2d2
fffffaa3
fffff305
ffffef75
00000b88
ffffee18
ffffe67d
fffffdab
fffff24a
0000006a
fffff9ec
fffffb8c
ffffedc9
ffffe9f3
00000335
00000649
00000206
00000254
fffff9ba
ffffe7ab
fffff637
fffffd7b
ffffeb7c
ffffffb6
fffffa52
ffffdb32
fffffbaa
0000043d
ffffeb76
000001df
fffff5ed
ffffe7d2
fffff7b5
fffff26a
fffff20e
fffff5ab
fffffe65
ffffe5a3
fffff92f
ffffebba
fffffd64
000001bc
fffff507
fffffb96
fffff220
fffffc36
fffffebf
ffffe668
ffffe1b0
fffff7ce
fffff1ab
ffffeb6b
fffff79f
fffffcc0
00000b67
fffffb70
00000a95
fffffd56
fffffe43
fffff81b
fffff5cb
ffffe1cb
fffffb7e
fffff151
ffffe74d
fffffc2a
ffffeca5
00000685
ffffe5fe
fffffe8c
000007b1
fffff42c
0000009c
0000016d
fffff31d
0000021c
fffff0af
fffff6d7
fffff3cb
fffff735
000007c8
00000114
00000910
00000604
0000074f
00000187
ffffef70
fffff42c
fffffd8a
fffff3cf
fffff2da
000000b1
fffffa43
fffff1fa
fffff5d6
00000603
fffff976
fffffc5e
ffffeaa0
ffffeeaa
00000655
fffff3db
00000a11
fffffab2
0000017d
fffffd64
fffffb47
fffff9f5
00000675
000003e1
fffffd6d
000004e4
ffffdc35
00000162
fffffd9c
ffffef88
00000d47
fffff7ff
ffffedd4
ffffef0b
ffffeabc
fffff512
000000fd
ffffffc7
fffffc29
fffff250
ffffed88
00000828
fffffcb0
00000543
ffffdbe4
fffff8e9
000002be
fffffbe6
ffffefa5
fffff835
ffffe725
ffffef83
000008f6
fffff009
000009d1
fffff109
00000e2b
00000d48
00000356
fffff225
00000a17
00000b43
fffffab8
ffffec02
fffff577
000005e0
ffffedce
fffff7f2
ffffec22
00000f86
ffffff9c
fffffbbf
fffff783
fffff15e
fffff62e
ffffe646
00000402
0000020c
0000008d
fffff19f
fffff509
fffff89a
ffffd8a4
ffffe576
fffff8f3
ffffeb6d
fffff0ea
fffffb4b
000003b5
ffffed06
ffffe86d
00001000
ffffcb63
00003ffc
0000326a
fffff13a
00007026
fffff8de
00000dae
ffffa14d
000052c9
ffff4545
ffff3c0f
ffff837c
00000b27
fffe4a88
0000001d
00002c79
fffe8df6
fffff110
ffff9b71
ffff85a2
ffffd6d6
fffffc73
ffffbcbb
ffff8e70
00004177
fffff3c0
0000b8a8
00002064
ffffdc05
ffffe674
ffff9530
ffffc815
000068b6
00003247
ffff6c05
00006498
00002043
00002195
ffff968a
00004912
000001bc
fffe4d54
000011f4
0000ce42
fffff30b
ffffe366
fffe2799
ffffc6af
0000330e
ffffebe6
ffffd8c8
fffed6b1
ffff6770
ffffb052
000012ef
00001acb
00000055
ffff6cad
ffffd832
00003299
ffffbf01
ffff383d
ffffeee5
ffff5471
0000a6d7
fffeffc1
000013b5
fffe94a0
000004f3
ffff4132
ffff2f0c
ffff9719
ffffad1d
fffff030
00006104
fffff729
00001084
ffff74f1
ffff8a83
fffff2bc
00006fe3
fffff562
fffffed5
00004439
00002354
00003186
00001149
ffff4d97
ffff874b
ffff8842
0000618f
ffffe0c0
ffffd907
fffff511
fffff34a
ffffe15d
00006cf2
00003ca1
ffff9b3d
0000878a
ffff3869
ffffae5b
0000f7f9
00000ad5
ffffc12e
ffffe15d
0000d4ff
ffff874f
00006745
000090f6
0000296f
ffff66eb
00001283
fffeebb5
000099f7
000003e0
ffffeb3c
00011515
00000f2f
000002a4
ffff1374
ffff7aa8
00001f58
ffff7189
ffff6a1a
000040f0
ffff1165
ffffe322
ffffdf36
ffffa513
ffff9a57
00008de9
ffff0719
fffff7c6
ffffc20e
ffff2cef
ffffe209
00001f19
ffff73c3
ffffeffd
ffffc703
ffffee7d
0000cc76
00008731
00008694
ffff7c0f
ffff8f91
ffffb7f4
ffff932f
fffffbc5
0000428c
ffff6c25
ffffce5a
0000dbda
fffecf49
ffffc3f8
fffff925
ffff4a99
ffff8b88
ffff0cd0
ffffeb73
000002c3
ffff7811
ffff6b3e
00001644
ffffb508
ffffd706
ffff7a5e
fffece98
00004cd1
ffff52eb
ffff2523
ffffaf29
ffff0c04
00005616
ffff0c6f
00002e50
fffe497a
fffeb76e
ffff97e9
00003074
fffe20d1
ffffbbf8
000046f1
00000735
ffff8820
ffffc38c
fffec63d
0000188b
ffff710c
fffffd81
ffff14d4
00008dbe
0000564e
ffffc1b3
ffffde27
fffeecfa
ffff95bf
ffffa01a
ffffc186
ffff4b40
00001a71
0000139a
ffff9438
ffff9d78
ffffbd63
00001368
ffffe7de
00005dcd
ffffe5a5
0000a3f6
ffffb176
00000071
000054db
ffff6b70
ffffd773
ffffb84a
ffff9a77
ffffe8b4
00002275
00000afb
fffff150
000044a9
ffffd7e6
fffe8fda
ffff5e4f
ffff96d8
00009ded
00001bcc
00012b98
00001609
ffff56ad
ffffbd0b
000030bd
ffff9fc5
ffffdadc
ffff04ce
fffee794
000031c5
ffff6d12
ffff34b5
000024f0
ffff58cf
ffff8a66
0000666e
00007a9b
ffff9534
ffffd272
fffff1ab
ffff70d5
ffffc50c
0000c1cb
00000803
00000e2c
00000297
fffffc73
ffffe97c
ffffe924
fffff84a
fffffbc0
fffffd9b
0000065b
00000955
0000091c
fffff6e0
fffffe7f
fffffda4
fffff832
fffff0e3
fffff304
fffff4f9
000007bd
00000956
0000065c
00000817
ffffeb64
fffffdce
fffffd2f
fffff648
fffff78c
fffffdbb
ffffffcc
00000925
000004c1
ffffe6fe
fffffa5c
fffff1f2
000006e6
fffff627
ffffed64
fffffb60
fffff70d
fffffd0d
00000977
fffff6cb
fffff443
fffff0dd
00000174
000001af
fffff04f
fffffc6e
0000021e
fffff3d2
fffffba6
fffff72a
fffffacd
fffff60f
000002b5
fffff680
fffffc41
ffffe76e
ffffeb2e
fffff402
00000cd3
000007ea
fffffeb0
000002fc
000001b4
ffffec7c
fffff9f9
ffffece0
0000070f
ffffde2c
ffffe358
fffffa5d
000008ef
00000752
fffff036
ffffed42
0000074f
fffff86e
fffff9e2
fffffb6e
fffffd7f
fffff27d
fffffc36
fffff102
0000029e
fffff84f
fffffaed
fffff458
fffffa76
000008f9
fffff935
ffffef19
0000055d
ffffeaf4
000002a3
ffffe6a0
fffff868
ffffefbd
000004db
ffffec42
fffff4ca
00000279
ffffec95
fffffb0c
ffffea9b
fffff58b
ffffef3e
00000354
ffffe1e7
fffffed4
00000107
fffff36f
000003a9
00000a23
0000016d
ffffff58
ffffee2e
fffff8fb
fffffa92
ffffef0b
fffff7ba
00000351
ffffee08
ffffec1c
ffffe350
00000bbf
ffffed1f
00000256
00000223
ffffe545
fffffe02
fffff4a1
fffffedd
fffff302
ffffffec
0000039c
ffffe56c
000003fa
00000643
00000971
fffff33c
fffff4e9
fffff826
fffff0a9
fffff263
fffffd80
fffff3c5
0000032a
ffffe2db
fffff1c5
00000088
fffff59a
0000072d
ffffe70c
ffffff1e
00000c44
fffff5d9
00000197
fffffc08
fffffb3b
fffff1bd
fffff630
0000020c
fffffed9
00000fdd
ffffe9d5
fffffdb2
000004ad
0000002f
fffff47e
00000014
ffffff70
0000016b
fffff29b
fffffbb6
ffffdd19
fffff99f
0000111d
fffff34c
0000014a
fffff7d9
0000016e
00000b9a
fffff2e2
00000107
fffff718
ffffecd9
fffff27a
fffffa69
fffffe7e
ffffed88
fffff134
00000162
00000135
fffff85c
ffffeeb7
ffffe41e
fffffbbf
fffff8cf
fffff496
fffffa64
00000a20
00000357
00000490
fffff0dc
ffffe87d
00001203
fffffed0
fffff3f1
fffff1ce
ffffeb44
ffffe499
fffffd01
fffff9d3
0000108c
fffff910
ffffee93
fffff6de
fffffa69
fffffd78
000006f6
fffff283
ffffefb6
fffff9ad
ffffedd3
fffff066
ffffef73
00000f93
000006ad
fffff49a
fffff422
fffff15d
fffff10e
fffffc39
fffff839
fffff187
00000985
fffff93a
fffffe9d
fffff053
00000159
00000be0
ffffe94f
0000014e
fffffebd
00000d1c
fffffb1e
0000034c
fffffdea
fffff265
ffffee41
0000081e
fffff4c6
fffffed8
fffffd27
fffff2fa
ffffefe1
ffffdd17
ffffac0b
ffff7472
00000c25
ffff9a42
fffff700
ffffb8df
fffff20e
ffffaf02
ffffebb4
ffff7750
ffff7dd2
00002eab
0000e34c
ffffe62d
ffffe69f
000003e5
ffffa21f
ffff58d7
ffff9b28
ffffa887
000079b1
fffffd4e
fffef5f3
ffff313b
ffffdbf2
ffff4914
ffffadd0
ffff5625
000078ab
ffffd43a
ffff724a
ffff3056
fffef270
ffff4a55
ffff9d86
00000032
ffff8428
ffff728e
ffff9d8c
ffff5981
000028b6
000006f9
ffffd73b
00000d3e
ffffd91a
ffff96ac
ffffc728
ffffe49a
ffff83f0
ffff5315
ffffd85f
fffee1eb
0000682b
ffffa493
ffff7912
ffffa80f
fffff785
ffffbb2b
fffed5df
0000073b
ffff05a8
ffffb912
000087b1
ffffd00c
fffe96fa
ffff3ea9
ffff8816
ffffeb30
ffff5fb1
ffffe42c
ffff997f
ffffbcb4
000015bb
ffffe58a
ffff9a48
ffffc3ef
fffff354
ffff54aa
ffffd757
ffffef78
ffffeb56
fffed3a0
000002a4
ffff50ad
ffff4f15
fffe51fa
0000387f
fffffc55
ffff9659
fffec1d4
ffffad07
ffffe9f2
ffffddd5
0000731b
000005c8
ffffb53f
ffffdfba
ffffd20f
ffffc496
ffff70d4
ffffb033
ffff8b5a
ffff533d
ffffcf85
0000004d
ffff2f9f
ffffb601
ffffb38f
000003a8
ffffe159
ffffff80
fffe64a0
ffff1663
000038c8
ffff8000
ffffb2ce
ffff8a6a
ffffda6e
fffff39e
fffebb0d
fffe3d63
ffff2585
ffff9808
ffffbc38
ffff5ef1
000039b6
ffff6eef
ffffca3d
fffff1f8
ffff9ddf
fffefaa2
ffff76c7
ffff85b2
ffffce3b
ffffde18
ffffbcf7
ffff2d00
ffff316b
ffff5e90
00000cd6
ffff5b88
ffff703c
ffff1118
00002c5e
ffffa635
ffffc26b
00000cb1
ffffd72d
0000269e
ffff4cf4
ffffe92c
ffff3b38
fffe3ff3
ffffc2c7
ffff80eb
ffff4810
ffff065e
00000675
fffffef6
ffff4bd4
0000141d
ffff039c
ffff7a81
fffff17d
000035e4
ffffd7f2
ffffcf19
fffff608
00001901
ffff8d57
ffff7621
fffff840
ffff701e
ffff7c77
ffffcd9e
000027ee
ffffc2b1
ffff49c1
fffff4b6
ffffb6f9
fffff6e9
ffff582a
ffffc4f8
000012f5
ffff88b7
000014be
fffff8c0
000006f6
00002729
fffed497
ffffff6a
ffff72e8
00005415
ffffc5b0
ffff7bab
ffffebe8
ffffc9df
ffff68ed
ffff1a68
fffff2f6
ffffc683
ffff8b0f
0000136b
000068f9
ffffbfb9
ffffbe76
ffff5613
ffffff9e
00009b4b
ffffadbc
ffffa875
ffff32f2
00000d7f
ffffff4c
fffff4b6
000001b4
ffff7dc6
ffff5b59
fffd7b03
ffff85bb
00000373
ffff9e98
ffffa380
fffff0ae
ffffcd64
ffff97aa
ffffb723
ffff7d00
ffff8d14
ffffd77b
ffffd537
ffffee6a
ffffe1a4
ffffdcbf
fffff937
ffffdc98
fffffe12
ffff941f
ffffbc85
ffffc636
ffff8281
000065cb
ffffbde8
fffe337b
ffff883a
fffff95f
ffff05c5
ffffcf74
ffff2265
00000bd9
ffffc61c
ffff7bd2
ffffee2a
0000a798
00003a87
ffff4bf6
fffffec1
ffff9551
ffffc169
ffffbadd
00003a4d
ffff39d7
ffffbaab
ffffd81d
00003bcc
fffff61e
ffffc6b6
00005a47
ffff7c9e
ffff9056
ffffe8d8
fffff003
00001d02
ffff5dad
fffffd0c
00002341
fffff787
ffffdd53
ffff8365
00003ab0
ffff8f1e
ffffde54
00001863
00001752
00005bd8
00002d1a
0000031a
ffff0ecb
ffffa0ab
ffffae08
ffffabba
00001cfe
ffff94b4
ffff6948
ffff71b4
000071e1
00003b07
00000f71
ffff42c4
ffffee9e
00000d38
ffff897a
00007bff
ffff2687
ffffcbe6
000064db
fffff934
ffffaafc
00001f41
ffff4787
ffff6a0e
ffffa9c8
ffffeb91
ffff49c3
00006de6
fffff098
ffff9cae
0000d191
00006715
ffff8b13
ffff9a99
ffffce9f
ffffcff6
000022b3
ffffb256
ffffb19d
000077c1
00002fe1
ffff2a42
ffff9b80
00004998
ffffaf8c
fffffd5a
ffffcf0d
000051c3
ffffe8bb
fffff883
00007678
ffffde8e
ffffc8fb
ffff1b22
fffe6f23
ffffdeaa
00002152
00006c32
ffff6691
00001b07
00004845
00006a95
ffff5539
00000c3c
ffffb6e3
ffffa059
ffff5b2e
000038cf
ffffd4bf
00001864
ffffc42b
ffff1aec
fffffedf
ffffb050
00003e4a
000021eb
00001928
ffffd283
ffff91ab
ffffe9f0
fffff2dd
fffff3b0
ffffd8e7
ffffeed0
ffffac19
00006411
ffffcbd6
00000313
ffff04ca
ffffecb4
0000553b
ffffaa4e
fffff66c
ffffd82a
00001c17
ffffdda9
000016d6
fffe6656
ffffff78
00001ec0
fffff5d4
000002e1
000080bb
ffff8374
00001de1
0000b13b
ffffe15d
ffffa29e
ffffad20
fffff8c2
ffff9c18
0000423e
ffff7347
ffff5854
ffffa41a
ffff5454
000066e6
ffffca1c
ffff018a
00001632
ffff7e22
fffebc90
ffffdfe0
ffff6bac
000011bd
ffff71bd
fffff069
00001f84
00000f7d
ffffd4a6
ffff9619
00000c01
ffffcf97
ffff8e8f
000088d1
ffff4bbf
ffffd837
ffff3414
00000814
ffffce5c
0000074b
ffff852b
00009f08
ffff98f1
0000b27f
00003236
fffff01d
00000e79
ffffd2e1
000017ec
000018ea
ffff3aee
00008155
ffff44ea
ffff8508
00000953
000007ce
0000699e
00007e36
0000392b
fffeccaa
ffff2aa7
fffe19da
ffffd9b7
fffff0c7
00000394
fffefd82
00008dbe
ffff46d9
ffffbb43
00000064
ffff8bbc
ffff2dbb
ffff1a0f
ffff7b9a
00005446
ffffae99
fffff7e4
ffff9ec0
ffff7dc1
ffffdb58
ffff3130
ffffdcf0
ffff8397
00004759
ffff7937
fffedd0a
000007e4
00009211
ffffbb39
ffffdb1f
ffffe2fc
fffef2f2
00000f75
000054ba
ffff4936
00000867
00000737
0000255a
ffff92b8
fffff619
000033f9
000027f4
ffffe9ff
000030fa
000015a1
00004848
ffff32f2
000005b1
fffeabbd
00004ff6
ffffe629
fffefb36
fffff150
00000b74
00001cfd
000015e8
00000b47
00009ab6
ffffb013
00002736
ffff3d7d
000037de
00005e14
ffff4406
ffffa1db
ffffdc78
ffffefec
ffff9f28
00003b04
fffeb630
ffffce93
ffffa0a4
ffff3fe2
ffffc5b3
fffeb606
0000123c
ffff80cc
00008747
ffff5763
fffff6d3
ffff3601
00009067
fffed5a1
0000aa46
ffffa781
000010c6
ffffca4e
fffffbac
00005ea7
00001fb9
ffff6775
ffffd256
0000ad59
00002855
fffff6e5
000042e4
000051fa
ffff6fcc
ffff6364
ffff3378
0000277d
ffffa510
fffe75ad
ffffe4af
ffff0fef
fffff26c
ffff14f2
ffffecd3
fffee601
ffff3ede
ffffbbcb
0000893b
000044e3
ffff1131
ffffd394
00001391
0000be4d
ffff9d5a
ffffe54c
ffffd15a
00001ae1
ffffa395
00003826
00001a44
ffff118f
ffff54fc
ffff4bca
ffffc7c5
ffffc261
00009cb6
ffff1e08
00003521
fffe4d1c
000035fc
fffedcfd
ffffc825
fffef974
0000773b
00008f3f
00001860
000000e0
0000dff2
ffff5cfc
ffffb94c
ffffffd0
ffffd224
000072f3
ffffc0bd
00000607
ffff8c7e
0000118c
0000620a
ffff51aa
00007721
ffffb094
ffff16cd
ffff700c
ffff951d
fffff1cf
ffffd994
00001aa3
fffffea1
ffffe1e6
ffffa125
ffffb77a
000031f1
ffff9322
00003204
ffffef87
ffff9cd3
ffff242c
ffffde8f
ffffe9ef
ffff6402
00003a72
00006347
ffff7918
ffff5e05
ffff991d
ffffe41f
fffff155
ffff50f7
ffff8323
ffffd9c0
00000f3c
fffef5ba
ffffcbd3
ffff785d
ffff0308
fffe865f
00003f43
ffff6111
ffffb93c
000012f3
fffd1593
ffff9a50
00002919
ffff9daa
ffff4def
000002f1
ffff9ce8
ffffc3ea
ffff9569
00001114
ffff932d
00004bb2
ffffde03
ffff5f51
0000757a
ffffab4b
ffff34c2
ffffa75c
ffff8110
ffffc821
ffffb956
ffff2f4d
ffffbcff
ffff242d
000082a1
ffff4892
000045d4
00000d15
ffffc87e
ffffc066
ffff89a0
ffff1f32
fffed902
00002b41
000004ee
ffff1443
ffff88aa
00001ebe
ffffc72b
ffff9772
ffff83c0
ffffa030
00004620
ffffa756
fffff09d
00004854
ffffe2cd
00008347
fffff09d
00004c29
ffff7029
0000affd
ffffc6ae
000077bc
fffea61d
ffffd321
0000799f
0000599a
ffff9d79
fffeb7b4
ffffae0a
ffff9140
fffffc9a
00006c8b
0000088f
0000faff
fffec6b6
ffffd83a
fffeaa27
ffff8df1
0000ab80
fffe88ed
00005567
ffff4ee7
fffffce0
ffffe1b4
00000574
00006040
ffff5050
ffff73dc
ffffd885
000067f3
fffff3b6
fffffc63
00002d05
00002f87
ffff96bc
00001045
000033c2
ffff23b6
ffffc2c4
0001232b
ffff5390
ffff4124
00008f45
ffff2d29
ffff6c18
fffff987
ffff73dd
ffff3ec4
00009a9e
fffeea25
ffff54b2
ffffed01
000034b2
0000357f
ffffbe03
00005c91
0000797e
000048d2
fffff253
ffff4d4e
00005b8a
ffff56e7
ffff675b
ffffaf64
ffffe5f9
00002db1
ffffed0f
0000164c
ffffca7e
ffffeab3
0000949f
ffff99c4
00004d5e
000000d5
ffffea04
fffffaed
ffffe552
000007f3
fffffb9e
fffff136
fffff96c
000010ee
fffffa37
fffffebd
00000711
ffffe752
fffff452
fffff8c7
ffffe6db
000002ff
000000f6
00000f92
0000057e
0000052b
fffffb48
00000586
ffffee28
0000026e
ffffed6d
ffffe980
ffffeff2
00000079
ffffe8a3
fffffc5f
fffff17f
000004b0
00000869
000005ec
ffffeed1
ffffffa8
00000f2d
00000079
00000ad0
fffffcb9
ffffea3b
00000337
fffff46f
fffffa1f
000003ed
fffff539
0000012a
ffffee86
00000a0a
fffffdfe
fffff3ec
000003f2
ffffeed9
fffff098
00000079
fffff4f0
000001fe
fffff575
fffffdff
00000b0f
fffffd58
fffff127
ffffe953
fffff5e0
0000088b
ffffee53
0000021d
fffff105
fffff81f
ffffe8dd
ffffff27
0000055e
fffffa4d
000007fb
00000818
0000057b
fffff65e
000002a8
0000005c
ffffecf8
00000a8c
fffff648
000001cd
fffffab7
ffffe8e0
00000760
ffffe393
fffff609
ffffeceb
ffffedc7
fffffc46
fffff257
ffffe2c6
fffff7df
fffff6c5
00000f20
fffffa4a
fffff73c
fffffbc6
fffffe10
fffff2c7
0000049a
ffffec04
ffffea38
fffffe00
ffffe8b4
fffff299
fffff998
000006c1
fffff230
ffffe8f0
fffffcb6
ffffffdc
fffff3d2
ffffe65b
fffff112
ffffec83
ffffeb99
ffffe4c3
ffffe8cf
ffffea6c
fffff5a8
fffff47f
fffff18e
ffffedc2
000003aa
fffff23c
fffffb9f
fffff11d
000000fe
fffff06f
fffff180
0000004f
fffff365
000000d1
fffffb7a
fffffae6
ffffec32
fffff36d
fffff8c2
fffffdd5
ffffed82
fffffd6d
ffffed01
fffff0bd
00000e04
00000626
fffffdcb
ffffe76e
ffffff39
fffff6d0
fffff00f
fffff7b0
000005b3
fffff170
000000eb
000000f6
fffff313
00000601
00000283
00000442
00000105
fffff163
000007bc
ffffe876
ffffe8bc
fffff7a3
0000036c
00000901
fffff08e
ffffeb44
ffffe40b
ffffedd4
fffff646
fffff839
00000f46
fffff52a
fffff353
ffffff79
fffff830
ffffffa1
fffff5ce
fffff235
00000bd4
fffffdb0
fffffc4f
fffff356
fffffa6e
ffffebe4
00000791
fffffcab
fffff5ab
fffff2d4
fffffa9d
000005a2
fffff78c
0000010b
fffff875
fffff19b
ffffffe8
000008cb
fffff34a
fffff72f
fffffa13
ffffeebb
fffffc12
fffff3fd
0000003b
000000eb
000003e7
ffffebfb
ffffe72f
000001d0
fffffd2d
fffffb40
fffff08e
ffffe95b
0000016c
fffffd79
fffff070
ffffe05f
00000582
ffffffcf
ffffe6ce
fffff53f
ffffe8a3
fffff221
ffffe998
fffffbb8
00000036
ffffefa7
fffff47d
fffff05f
ffffff8a
fffffa15
ffffeb2c
fffff569
0000082b
ffffec1b
00000b98
ffffecf1
fffff308
ffffe934
fffff284
fffff29a
fffff4d0
00001108
fffff537
fffffa27
00000c5d
fffffb1f
fffffc71
fffff238
fffff5c5
0000000f
fffe8055
ffffe0fb
ffff0d54
ffff13a3
ffffe499
ffff1dae
ffff7f95
fffff6a3
fffff1a8
ffffd8db
00005024
ffff703f
ffffdeee
ffffd94f
ffffb0e6
0000ad58
fffffd9b
000027a2
fffe9d0a
ffff16cc
00004bfd
ffffef3a
ffffc7b2
fffee7eb
ffffb8df
ffffde30
ffffea46
00000732
ffffe512
ffff565a
ffffcda8
ffff62d8
ffff9d6e
00000cbd
ffffa860
ffffd179
000076f6
ffff3f85
ffff1340
00006545
ffff9806
ffff7896
fffff6d5
ffffeb48
ffff7fe8
00002d62
00002f26
ffffa66c
0000456c
ffffe0b3
ffffdf06
fffff432
0000108b
ffffba21
00003b44
00000d18
fffff661
ffff96df
ffffe80c
ffff5732
fffff0ef
ffff4098
ffffdd30
ffffdbf0
ffff6aa5
000014e1
000000b8
ffffc7cf
ffffa7e5
ffff95ba
ffff613a
fffe9fd2
ffffb0ba
ffff9daa
000101e4
0000252a
ffffbee7
fffffac0
ffffd261
ffff8229
ffffc0ec
0000002b
ffffe762
0000195d
ffff4368
ffff23ee
ffff2a2f
ffffa55e
ffff2f97
ffffd050
ffffd80c
ffffe526
00006ff1
fffed9d2
ffffea04
00000264
00000571
ffff6d20
ffff53d4
ffffa1b2
fffef605
000013d6
00001381
fffe0b3b
ffff226f
ffff8e04
000074a7
00002d63
ffffdf3a
000008d3
ffff3ff6
00002bc6
ffffbf18
ffff9e1b
00000584
ffffd402
ffffc69c
ffff71b3
0000027b
000012f6
fffe9fbd
ffff7060
fffff54b
00007fbf
ffff80d7
ffff940f
ffffe67d
ffffc760
ffffae46
fffeca69
00009c53
ffff170c
fffe973e
00006895
00005258
0000422d
ffff3ed9
fffff4cc
fffed56d
ffff78f5
00002d53
ffffa6bd
ffffa5fb
ffff80d6
00000bf3
00003f63
ffff9af3
fffff1ee
fffff3f0
000014bf
ffffa18e
00002a77
ffff42e8
fffff947
ffff1883
ffff381d
ffffa6d7
ffffdb0f
fffffeee
fffffdfd
000038e3
00001952
ffffe6e2
ffff499e
ffff7f27
ffffa9c4
ffff6c5b
fffff335
ffff4f43
ffff6dc5
0000598f
000076f9
ffff97ed
ffff04f1
fffe4ae5
ffff93eb
ffffad6f
00001658
00009b54
ffff89e2
00008742
ffff8142
ffffe9b8
ffffabba
0000022d
ffffc8de
000006cd
ffff3833
ffff91f0
ffff9913
ffffa1b6
ffffeb57
ffff532c
00001081
000082f3
ffff9b35
ffffabbe
ffff6148
fffeb3da
ffffb6f9
ffffc904
ffff62d6
000061e4
000035bc
ffffbbdc
00006175
000001d8
0000d8bc
ffffea6d
ffff71b2
ffffae34
ffff3d19
000053a8
fffface2
00000cfc
ffffa301
00004abf
ffffd4de
000051fa
ffff3823
ffffe540
00002a70
ffffe58a
00007133
ffffa7cb
000003a6
ffffe090
00002a60
ffffd044
00009a48
ffff45a9
ffffad93
ffffb966
00001501
00002c67
fffffb9f
000039fb
00005046
ffffdb2d
0000140d
00001ae9
ffffbac3
ffffb175
ffff9873
ffff43f4
ffffd961
000019bb
0000635b
fffef985
ffff32c8
ffff9b10
fffffd43
ffff3355
ffff5d81
fffe9f1b
ffff4c11
ffffce6f
ffffec36
fffff6e3
fffff232
fffff2e3
ffffeb04
ffffefc9
ffffec47
ffffcfc0
fffff283
fffff802
00000834
ffffefd7
fffff65b
ffffeb98
000006fa
fffff436
ffffe31b
fffff555
ffffff0e
0000082c
ffffce46
000001dc
00000cf5
00000365
fffff063
00001b67
ffffe9da
fffff306
ffffdc08
ffffe55b
fffffd10
0000084f
ffffe0fd
fffff7b1
ffffd89f
fffff64f
fffff967
fffff7d0
ffffcd19
fffff0d2
ffffda3a
00000077
fffff2c8
ffffe280
0000054c
00000754
0000178b
ffffff7e
fffff567
fffff705
ffffe9a9
ffffe8c1
fffff7be
fffffffd
ffffead0
fffffcc3
fffff4d4
ffffd859
00000b5b
fffffae6
fffff5b5
fffffc0b
ffffe8dc
ffffea6e
000006ab
fffff90e
fffff263
ffffedf5
ffffd518
ffffeada
fffffc25
ffffee72
fffffcad
fffff284
00000d0d
ffffeb87
fffffc05
ffffef6a
fffff3e7
00000e25
fffff9d3
fffff5ba
fffffc0f
ffffe445
00001c15
ffffe468
ffffeb30
ffffe082
00000399
ffffe702
fffff121
00000cd0
ffffd3bf
fffff567
00000b4b
fffff3d5
fffffa74
fffff3f8
ffffecb6
ffffe94c
0000022e
fffff4b0
fffff344
000004d5
ffffd2bc
ffffd32e
ffffd0b4
ffffdd90
fffffbfc
00000252
fffff5dd
fffff4b3
000000d4
ffffe0a6
00000d16
fffff569
fffff92e
fffff55b
fffffba4
fffff484
ffffdc15
ffffe0cc
ffffd761
ffffd5e9
fffff393
0000002a
ffffecf2
ffffe7dd
0000067c
ffffeaed
fffff7d1
ffffcaa5
ffffea43
fffff22b
ffffe5f6
000004d3
fffffc44
fffffeaa
fffff2cb
fffffc93
ffffe609
ffffef04
ffffe292
fffff5e0
ffffdf22
ffffe960
ffffe52e
ffffd6d8
ffffe80e
ffffda04
fffff4af
ffffd068
0000002a
ffffe6a5
fffff78c
ffffdf82
ffffe494
00000a1e
ffffe778
fffffa05
fffffcb0
ffffe073
fffff6cf
ffffdb42
fffff865
0000006b
fffff49b
fffff1de
000014db
ffffdb3d
fffff685
fffff6d0
000007df
ffffe38d
fffff516
fffff8f0
00000eb4
ffffd2bd
00000696
fffff7cd
fffff7d7
ffffec7d
fffffcd8
fffffff9
fffff9e6
ffffe0fe
fffff569
ffffef9a
fffffa29
ffffdeb0
fffffe21
ffffede0
ffffdf95
ffffeefc
ffffddb5
0000050a
fffff141
000012ec
ffffebab
ffffe1ce
fffffae8
ffffd303
fffff107
ffffe266
ffffc48b
000004b9
ffffd626
ffffe6b1
ffffe86e
00000aa9
ffffd92b
fffff65c
ffffe08d
ffffe854
fffff8fb
fffffb99
fffffed1
fffff123
ffffe541
000000d8
ffffed38
ffffee8b
ffffead5
ffffe1a2
fffff60d
fffff2d9
000013b6
fffff7a7
fffff667
ffffee73
ffffe079
fffff474
000020d3
ffffee9c
000006ad
fffff86e
ffffee79
fffff524
fffff6e8
00000480
ffffd184
00000710
00000d82
00000276
fffffdde
ffffe693
fffff949
0000009c
fffffff0
fffff3e2
000012d5
fffff1f5
000010b4
fffff568
fffff3bf
fffff257
0000065d
00000ad0
fffff1dc
000000b8
0000052d
fffff245
fffffebe
0000022c
fffffc70
fffff7e4
ffffe6f9
0000065c
000011b3
ffffed5e
00000331
00000e15
00000e53
fffffde5
ffffff25
fffffc12
ffffdf40
ffffed9d
00000622
fffff6eb
ffffee2f
fffff569
ffffe6ea
fffff971
fffff5fa
fffff10a
ffffe8df
00001171
ffffefe8
00000a63
ffffeeb2
fffff32c
fffff904
fffff329
0000055c
fffffe2a
ffffe677
fffffd54
ffffee09
fffff51a
0000033d
fffffe34
0000058e
fffffa3d
ffffed91
00000143
fffff495
fffff358
fffff38a
ffffff14
ffffe690
ffffee39
000011e3
fffff4f1
ffffecc9
00000daf
fffff9e7
ffffe92f
0000055f
00000395
00001085
0000054d
00000e46
fffffe20
ffffeb4c
ffffed75
ffffeed1
ffffe9c9
fffffaf1
00000bc1
00000c4d
000002fb
fffff3f8
fffff0ff
ffffe941
fffff5f6
00000677
00000ad8
fffffad9
0000067b
ffffee24
ffffe24a
00000497
fffff488
ffffeea1
ffffea2a
000006b2
fffff419
ffffe99c
fffffec0
fffff5ed
0000048d
fffff2cd
ffffeee7
00000be3
fffffbf8
fffffe13
fffff0c1
00000101
ffffe81c
fffff841
0000006c
ffffea92
fffff8c5
0000025a
ffffeb9a
000000f6
fffff8ee
000003e9
0000069c
00000458
00000f8a
fffff91c
fffff11f
ffffe472
000009a7
ffffe18e
fffffdee
ffffe973
000007f2
ffffed6d
0000095e
ffffea83
fffffba4
fffffd94
fffffa71
0000007f
ffffebc8
ffffe821
ffffe4be
00000406
ffffffba
00000bda
000005dc
fffffbc4
0000003d
ffffe941
fffffcdc
ffffe309
fffff2e7
fffff8a9
fffff911
ffffdfa1
fffff618
fffff6c7
fffffaef
00000274
ffffe98d
fffffc1a
00000664
fffffa05
fffffb50
ffffeea3
fffffce7
fffff7f4
fffffe24
0000129a
ffffeef7
000001fa
00000d8e
ffffeab9
fffffb26
fffff946
fffff37f
00000651
ffffed55
000000df
fffffdd3
00000341
ffffe77e
00000360
00000f89
fffff0de
fffffd3a
ffffe795
ffffee14
fffff7c8
ffffefbf
ffffffd4
ffffed25
ffffef72
ffffe8a6
0000067f
00001316
ffffe861
00000503
ffffff62
fffffd30
000003b6
ffffffac
ffffecf1
ffffee37
0000060a
ffffea17
fffff010
ffffec54
00000208
fffffa9c
000006b5
fffff1f1
00000194
00000f03
fffffe3d
00000285
00000f59
ffffee22
fffff7be
ffffef42
ffffe96b
fffffa89
000006bd
00000350
fffffb79
fffff8e5
ffffef36
ffffe4b3
fffff51f
fffff3f3
ffffef0a
ffffed72
ffffebcf
fffff75d
fffff994
ffffed75
000005f0
fffff279
fffffed2
0000052d
fffffcee
00000c0e
fffff203
0000023c
00000328
fffff584
fffffe3b
fffffa1b
00001085
00000a2b
ffffee70
fffffd2f
ffffed92
fffffe43
fffff67f
fffff705
ffffff96
fffffc7e
fffff83c
ffffeba9
fffff23a
0000083a
fffff47c
fffff439
fffff4c4
0000035c
fffff0e3
00000030
00000422
fffff8b3
000000e3
fffff02e
000007c8
ffffe3c4
000006d2
fffff443
00000345
00000aa7
00000766
00000f13
fffff8fe
00000684
fffff86b
fffffb56
fffff92b
fffff5a8
ffffeb5a
ffffec4e
fffff19b
ffffecf2
ffffefda
fffffbf1
00000aab
00000158
fffff326
ffffed90
fffff562
fffff544
0000020c
fffffaa4
ffffeeab
fffff1ff
fffffa1d
fffff01e
fffff26a
00000a79
fffff82d
ffffeffc
fffff630
0000005f
fffffa60
fffffdbd
000000d8
ffffec6b
fffff9bd
fffff55a
ffffeda2
fffffa76
ffffe427
ffffed20
fffff592
fffffe8f
fffff0df
00000c07
ffffe773
fffffd9a
fffffc87
fffffec8
fffff128
00000484
fffff5a2
fffffb0d
0000035e
ffffe8f9
000000e7
fffffccc
ffffef6d
fffff80c
ffffebb6
fffff24a
fffff749
fffff9d9
fffff792
fffff35e
000009ed
00000b84
ffffebfa
fffff0c6
ffffee63
ffffebc9
fffffc59
ffffef31
fffff9ff
00000753
0000018e
fffff884
fffffcc7
fffffaa0
00000a82
fffff1fb
ffffef12
ffffedb2
ffffedc2
fffff95e
00000bfd
fffffd7f
fffff1e1
0000002f
ffffe7f9
0000088c
ffffe874
ffffec7a
fffffd3b
fffffbbf
fffffcd9
ffffec88
0000022b
fffff577
fffffd5f
fffff5cb
000005df
ffffeeb2
ffffee6a
fffffafa
fffff9ff
fffff8b6
ffffeef5
fffffa73
000011ed
fffff6e5
fffff314
ffffe9fb
ffffef52
ffffeb69
ffffff6a
fffff4fe
fffffb96
fffffd30
fffff01c
ffffeca8
000000cc
ffffff4a
fffff4d8
fffffe10
0000032d
ffffff80
fffff557
fffff9c9
fffff6ab
000013f1
ffffe434
fffffc6e
fffff477
fffff6bd
000003df
fffffc76
fffff098
fffff8bc
000008de
0000001c
ffffe948
fffffea0
fffffe3a
fffffccf
ffffff9b
ffffee10
fffff310
fffff98f
00000443
000006db
fffff4c1
00000a1d
00000329
ffffec89
fffffa54
fffff666
00000732
ffffe5f0
fffff9d3
fffff3a9
000005d2
fffffbc2
fffff791
000009b5
ffffecec
00000481
00000113
fffff275
ffffe5ae
fffff9d4
ffffff0b
ffffef6a
ffffe832
ffffe949
fffffa5b
fffffaea
fffff3a4
fffffcdb
00000465
ffffee35
ffffefe8
ffffeb03
fffffb5f
00000512
000007bd
fffffed7
0000064f
000000b3
fffff064
fffffa0c
ffffe9a6
ffffed6d
0000141e
fffff336
fffff438
ffffe3df
000006d8
fffff655
fffffeae
ffffff78
fffff5c2
000005dc
fffffe19
fffff3db
fffffec9
fffff4ef
fffffdd0
fffff5cf
fffffd29
fffffb79
ffffe823
fffffb4a
fffff97a
ffffffd0
fffffdcb
00000855
fffff498
000009df
fffffc9d
fffff7c3
fffff2e8
fffff4a7
ffffeba8
fffffed7
00000333
fffff02e
fffffad9
fffffadd
00000673
ffffeae5
fffff77e
fffff1d9
00000565
00000b1b
0000001a
00000696
fffff2d3
fffff6c3
fffff283
00001a87
ffff92ec
fffed6ec
fffef1d7
ffffcdb5
fffff164
0000092f
ffffcaa8
ffffa6dc
00000704
ffffcad5
ffffaa36
fffff9f8
fffff737
ffffecf4
ffff7820
00000640
ffffb153
ffff0afb
ffff8941
fffffc9b
ffffdca7
ffff9ba7
000044ba
00007bb1
000030ae
ffff36aa
ffff7f1c
ffff62ed
ffff6bc0
ffffcb89
ffffd7f2
ffffa4f9
ffffa980
ffffc64f
ffffdf74
fffff6e9
ffffdc73
ffff20d3
ffffae84
ffffc785
00004937
000007ab
ffffda18
ffff47f0
ffffc469
ffff63a9
00004924
ffffe549
00003e26
ffff332e
ffffdcca
fffff889
fffea7b5
000008ab
ffff2aa3
ffffab43
fffffa5d
ffffdca0
ffff9f0e
00000404
ffff3004
ffffb035
0000a9fc
ffffd6c2
fffeb989
ffffab95
fffff9dc
ffff7e1e
00000357
ffff40cd
ffffc7be
fffffeb1
ffffcca7
ffff79ea
ffff0fbd
ffffa8f0
fffff50b
ffffbed8
0000138f
ffff28c3
ffffda35
000013b1
ffffb8de
0000323d
ffff1ed0
ffff3faf
ffffe2c7
ffff9030
ffff67b8
ffff067b
ffffe75d
ffffe3e3
ffff7ef3
fffebe9c
fffff98a
ffff589b
0000441c
000013bc
fffff12f
00002f75
ffff70f9
fffff40f
fffebb03
fffff45b
00004ea7
fffe6bfa
ffffbdd2
ffff9342
00002f34
ffffa839
0000179d
ffffe0e2
0000188d
000012b9
00009eb1
ffffc457
000010ed
000069dc
000057f4
ffffc5ef
ffffc4b3
ffff9c5b
ffff32ab
00007e2a
ffff75da
ffffafe3
00001fb3
fffff6f8
ffff7c06
ffff4523
fffe9754
fffff3ea
fffe970c
ffffe02d
00001e3e
ffffcfd0
ffff96ad
ffffc3ef
fffedd88
ffff2365
ffffdb09
ffffd57f
fffee412
ffff7182
ffff5da2
ffff60bd
fffff3ba
ffff5565
fffef7b8
ffff3842
ffff47ca
00003e6f
00000643
000048f0
ffff4a1a
fffee0af
ffffcf6f
fffff27f
ffffacd2
ffff317b
ffffbd5f
fffee232
ffff635a
ffff9c25
ffffd95c
0000b111
ffffb420
00009a56
ffff8611
ffff0e39
ffff4da8
ffffffb5
ffff7e48
fffff18e
ffffc7e6
0000181c
ffff9012
fffef625
ffffcf7b
fffff8e9
00004bc4
ffff8655
fffff1bd
00004aec
000035a6
ffffc223
ffffc1b9
ffff5a56
ffffc000
fffed266
ffffd3b2
fffe9ed0
ffffde90
fffe2066
0000144f
00008ca8
fffee09d
ffffae69
ffffb6d0
00004245
ffffda3a
ffffb236
ffff7c05
ffff64e0
fffea304
ffff50f8
00004d91
ffffa72f
fffee268
ffff872a
ffffa33c
ffff7d23
00001330
0000089f
000007f8
ffff08c7
ffffd40a
ffff9692
ffffe7bc
ffff9445
000072f5
ffffaf50
fffef58c
ffff20be
fffeef34
ffff95ba
ffff35e6
00002872
ffff8903
00000c45
00001097
00008211
ffff67af
fffffc5e
ffffe8fc
ffffd95f
fffee810
ffff6afd
ffff773a
ffffb931
fffef696
ffffe9a1
00004d74
00000a79
ffffa277
000026ba
ffff5d91
000022bf
ffffe92a
fffff925
fffeb9a4
ffff4905
fffef37b
000059d3
ffffedd7
00001437
ffffefa7
00002530
0000133a
00000280
0000102c
fffd557e
00001710
00004514
00001b03
00000d03
ffffec9c
fffff552
000036a4
0000133e
fffffe8e
fffff9de
00001533
0000150f
0000259a
fffff3ac
ffffe794
ffff9513
fffff919
fffffdb5
00001e42
fffffee2
fffffb3b
00000624
00000479
00000d9a
ffffe476
ffffef7e
ffffe6f3
fffff62a
00002524
ffffc3cf
fffff452
00000b51
ffffeb8c
ffffee86
fffff80e
000001b9
ffff6a50
0000151a
fffff1f4
ffffde0a
00003717
ffffe91e
ffffe1db
00000423
00003c54
fffffd5e
fffffc1a
00001a62
ffffdeda
ffffed32
000027c1
fffff37e
fffff0d1
0000043f
000008f9
00001564
fffff1b7
0000268a
ffffff2a
fffff293
ffffff6a
fffff496
00000708
000008f5
000000d0
00002ff0
ffffd030
fffff57e
0000204a
ffffe443
fffffd85
00001c4c
000038ba
000012c2
00001823
00000a30
00000acf
0000212f
ffffe86b
fffff16f
00001a8c
fffffd73
ffffed51
00000129
00002908
ffffea3a
000000b2
ffffed40
00000046
000017d3
ffffeee5
00000a60
00000fda
fffff1b2
00001e2b
000030ac
00001655
00002919
ffffeb35
fffff78c
000001d1
000007aa
ffffc381
ffffe0db
fffffae6
fffffa43
ffffd0f2
00000711
00002400
ffffb2b9
00003c07
0000105d
00002fba
ffffecdf
ffffa848
00000a27
ffffee54
fffff0e1
0000019d
ffffee52
00001b51
ffffffe4
fffffb19
fffffe3a
00001cc4
ffffd820
ffffddea
ffffb6ca
ffffe898
00000435
ffffeef1
fffffc4d
ffffe53a
fffff5a3
ffffeabf
ffffe6e5
00000974
000016e7
000031e4
000003ac
000014d1
0000327b
00000538
00000e92
00000eab
000010dd
00003232
00001508
0000069d
fffff956
00002a5e
000007df
fffffc86
fffff159
ffffcf97
00001bac
ffffec4d
fffffab4
0000347b
ffffdad4
00001853
ffff4c9b
fffffe8b
00000f8a
0000043b
fffff6ae
000022a9
ffffedce
fffff5bb
ffffe660
00000aa1
ffffeee1
000011d8
fffff37c
ffff9c05
fffff0da
fffff533
0000260b
000016fa
0000bcd9
fffff275
00000fa9
ffffe660
fffffc32
ffffb29c
ffffe729
ffffe315
000004d5
ffffe77f
000010a0
000008d3
00002638
00003462
00001dd0
ffff495a
000002c4
00001ec5
ffffe4e4
00000ead
fffffe6e
00001167
ffffe7de
fffff22e
fffffc16
000008f1
ffffcfde
000025ec
0000096f
ffffe0fe
fffff1c7
fffffe20
0000118f
ffffec25
fffffb86
ffffceea
00003037
00002737
00000b2d
00000fc1
00001505
fffffaba
00000c82
ffffe097
00000778
ffffd9bb
ffffe7a2
ffffe059
ffffe912
0000368e
ffffe7f4
0000060d
00000436
00000824
fffffd4d
fffff302
00000696
00000b95
ffffedcd
00002302
0000178a
00000528
00000fcb
fffffcae
00001efb
00002bc4
00000613
ffffb845
0000018b
00000314
fffede24
00003582
ffff8e62
00009803
ffffb00d
00004395
00006696
000005db
00001812
ffff1912
00008732
0000284c
ffffccfb
00004ba5
ffffe99a
ffff0054
00000198
ffff6f42
00001557
fffff13e
ffff9f59
ffff2671
ffff0e67
fffd882c
ffff5241
fffef6ef
00003a3a
ffff9cfa
ffff4e55
0000377e
ffff2aff
ffffe8ee
fffff1c0
ffff8aa5
00002a5f
fffff0b0
ffffcb36
ffff17a0
00004f17
fffef6d2
ffffde74
ffffadd9
00000e91
000023e9
00007b3e
ffff546d
ffffbeaa
ffff9d12
ffffcefa
ffff90f6
ffff6538
ffffc2b9
ffffb82f
ffffa7c3
ffff326b
00001031
fffffb24
00000fce
0000676b
ffff3752
ffffffb6
000029e4
ffffcd04
ffffcac7
ffff28c9
ffff7172
fffebb8a
ffffeeb7
000005af
ffffbd8d
ffff3160
ffffbb46
00007e7b
ffff4d03
ffff8af1
ffffd1c2
fffecdfb
fffffcdf
ffffbd33
00002d88
00000dbe
00006284
00001ad4
00002144
ffffa7e6
fffec4c9
fffd9cc3
00002291
ffff73d8
ffff400b
ffff2290
fffed448
ffffa6d7
fffee570
fffeb6f9
00000b06
ffff3a44
ffff6b57
fffee887
ffff73c8
0000999b
fffe5b8b
000002f2
ffff4fe6
ffff9cd6
ffffe1e4
ffff2b3e
00006d61
0000652b
ffffa78d
ffffbcb5
ffff6bdc
ffffe8f5
0000a95a
ffffc949
00001bdf
000005dc
00003a7d
ffff6496
000062d9
ffffaf86
ffffd989
fffeaf87
ffff985b
000007f8
fffefdf0
fffec405
ffff8ffe
fffef09b
ffff29a2
ffffb0f9
ffff3faa
fffffdb5
00001a32
ffff2e27
00004bcb
ffffb522
ffffe9dd
ffff87c1
ffff81e8
fffe37d8
ffffe4d2
ffffedaf
000002a6
000065fa
ffffb56b
00001044
ffffa253
0000350a
000077cb
ffffa76b
ffff9387
000066af
ffffbebe
ffffab93
fffe649a
fffe2955
00004455
00000374
0000a96b
00005b04
ffff1114
ffff6c60
000030e3
fffeda88
0000059a
ffff87a4
00004cec
fffec65f
ffff28de
00001d8e
fffee2f2
ffff5b98
fffecc72
ffffd9d2
fffebdf0
ffffa2b7
ffff44dc
fffe9d4a
0000844a
00001241
ffffb94d
fffea542
ffff6cf2
ffff93f1
ffff7b31
0000030f
ffff5a28
ffff8449
ffff9fa7
ffff581d
00009ee8
ffff45f7
ffffce9c
fffefe3f
ffffb226
ffffd8ca
00006374
fffece8a
ffff4eb3
000063ae
ffffb32a
00009044
00007d7b
ffff4945
ffff1371
ffff5cd1
ffffd141
ffff7037
ffff9991
ffff8bf4
00003bbb
0000143b
000016c7
fffff70d
ffff7afa
ffffb7f7
ffffa5b3
ffff66dd
ffffd468
ffff9dc4
ffff8a9c
ffff14a6
fffeb0e3
ffffd7ae
ffff2b4b
ffffa7ba
fffe3cda
ffffc7a8
ffffbd46
000059ab
ffffc793
fffeb88a
0000950b
ffffdaba
00009c56
00000a75
00002918
0000813e
ffff89f4
ffffe5ea
00002920
ffffea61
fffff155
fffffb87
ffff62d8
000032c9
fffea94a
fffec922
ffff7854
ffffeb42
ffffb0d8
000011c5
00003e78
00001357
ffffba52
ffff40c7
fffff339
ffff85b5
ffffc63e
ffffe735
ffff008d
ffff8faf
ffffeacf
ffffd729
000040be
ffff50f7
ffffe4fd
ffffdd7d
00003a39
00000336
fffefa23
0000049d
ffffeb1c
00002e1b
ffffd93f
00002418
00007c6b
ffffc2e8
ffff0067
ffff8006
000014af
000004c2
fffdfdc0
ffff3748
ffffefe8
000000af
fffdae74
00004676
ffffb5a6
ffffa212
fffde3db
0000413f
00004eaa
ffff6d32
fffed8b1
fffff344
ffff76f8
fffff38a
ffff3720
000010a2
000001ce
ffff93d7
ffff5bf0
00000a38
fffdd01a
00000901
fffff852
ffffd002
fffe92f7
ffffa33a
ffff4b2d
ffffe38d
ffffa88a
ffffffb6
00001b41
fffff593
fffd1e69
ffffd3db
ffff1d96
ffffba52
fffe81b3
fffff576
ffff7642
ffffa082
fffe5ea2
fffff492
ffff3ead
ffff2a8a
ffffd3c0
ffff8d7d
ffffe546
00002ee8
00000323
ffffc97a
ffffcc48
ffff806a
ffffec36
ffffce6d
000048bf
00000dd0
ffff7c0a
ffff5af8
fffee431
00005c63
ffff558e
00000c7d
fffef70f
ffff50c8
fffee92d
ffffa398
00000037
ffff809b
ffffbea3
00000925
ffff5473
fffeb6ad
00003c39
fffd4227
fffe745c
ffff35a8
ffffc7b9
0000f02c
ffffeecc
00002063
00001984
ffff34b0
ffffa18e
fffe8ddf
00006598
00001f4b
ffffb118
ffffc99e
ffff86ad
00006224
000047f8
000001e1
ffff7616
fffff034
00003298
fffffa9d
00003dab
fffe42c7
00004e29
ffff7897
00001e23
00004555
00010367
fffe6cb8
00001968
ffffc7d6
ffff97ed
00001069
ffff780b
00001107
ffff256e
ffffd88f
fffec6da
00004bf3
ffffdc5c
fffd6998
00003538
ffffa281
00004410
ffffa0d0
fffe638b
00003c65
ffffbc2f
fffdfe31
ffff7cc1
ffff20b8
fffea11d
ffff82fc
ffff123b
fffffa6f
00006c0d
fffe8d01
000069f9
fffd1f1c
fffef749
ffffa603
ffff4477
ffffc066
ffffbe9a
fffeff9e
0000004d
fffecace
000017b0
ffffc70b
00001f8f
000036cc
0000076c
fffff47e
000075ec
00009195
ffffb454
ffffdd94
00002fed
fffeb6ec
ffff3bae
ffffe818
ffff90e9
00001bd7
fffdb8ad
ffff87d0
00005207
fffd0fb4
ffffeae9
fffebb90
0000837a
fffd5eb5
fffefca5
00002207
ffffb4bd
fffed89e
ffffcef4
ffff878d
ffffd818
ffff9c90
00000ae5
fffe6116
fffefecd
ffffe700
00002999
ffffbeea
fffffa56
fffed322
00009153
ffffdbcc
00000305
fffff8b7
ffffdd16
ffff02e8
fffeecfa
00003509
00001b98
fffda833
ffffbb11
fffff5e2
fffd283c
fffeacf7
00004c14
ffffb65a
fffdce77
ffffbc14
ffff2fe1
00002fd5
fffff501
000054dc
ffffcd62
ffffb0ce
fffffdfc
ffff2da4
ffffbce5
fffcdb99
000013d4
ffffb862
00003c21
fffffcce
ffffbea7
fffee466
ffffa4a5
fffff119
000077ab
fffd5a02
ffffd548
000027f4
ffff34d2
00002a10
ffff0d51
fffe4811
00002e62
fffffec9
000051c5
ffffefd0
ffff582c
ffffa2ca
0000023c
ffff97bb
ffff9742
ffff6bac
000019b9
fffec7f7
00001e68
ffffc7db
00002d63
00000527
00001a0f
fffff8ce
00005108
0000354e
00006791
ffff7fbd
ffff293c
0000120d
ffffb63e
ffffdc95
ffffa8c3
ffffe92b
ffffdc32
00003f72
ffff3cf1
00003a4d
ffffeb21
00004801
00006d09
00004e7c
00006e46
000042cf
ffffdf71
ffffd79f
ffffd5ad
ffff462a
00001b13
fffff657
ffff8e53
00009bb6
00005b82
000086e6
ffff7075
0000ec20
00005173
0000d354
ffff8ada
ffff833c
0001d7dd
00001680
00003b5a
00001805
ffffa398
fffec6eb
ffff916f
fffff267
00000847
00008f06
ffffe01b
00006c1e
ffffeeb2
00008bd7
ffffe9c3
0000b55d
0000074e
0000046a
ffff64b7
ffff8695
000013e8
ffff2bf1
ffff8430
ffff0e39
000005e3
00002435
000051dc
0000399b
00009f19
ffff4cb1
00000e0a
ffff67d4
00001026
00005bc2
0000b69a
fffff129
00014176
ffff90fd
00009114
00008156
ffff5f8d
ffffb258
fffffd9f
ffffffcc
00006899
fffff5f0
fffe1957
ffffad37
00005ba7
ffff8d93
ffff7c4c
ffffed07
00001074
fffff5ee
ffffb46d
ffff619b
fffe6336
ffffb9ef
fffeb295
ffffe7df
00003be9
fffff0f0
ffffc749
00004ca8
00005cb5
ffff2281
ffffd2f1
ffff6053
ffffcd5d
ffffa0db
ffffe895
fffee709
ffff8fdd
fffef469
ffff93a6
0000361c
ffffffda
ffff4905
fffee90e
ffffc91d
00001441
0000d4d1
00005b9c
ffff97bf
ffffed37
ffff9095
fffef663
0000309e
ffffca50
ffff63b9
00001757
ffffeca4
ffffa8eb
ffffba61
00005a86
ffffaedf
ffffd1d7
ffffe3b9
ffffd681
ffffdd2b
00000c94
fffffb84
00000b39
ffff9101
ffff51c9
000002c7
00006bf2
00005d58
ffffa4b3
ffff2562
fffff138
fffe3e57
0000259b
000034cf
ffffd886
fffecc31
00000392
ffffd1a9
ffffe5e1
00006fd8
00000410
ffff4691
00001048
00001059
ffff3773
ffff8054
ffffc1cb
00001ec8
000043f8
00001130
00007b8b
0000e71a
ffffff20
fffff408
ffff48d5
0000e54a
ffffa45b
ffffbd5d
ffffe578
00001bac
ffff3893
fffffac3
ffffa467
ffff4e4c
fffff6f7
ffffdfdf
00007299
fffff1c4
0000cb1c
000005d5
ffff7054
ffff5785
000043c0
00003fcf
00000d31
00008f33
00007b3b
0000290e
ffffb8c4
fffe60c7
fffed720
fffff7b2
ffff977c
ffffc6a7
0000c192
ffff5317
ffff8400
ffff1afc
00002ef9
00009c0d
000055c6
ffffeb65
00007444
00003f32
ffffe31d
fffff780
ffffbab0
00006d29
ffffdaa8
ffff93c8
0000e2ab
0000762c
0000dac8
fffe093b
00002b72
00006405
000129b0
000056ba
ffffa546
000002f0
ffff8ba0
00005020
fffefc51
ffffc5fe
ffffc5e4
ffffdc0b
ffff66dc
00000704
ffff7dc1
0000a548
0000bdfe
00005e8c
ffffb80d
00005df5
ffff1f5e
0000445c
00004aff
ffff7923
000054f3
0000214d
ffffb9c8
00000c8c
ffffdd35
ffffb10f
ffffeeab
0000687f
00005ec1
000071a7
00006c41
fffff236
ffff9a16
ffff6036
00001c51
ffffd5ff
ffff1af0
ffff44fe
000025fa
ffff664f
00005534
ffff138f
fffffafa
fffff2b8
ffffea86
0000e21f
ffff9bd3
fffe8ebf
00002611
ffff0b36
ffff4f8f
0000e900
00001cd6
fffefc04
fffe9cf0
ffffaf2b
00005f0c
00000e13
ffff1a06
ffffc4d7
000071f8
ffffdd3e
ffff73a0
fffe4b3c
000018c3
fffff814
ffff9ea5
000059a2
ffff60eb
fffff443
ffffe923
00007f9a
0000d02c
ffff7b10
ffffdbe7
00000633
000038fe
ffff357a
00004497
000023b9
fffe6486
ffff6b5a
0000a748
ffffe6ad
fffee97f
ffff29a3
0000835d
fffe428a
ffff961e
ffff5402
0000b264
0000cd16
fffffbe5
00000f66
ffff922e
00000fbf
fffffd85
ffffaee1
0000e4f0
00005e72
ffff366d
ffffaa25
ffffcfa1
000019db
00000880
000007b7
ffff3239
000016bb
ffffd90a
ffffe143
000000f3
ffffaed3
ffffa74b
000007f4
ffff5606
00000bff
00000465
fffff3d0
0000738d
000023de
ffffec6e
00005f5d
ffffc28c
ffffd32b
ffff4381
ffff9211
00002db3
00000185
000014a0
ffffc18d
ffffc07a
0000572b
0000805f
0000124b
ffffa4fa
0000388b
ffffd4a0
ffff9f39
ffffdec2
ffffaf2a
000098f3
ffffafbd
ffff030c
fffe33b9
ffffaf63
00004e42
0000049e
ffffcee0
ffff597a
fffef7bb
0000a1b1
ffff6e39
0000005d
fffe89ea
ffff87f9
fffedcfb
fffee33a
ffff4695
ffff663f
fffe436b
ffff98b2
0000b740
ffff5214
ffffb322
ffff379d
ffffc083
000035b2
ffffd5e6
ffff890e
00003815
ffffa9be
00001eb5
ffff7503
00000983
0000056f
ffff9915
fffea28c
ffff2022
00009b9b
fffedaf0
ffffb405
fffff029
ffffa57b
000076bf
ffffbe36
ffff04dd
ffffd376
ffffa7a0
00000b99
00001467
00000de1
0000905f
0000038f
ffff2ff2
ffff9b75
ffff8b4f
fffe99d8
00000dfb
ffff4d99
ffff9e13
00009720
ffffa23d
ffffca89
00003ed7
ffff90e0
ffffde60
0000685e
ffffa8be
00002a79
00001cd4
ffff774d
ffff761b
00002ff7
fffe0733
ffff627b
ffff830c
fffff70c
fffff80e
ffffe4a1
00002b18
fffe943a
ffff9c85
ffff1b7c
fffea7be
ffffb45d
ffffa851
ffffd6f8
fffff729
ffff963d
fffffc22
00008c10
00004763
ffff39ba
ffffdb0c
ffffb531
0000a43f
00006583
ffff83ff
ffff991f
ffff3a4a
00008f3b
fffed1a8
ffffa25b
ffff9e56
ffffe03e
000022c0
ffffb629
ffffb130
ffffa9e7
ffffbff7
0000ada6
000023e3
ffff54fe
00001cb6
fffefcbb
00008214
ffff6aee
ffff31b2
ffff3752
fffec8d9
00003f56
0000675c
ffff9c92
ffff21ca
fffeffca
ffff9b3d
ffff1655
000074f9
fffecbd1
ffff5655
fffeb680
00002d8d
ffffb932
ffffe6fb
00003298
fffe95fc
ffff4c07
ffffa7ea
00005661
fffeecbb
ffffff7e
ffff8f27
ffffc155
ffffb970
fffff2aa
ffff5af8
00008066
00000e62
ffff6c43
000051f8
ffffe0cf
0000277d
ffff80ed
00003f22
000069a7
000009d3
00002f7f
ffffbde6
0000212d
ffff0d30
00007e52
0000a007
00001334
fffee190
ffffacfd
ffffbcc6
fffff80c
ffffcae4
fffece24
ffffa741
fffff51b
00007b95
ffffb92f
0000081d
ffff23a9
ffff9fd7
ffffe2c8
0000b067
00008cae
00004264
ffff4e14
00004588
fffff562
ffffed5d
ffff8438
fffff892
ffffca03
fffefd48
0000b1a9
00005690
ffffb104
ffffda88
0000140a
ffffbb5c
fffedb92
ffff7843
ffffbbd5
0000c1b3
ffff62b6
ffff765c
000001d3
ffffc488
00009361
ffff0e71
0000d6b4
ffffa603
ffff4d4f
ffffeb8e
fffff64c
0000960b
fffecdec
ffffdb3b
ffffe587
ffff39e4
ffffeacd
000030b2
ffffc26b
00001d46
ffff95e1
00000ebb
0000866a
0000637b
ffffef42
ffff5e49
00001c48
ffff945d
000009eb
ffffeea7
000056c4
ffff1f21
ffff8d44
000033bc
ffffdf22
ffffe0ba
000010b1
fffe5e28
ffff82de
fffff0b3
ffffe31c
ffffd367
0000566f
000035d3
ffff2787
fffff4da
000011e7
ffffb9d1
ffff30f5
ffffcccc
ffffaf9b
000013f3
fffef46f
fffff553
ffffe3b6
ffff4abd
ffff6c10
00003847
ffff9726
ffffd2a8
00000de7
00001088
fffff563
ffff9205
ffffce13
ffffe65e
00005ab7
ffffdff3
ffffdd5c
ffff7eff
ffff9b1d
ffff9336
fffebe09
ffff291f
ffffeeea
ffffd878
00002556
ffffea46
000036f3
ffff305d
fffffd83
ffffe8c1
ffff7add
00007cd6
ffffc4bb
00000205
ffff398e
ffff6c9c
ffffacef
ffff1a8b
00002d5e
00000d55
ffff7fda
ffffd031
0000022e
ffff3d74
0000bc61
ffff8131
ffffaeb0
fffffbf6
ffffaa10
0000135e
ffffd554
ffffed48
ffff9b41
000044b7
ffffe56c
000002ac
ffffd664
fffdead7
00001fc8
00002986
fffec520
ffff5507
ffff0c37
00002eac
0000450b
ffffe570
ffffac48
000038bb
00001848
ffffcbcf
ffffbcae
00003e65
ffff1345
000007dd
0000690a
ffffcc40
ffffdf62
00007812
ffffe168
fffff141
000060d6
fffffdb7
0000650f
ffff1dc4
ffffddf6
000057e3
ffffbee5
00009751
000045ec
00005125
ffffd797
ffffb8b7
ffffae87
00001239
ffffce28
00001205
ffffa28c
0000503f
ffff3b61
00005113
fffff548
000028a8
ffffab8d
ffff8235
ffffd156
ffffdd66
0000287f
ffff954c
00000a5a
ffffb6c9
000062cc
ffff788c
ffff4723
ffff7d39
fffebe9e
ffff933e
ffff5267
00003439
fffdd428
00000341
ffff12dc
fffe563e
000000e7
ffff95cd
00002050
0000a486
00002197
ffff94e3
ffffe5ab
0000919a
0000b117
fffeb2c9
00001cba
ffffd555
fffedc61
000015ad
ffff035e
fffff08f
000047e1
ffff0cb1
0000373b
000041ce
00003961
ffffe608
ffffe31f
ffffef59
00000e6b
ffffd368
ffffe4d5
ffffe50f
ffffe5ff
ffff62e9
ffff112a
fffffaec
00001860
000001be
ffffe800
fffff560
fffff6e2
fffffcde
ffff6c2f
ffffcc2d
ffffd3da
ffffeb57
ffffc211
ffffdcbc
ffffd66d
00002aef
ffffb8b2
00001d52
ffffe2b3
ffffb646
ffff9b12
ffffe851
0000040a
000091a7
00003617
00007336
fffff7c9
00000a5d
fffff684
00001fe2
ffff9e3f
ffffd182
000016d8
ffff9689
ffff8995
ffffb82d
ffffec1a
ffffe818
ffffff07
00005bf2
00002a2d
ffffbe0a
fffff1f8
ffffe441
ffff4da8
fffff762
fffff181
000000dc
00000bde
00002b93
00000990
fffffc6d
00002c1c
ffffc63c
00000a46
ffffcf8b
ffff9fbb
00000025
ffffe734
ffffdea4
fffff167
ffffe2ad
000009fa
0000477d
000075de
0000348b
fffff0c7
ffffd84d
ffff8b27
ffff5bca
00004e83
ffffc69d
ffff58e5
ffff9fb9
00003f8c
ffff8fee
00004241
ffffef66
ffffd519
00000eb2
fffff8d3
ffffe9f6
ffffffe2
00005920
0000135c
00001f22
00001a3f
ffffd937
ffffc895
00003841
0000262a
ffff6736
ffffcea5
ffffcc18
000019a4
ffffe721
00001759
ffff9922
000046d4
fffff5ed
ffff73cc
000042fc
ffffece1
fffff5cd
ffff57c6
ffff501c
ffffac94
ffff65d4
00003177
00004504
ffff9afa
fffff773
ffffb338
00002221
ffffe8c3
ffffaea3
ffffcbe8
ffff8a98
ffffef9d
00000bb4
00000572
0000195f
ffff9ed3
ffffadfb
ffffb01d
000037d2
ffff8e3f
fffff21b
ffffe7af
fffff4d0
ffffdadb
00000ef6
000069a2
ffffc4d8
ffffe317
0000291e
00000d91
fffff317
00002264
ffff6268
ffffc3cd
000040ed
ffffe393
fffff170
0000050d
0000168f
ffffad0a
fffffe6c
ffffd275
00001197
fffff727
ffffa085
ffffe5e3
00001008
00000d40
ffffecd4
000007e7
ffffdeb0
fffffdf0
ffffb13d
ffffdd6c
00000007
ffffeb50
ffffef37
000025c1
ffffd310
ffffe7d1
ffff6682
ffff2fba
00003190
ffffff05
00002e3a
ffffb4fd
ffff75a8
ffffe084
fffffd4d
ffffa459
fffff421
ffffc914
fffffb27
ffff6977
000004ff
0000643b
ffffe749
00003a00
00000859
00002830
0000127f
ffff1608
0000057c
ffffe672
ffffa555
000042f6
ffff4be0
00001d9a
00005093
ffff8d6e
0000ae82
00000a6c
0000042d
000006a7
ffff8b54
00003ad9
00001bd3
ffffbcde
ffff67d5
ffff932c
000017c7
ffffdd19
00001d09
ffff9b99
ffffb927
ffff35c8
ffff92d4
0000114a
0000036b
ffffae47
00003d40
00000486
ffffb2dc
ffff8f45
000029a6
0000046e
00002935
00004114
00005562
ffffcc2e
00006888
ffff43dd
ffffc4c3
ffffe9f5
ffffdcfe
ffffc2e6
000080f9
00000812
00000d20
ffffdc07
00000a1e
ffffe152
00000020
ffffdcf4
ffff0602
ffff91a9
000006bb
ffff975c
ffff8b5a
0000052f
ffff30dd
ffff4b46
ffffb9b5
ffffea46
ffffd7ba
000035a1
000010c1
ffffec3e
ffff4132
fffeebc2
fffffbcb
ffff9eef
000001e2
ffffbadc
000049be
ffff6e53
ffffc084
ffff9e15
0000461a
00000887
ffffd107
00009727
ffffba00
ffffb3f0
ffffd002
ffff7462
00005e06
fffea39d
0000b725
ffffa37d
000034db
ffff7e9e
ffffb951
fffe21ea
ffff9b0c
ffffc803
000027f3
ffff82c8
ffff0cae
ffffba4d
000069c8
000072d3
00003bf6
00003de1
00009369
ffffd752
ffffc019
00003f87
fffed009
ffff755c
0000ad5c
ffff67ec
ffffc241
ffffdffc
0000019f
ffffc811
00003f10
ffff5f17
000035e2
ffff613d
00002ff3
ffffc79c
ffffa7ef
ffff15d9
ffff9225
ffff7f5b
ffffcdef
00008465
ffff5102
ffffadf9
000009c4
fffff441
0000f5de
0000887b
ffffe487
ffffa8cb
ffff968d
00007a19
ffff6e95
ffffe2e5
ffffb68e
ffff4dc0
00008686
ffff0d27
00005ecc
00000732
00010438
00000f66
fffed0dc
fffff1fb
ffffc0b8
fffff789
fffea77c
ffff63b7
ffff73f6
ffff7dad
fffec180
ffffff3e
0000f943
000014a0
ffffcc76
ffffeb9d
ffffc5f0
ffff0395
0000064e
fffff57e
00001016
ffff79e5
ffffa044
ffff0412
ffff6bc7
ffff4820
fffffd81
00001d56
ffff36c3
000002a3
fffee74f
0000094e
ffffacd6
fffeef20
ffff11a8
00003d01
0000272c
ffff62a2
ffff7139
ffff767a
ffff76ff
00000504
ffff09a6
ffff42d5
ffff9191
ffffa4cb
ffff8838
ffff24e6
fffff4b1
ffff2de0
ffffe941
ffffbde5
fffe8eae
0000be16
00001df0
ffff7bab
000001db
ffff7db5
fffec910
000051c9
fffe7603
ffff93ce
ffff19b6
ffffa518
fffe80c0
000081c9
000000c3
ffffd367
ffffda9a
ffffe48a
00000c13
ffff201d
0000b62c
0000111c
000029df
fffeb102
ffffb230
ffff0ba2
fffef8bc
0001233b
ffffa771
ffffc3a9
00005af5
ffff7dc9
fffffb32
0000296b
000063b9
000067c2
fffedbb3
ffffc0bc
ffffc87f
00000f23
ffff2a0c
ffff4568
ffffd5d0
fffea1b8
000034fe
000087a8
fffef611
0000f62c
ffffe257
ffff91fe
ffff87a3
ffffc456
ffff5c63
0000117c
ffff6120
00001eae
00001202
fffec8ff
ffff5127
ffff5821
ffff2fc3
ffff789b
ffffc0ed
ffffb1bb
ffff7c31
00000d53
fffebfde
00004300
0000d006
fffe9e06
000015bb
ffff1fc5
ffffd27d
00002d54
ffffe30c
00006011
ffff9650
0000c6d8
ffffdfea
ffff8da7
ffff2d6d
0000953c
ffff374b
ffff7086
fffeb102
0000667d
ffff4364
00001fc0
00007401
ffffc401
00004074
ffffcd41
ffff7b80
ffff9b07
ffffeaa0
ffffe9ca
ffff6ed0
000009a0
fffffccb
00000887
0000779b
0000160d
ffff1b3f
ffffb5a1
ffff3a6b
ffff5f86
ffff5916
fffdff25
ffffc9ed
ffffbbc3
0000842b
00005bff
ffff3327
ffff1969
000059e6
ffffde7a
ffffebf1
00002363
ffffffa4
ffffdf57
000039b2
00004d44
ffff674a
00006cc7
ffff8121
00003271
fffee3b7
000057ea
fffffb1a
ffff48c2
fffe3835
00008240
ffffd22b
ffff4a37
0000b80a
ffffd424
ffff00e7
00004486
0000672c
000073f8
00004a3a
fffff6c0
ffff5587
ffffa21f
ffff464a
0000350f
000019de
00005aa3
00007726
0000115e
00008fb5
fffe87aa
ffff5874
00003c3d
fffffd13
fffeaffc
ffffd924
fffff90a
ffff41e5
ffff0dcd
0000283f
ffffea1f
fffffde0
ffff7a19
fffff38d
ffff946b
ffff1462
ffff692a
00009d57
00003c72
ffffed10
000092a1
fffffff8
0000a2a2
ffffbc2a
00004f5e
ffff72c8
ffffdfa4
ffff6aca
00000cdf
ffffbf55
00002b60
fffedb8d
00009b14
ffff16af
ffffc127
000062e4
ffffd083
00005a9f
fffffb59
00001e20
ffffae01
0000511b
ffffec4a
00002a4f
ffff4e22
ffff0fc8
00004505
ffff5ec3
ffff5260
ffff8ea9
00002002
fffff67c
000096b8
00004d90
fffff2f5
00001aff
fffffb9c
fffff0d8
ffff4663
ffffae63
fffff113
0000e36e
ffff25ef
fffff49c
ffff5d08
ffff3b4e
ffff8e66
00003ee1
00006850
ffff9724
00006314
0000669c
ffffbbeb
fffec5af
00002a29
ffffdea3
ffffd483
ffff3b90
000049a5
ffff0b56
ffffd9e0
fffefa2c
ffffec0c
ffff5c51
00001bb8
ffff9f70
ffffe0cc
fffff585
fffea565
0000d3bc
ffff6e0f
00001d04
fffde1e1
000012f8
00003937
fffff4dc
00007fc4
00007272
0000d2b6
00007de4
ffffe0a4
0000307a
fffece9b
ffffdb99
000055bb
00001c8a
fffe8b82
ffffebae
ffffddce
ffff7e1f
ffff2384
ffff6e43
ffff931c
fffeda14
ffff2b8b
ffff8f9a
ffffc501
00002dda
ffffebec
fffffdcc
00006264
ffffb07e
00005c9e
ffff9c66
ffffa2ea
ffff7822
ffff121b
0000a845
ffffe17e
ffffd27f
ffffb4f5
ffff33bb
ffffedff
ffff9d2e
0000173e
ffff8856
00000e69
ffff5db4
ffff18c6
ffffb720
0000802a
000058e3
ffffa11b
ffffc262
fffe82be
ffff3d95
ffff42e9
ffffa031
ffff27a6
ffffdbfc
ffff8b36
ffff9406
0000681d
ffffd9ca
ffff2b08
ffff64c0
ffffa992
ffffefa0
00007639
ffff73cb
ffffda59
ffff6f1e
000051d6
00004963
0000794f
ffff961a
fffee233
ffff6042
fffebf09
ffff9db7
ffffddf0
000038a9
fffea2ef
000029e5
0000c592
00000b4f
ffff7c37
0000356a
ffff8303
ffffbb51
ffffb555
00003499
00000ced
00007fa0
ffff3883
000010da
ffff6870
ffffd464
fffe9c12
ffff6529
ffffac83
000044e8
ffff569a
ffffd384
00007bae
ffff857a
ffffffe5
00005800
ffffa5c4
ffffc21e
ffffb301
000011ce
ffff297b
ffffa8c4
ffffbf0e
00004ff1
ffff52a6
fffff48f
ffff1317
fffe3c02
0000e1ca
ffffcad6
fffff648
000032e7
ffff9172
00003365
000038cd
000019a5
ffffb3a2
ffffcdef
0000866d
ffffdb53
ffffc13a
ffffe261
fffff2ad
000057d4
ffffdb59
00008d1b
0000d576
ffffdbe5
fffffe39
fffffc4e
fffefa28
00000346
ffff9746
ffff5050
0000790a
00003a5c
fffe3dc3
00005296
00002690
0000969d
ffffe95e
00009fe5
ffffbfe7
0000603c
00005df7
ffff93fb
fffee777
ffff8a12
ffffc69c
fffef97e
ffffea28
ffff7505
00003299
fffff16f
000009e0
ffffa981
000006f8
ffffe88e
fffebd18
ffff41e7
0000582f
ffffc19e
ffffe234
000011e6
fffff29c
00003e6c
fffffbdc
ffffc4ad
ffff7c82
00003b23
ffff90fe
00004e15
ffff60fd
fffffb97
fffef435
fffff190
ffffd288
ffffad6c
00003eb8
ffffeb1e
00004acb
000044c8
ffff879a
0000409c
00002c1a
ffff5366
0000d6e9
00002dc5
ffffe24b
0000dd9c
ffff3f96
0000aed5
000005a8
ffff8dd4
00006106
0000de86
00000083
ffffe35d
ffffa4bc
ffffc373
fffff406
fffff25c
0000113f
fffffa8a
0000133c
000004c4
ffff5b6a
ffffe847
ffffadf1
00003fc3
000013d1
00000454
ffffc034
ffffc0d6
0000a08b
ffffed15
00006bd7
fffeaa43
00002ac4
00002bd9
ffffd6f0
ffff7724
0000628b
ffffd719
ffff56c1
fffe8512
000055a3
fffec0d6
000009cc
ffffbc39
00001f62
ffff51cc
000010a4
ffffcb9b
000027c8
ffffb87f
ffffc9a7
fffea1cf
000013e3
ffff3315
000016fa
ffff4d49
ffff9ef5
0000912b
ffff61ee
ffff9207
0000509a
fffed8a4
ffffd06b
ffff26a2
0000039a
00003f78
ffffc1b3
ffff52a3
ffff3056
ffff62e9
000012fe
ffffc3a7
ffff4fdb
ffffe83f
ffffa88d
ffff3290
0000434a
fffff837
ffff7b41
ffff90d2
ffffe3b2
ffff9391
ffffb2b1
00005b6b
0000139b
ffff8f6c
ffffde17
00000a07
fffff0d0
fffefd00
ffff86cb
fffff52f
ffff56da
00001b07
ffffb80c
ffffd480
fffff393
00008c7e
00004b5d
ffffd5b7
ffff902f
000011ed
ffff256b
fffffee1
000061ce
ffff57f8
fffffdd3
ffff94bf
0000165a
ffff4fcb
ffffdab6
ffffd80e
ffffbf79
00003503
000006dc
ffff0c7e
00002772
ffff4c7b
ffff16ab
ffff736f
ffff4f47
00002a81
00001716
ffff29fd
ffffda55
000009d3
ffffb152
ffffcbf3
ffff8aed
ffff0567
0001074c
ffffb49c
fffff7ed
ffff9c50
ffffdfb0
0000265f
ffff15dd
fffee439
ffff8f2c
ffff87d3
0000624b
00002254
ffffd00b
fffff2ee
ffffb906
ffffcd85
ffffb677
00001b32
fffe3df1
00003242
00004c3b
000021f6
ffff1e36
fffffd57
ffffa25d
ffffeb10
00006799
00000112
ffff903c
ffffcdf7
0000355c
fffffefb
00001b7d
ffffcd52
fffff17b
00000bcc
ffff6be5
00002cb6
ffff31b0
00002969
ffffe7e9
0000677b
0000214f
ffffa06b
ffff6a6a
000035ee
ffffbc5f
ffff8978
ffff373c
ffff3398
ffffa784
fffe9cb3
ffff96a7
ffffe5a6
00004828
fffff9e7
0000065c
000001ad
fffff8e3
ffffff5c
ffffffbf
ffffeac7
00000645
fffff1dc
00000cdf
0000027d
fffff71c
ffffff60
fffffc1e
fffff85b
fffff2ec
fffff3bb
fffff414
00000021
fffffece
00000825
fffff0b9
00000b27
00000272
fffff0d2
fffff15f
000001c1
fffff29b
ffffede0
fffff9d2
000002a8
ffffeb14
fffffb2a
00000af7
ffffece0
fffff704
000007a1
fffffd3c
000001a3
fffffc0c
ffffedf2
ffffed38
0000004a
000001b5
fffff16e
fffff0b8
000006e2
fffff865
fffff1e8
fffffbcd
fffffb22
000000ff
fffff6cc
fffffd32
000000c7
00000c64
fffff770
fffffe93
00000098
0000029c
fffffbc7
fffff41a
00000054
ffffee60
00000c6a
fffff3b3
ffffea2c
fffffab8
000003dd
fffffb36
ffffe94c
ffffed4d
000007c1
fffff77a
fffffb8f
fffffbbb
fffff649
0000077f
00000377
ffffe8d7
000002f4
fffff625
ffffffe3
000001e5
ffffff43
ffffece0
ffffe9b0
ffffe982
ffffeae8
fffff66c
0000039c
00000794
ffffeea7
fffff27a
fffff623
00000300
fffff46c
ffffeee8
fffffbac
fffff220
fffffe3f
ffffe99e
fffffecb
fffff995
fffff547
fffffc27
fffff87b
0000050d
00000757
000004b0
ffffee40
0000068c
fffff71d
000001fa
fffff574
fffffe6c
ffffec6c
0000094b
000007e6
00000927
ffffec79
fffffded
00000207
fffff8fa
ffffef41
fffff9ab
fffff1e1
fffffd8b
fffff896
fffffa48
ffffea06
ffffed83
fffffce9
ffffe7d3
fffffd0b
000006bd
00000a88
000006e5
00000777
000008a4
ffffff5a
00000039
000008f2
fffff64e
fffff8e8
fffff0f0
000005e9
00000616
ffffffff
000005b5
fffffb06
000005cd
fffff46b
ffffefa6
ffffef78
fffffcc7
000008bb
0000010a
00000df5
ffffef0c
fffffdb7
fffffad4
fffff0b6
fffffaa3
000008e0
fffff77c
fffff0e1
fffffc78
ffffecb0
fffff62a
000008f8
fffff3bb
fffff240
fffffef2
fffff927
00000733
ffffff4b
0000009a
fffffd79
0000112e
fffff12b
ffffecf7
fffffa35
000000a0
ffffe79d
00000959
fffffa9e
fffff1ad
00000591
fffffebd
00000161
00000608
fffffe78
fffff8fa
00000591
fffff907
00000c12
fffff919
fffffdd2
fffffa9b
ffffef7e
0000080e
fffff128
fffffd0e
fffff366
fffff444
ffffef41
fffffbcc
ffffea8b
0000058a
ffffffeb
fffffac0
0000097c
000000f9
ffffe913
fffff12e
00000539
00000ea7
fffff31e
fffff4a2
fffffa48
ffffeb07
00000c37
ffffe7e1
ffffe9ba
0000025a
ffffff2d
fffff03f
fffffc67
fffff8ef
fffffab3
fffffbe9
fffffd81
ffffee63
ffffe96d
00000c49
fffff910
000011be
00000411
fffffd98
fffffb4e
fffffaac
fffff06b
000000dd
ffffe514
fffff7e9
fffff399
ffffe77a
ffffffea
fffffb73
fffffc17
fffff8f7
fffff55a
ffffeae7
000003c2
fffffda3
ffffde68
00000087
ffffede0
ffffedea
ffffdb69
ffffe8f0
ffffdc9d
fffffee2
ffffe84f
fffff490
fffff926
00000587
fffffe03
00000c84
00001b05
fffffb62
ffffffce
fffff293
fffff1ca
ffffeb92
00001093
fffffb37
ffffe296
fffffec0
fffff26a
00000114
fffff20f
fffff27d
fffff65f
000004ef
000004f6
00000246
ffffe9ac
fffff8f0
fffff729
0000008f
00000ebd
00000752
fffff638
ffffe063
fffff829
fffff8f2
fffff74c
fffff61e
ffffe5a6
000004c0
0000060f
fffffd6f
00000b6f
fffff03d
fffffd40
ffffe765
ffffe28b
fffffe31
fffff1fc
ffffebf3
ffffefc4
000009f8
fffffa72
fffff86e
fffff9d9
00000be4
000008cc
ffffff75
fffff945
00000324
fffff9f9
000002b6
ffffecf9
ffffff1d
ffffe17c
fffff9c3
ffffea3d
fffff1bb
00000cf7
fffff053
000003bd
0000060d
000010bd
00000a18
ffffde8e
fffff183
ffffe3d0
ffffe913
000001d7
ffffea3c
ffffe8b1
fffff5ce
fffff65a
fffff9d2
0000026a
000009f4
ffffe985
ffffdfc9
ffffee91
0000011e
ffffe1b4
ffffe8fe
fffffa86
ffffe59c
fffff1c6
ffffecee
ffffe6cf
ffffea60
ffffeb4f
ffffef44
ffffee0a
0000062c
fffff864
fffff51d
fffff4e3
fffffedc
fffff293
00000731
fffff2c3
ffffee23
00000969
fffffb52
fffffb0a
ffffe565
000005f2
ffffe38b
fffffb5a
ffffe773
fffff362
fffff379
fffff5a4
ffffea0b
fffff8a8
0000012f
000006ca
ffffed4d
fffff874
fffffc0c
ffffe483
fffff5c2
fffffd10
ffffee7f
ffffed5b
ffffe423
000005c3
fffffd01
ffffebb8
0000010c
00000302
fffff17c
fffffb95
fffff344
ffffeeae
ffffec85
ffffeaa1
000006d2
fffffd53
fffff556
fffffd5b
0000064c
fffffab1
ffffec13
00000768
00000b22
ffffe525
000004b2
ffffe1e1
fffff1b5
fffffc53
ffffed93
00001096
ffffead1
00000625
fffff9bd
0000063c
ffffedbb
fffffc1c
000009e7
ffffef2a
00000e98
ffffeefa
ffffede8
fffff0b9
ffffee5b
fffff391
ffffec16
fffff000
00001215
fffff9ce
fffffbb1
ffffeba3
ffffedeb
0000059e
ffffe9b7
fffff2e6
ffffec6a
ffffec8e
fffff637
fffff408
000010ec
000006a5
fffff981
ffffe80e
00000329
fffff4ff
fffff7a7
000010e9
fffffecb
fffff349
00000039
ffffed16
00000516
fffff13d
ffffe906
fffffb58
fffff1a0
000000cb
fffff201
fffffeb8
00000c94
fffffe81
00000025
fffff8f1
ffffe6bd
fffff257
fffffb29
fffff498
fffffcfc
ffffff16
fffff53a
ffffed43
fffff3f7
ffffe8b2
ffffe4d9
ffffeedc
00001048
000008cf
ffffff62
000007f9
000007e2
000007f4
ffffeee4
fffff24a
000002a7
ffffff25
fffff66f
00000184
fffffc33
fffff91a
fffffda9
00000bc5
fffff916
fffffb91
ffffe10b
ffffec27
fffff848
ffffe573
fffffa71
ffffff02
fffff2e9
ffff880f
ffffddcd
fffff199
ffffd1e7
ffff935f
ffffe54c
00002d3d
ffffa937
00005893
ffff8bc0
ffffca9e
000039bc
ffffb9f8
ffffe9c5
000056e7
ffffd63e
00000196
000014c9
fffefe8d
fffff544
ffff9ab7
ffffbbeb
ffffa16a
ffff680b
ffff3ff5
ffffad9a
00001a03
ffff857f
ffffc73f
00002759
ffff71be
ffff6fea
ffffdb65
ffffcaca
ffffbbf9
ffffc9ea
fffff403
00002f01
00001b4e
ffffca56
000021cb
0000562d
ffffea7e
0000214c
fffff647
ffffff78
fffffdcf
ffffdc4d
00000dc9
ffffa45c
ffff9f27
000063de
ffff9970
ffffb6fe
ffffb75c
ffff730c
0000005d
ffffa233
ffff8691
ffff5369
00000729
fffee130
ffffeabc
ffffca3f
ffffc8da
ffffaf94
ffff818b
ffff24b3
00004d64
ffff5f42
ffff8b83
ffff6283
ffffe74b
00000d41
ffff29c4
00004ef9
000004e6
00000d7e
00004024
ffffcba2
ffffa4c9
ffffe2d6
ffffcb0b
ffffb102
00006873
ffffb06c
ffff7df5
ffff9a80
ffffc2fd
ffffdcd8
ffff4bf7
00003974
000032e8
ffffcc06
ffffdebf
fffff323
000011ea
ffff2b21
ffffbd21
fffff486
ffffd0f8
ffff1c3a
0000072f
00000c87
ffff6470
ffff5c0d
ffff9745
ffff9b08
ffffc04d
00000fef
ffff4ada
ffff4be6
0000271b
ffffbda1
ffffad5a
ffff8c87
ffff3202
ffff9b9a
000033bf
00000933
ffffc831
ffff1f40
00001bd0
ffff91db
000087ec
ffffd045
ffff33fd
ffffbdd9
ffffc5bb
ffff2e8f
00000212
ffffdac3
ffff766a
ffff46b7
00000885
ffff5b2d
fffed15c
ffffe6ee
ffff9083
fffef75c
fffff6b2
ffffbf33
ffffba17
ffff21bb
ffffe53a
ffffb40a
000032e8
ffffcda8
00001fc1
ffff8af1
ffff981c
ffff7ed5
00005fdd
fffff166
ffffc397
ffffe6c5
fffffea9
ffffca1b
ffffefbc
ffffc158
ffffcd08
ffffec8b
fffe48bb
000049de
ffff6c28
ffffe482
ffffa927
fffef894
ffffb2bf
ffffd7aa
ffff1cd4
ffff4c4d
ffff40ec
ffffdda0
ffff6189
ffff7bde
fffed631
ffffa3ab
ffff9386
ffffa3ba
00002ce6
000061c5
ffff812b
ffffb42a
ffff4186
00001aa5
ffffecc9
00003e03
ffff82c6
ffffac96
ffff3da7
ffffd14d
ffff8b48
ffffc6b9
fffef7d0
ffff6865
000040a4
ffffad73
00002f73
ffff251e
ffff9893
ffffe0b1
fffec04f
fffed95d
fffe7ac9
ffffe139
ffffd446
fffff65c
00002f23
ffff4a4d
ffffb885
ffff9e02
000005e1
ffffa436
00000724
ffffdcc6
ffff5092
ffff718c
ffff9964
ffff8014
ffff28a0
00000433
00003c08
ffffc9da
ffff80e3
ffffc925
ffffbdba
ffffbc08
ffff5d49
ffff98f0
ffffc4fe
ffff2f1d
fffff255
00006f05
ffffb78a
0000084c
ffff580c
ffffcaa6
ffffb977
ffffdc79
ffffbf49
ffff6670
00000fd1
ffff8ac1
00001ed3
000043a5
ffff9e6d
00003c45
ffff702f
ffffadc7
ffffea21
ffffb7d5
fffebb94
ffff9056
fffee497
ffffc0f8
ffff69b1
ffff5f1e
ffff9f9f
0000d44d
ffffcd4e
ffffeea1
fffffe78
ffff2656
fffff17e
ffff1d2c
00005f22
fffecc03
ffff53c5
ffffeb84
00004f42
ffff7d0b
ffffff43
fffff5eb
ffff4b28
fffffa4e
ffffab0a
fffffc72
00004cbe
fffea7f2
ffff9256
ffff8519
ffffe52c
ffffea50
ffff8c65
00004c3b
00009e25
ffffc77c
ffff70c2
ffffe7c0
0000ace2
ffff9665
ffff685e
ffff8e48
ffff34ee
ffff7e35
0000680c
ffffa0f1
fffff970
00004cb1
000035c9
ffff6579
ffff6cb2
ffffed38
ffff9bda
000017ec
fffff4c3
000037d3
ffff641c
00000d04
ffff9cbf
fffe815b
ffff5611
ffffdc11
ffffd695
ffffe542
00000ef7
ffff17bf
ffffd8c8
ffff3a35
00009332
ffff2b13
ffffb34f
ffffdfb1
00000424
ffff6896
ffff5ef7
ffff8dd2
fffe31d9
ffff9613
ffffcf4c
ffff37c1
0000cb75
00000556
fffff4d1
000099e4
ffffc198
ffffdf4c
fffffd52
00013989
00005d04
ffff62ca
ffff5746
ffff523b
ffff62ee
fffff80f
ffff1809
00004bf2
ffff59db
ffffba00
00003769
fffffb4b
fffffb6f
00007788
fffe1904
ffff926c
ffff323f
00006425
0000343a
ffff65d1
ffffca42
ffffb20a
ffff905c
ffff09ca
00000658
ffff9c9e
00004496
ffffeaa8
ffffbfcb
ffff7a46
000018ee
fffed555
ffff2317
00000a7b
ffffbedc
ffff513c
ffff8af5
ffff20dd
00003ab4
ffffcaa1
0000838e
ffff4f51
0000591e
00002fff
000044d1
fffe8a50
ffffe6fa
ffffc6c1
ffff4b61
ffff23af
ffffd668
000018db
fffff685
0000957d
00001b1b
fffed220
0000307d
ffffac0e
fffffc74
ffffd5ba
ffffc542
000031b6
00002f2a
00003c7f
ffffd146
00009d50
ffff186f
00001bae
ffffa881
ffffb84c
ffff4ce0
fffe68ff
ffffe4dd
ffffb93b
000008e4
ffff85ae
000000c2
fffffd8f
0000bb81
ffffb504
ffffd318
ffffe869
ffff634c
ffff2b81
ffff0743
0000210b
000010d5
00003193
ffff6fa7
ffff87de
000087bc
00001e78
00009258
0000077f
000027e9
fffe961d
00002605
ffff8a1e
ffff8a84
ffff5221
0000c102
fffff059
ffffc41c
00003196
ffff7f33
00002722
ffff6196
00005c80
ffff8af3
00004029
00001af4
ffff5e6e
000035b6
ffff9b9f
ffff163e
ffff9f1b
ffffebc6
00017d44
ffffabf5
fffeb498
fffefaf3
fffef447
00000cff
ffffe817
fffec017
ffff8480
ffff8f11
000043d5
ffff9aab
00004a97
ffffef67
fffff075
ffffd0c9
000052b3
ffffe415
ffff80ff
00004d8b
ffffe9ac
ffffb875
ffff8e67
ffffd84a
fffecfc3
fffdc9d0
ffff0993
ffffdc92
ffff982b
0000a235
ffffe803
ffff3ab0
ffffa7a6
ffffea78
00007345
ffff2a7b
ffff3884
00001fd8
ffff8941
fffee465
ffffcbdf
ffffb6a0
fffec5ea
ffff5712
000007ff
0000024e
000048e0
00004ee2
000009e9
00002c8a
ffff4263
ffffa183
ffff0fb8
fffea7c3
ffffa890
fffff88c
ffffec46
000009df
000003b4
fffffb81
fffffdbc
fffffe36
ffffefe1
00000c79
00000c4e
fffff6c4
fffff9c7
fffff25d
fffff1d8
00000a46
00000700
ffffffcc
fffffdb6
fffffa4f
00000bab
ffffee38
fffffe60
ffffff7f
00000230
fffff18a
000002ed
00000da1
fffffae6
ffffee30
fffff1ac
00000029
fffff742
fffff2b1
0000063c
ffffee1e
00000b16
fffff9be
000000b2
fffffd7b
0000039e
00000c23
0000046e
00000c2e
fffff025
ffffff5b
fffffdfe
fffff0b6
fffff710
000003e9
fffffb54
0000049f
ffffeb2f
00000a8b
fffff861
00000984
ffffebad
fffff80c
0000015f
ffffedc5
fffff311
000001d4
fffffa7f
fffff705
fffff56d
00000826
0000084c
00000b44
ffffece1
000002ae
fffff38f
00000258
fffff694
fffff783
00000208
00000396
00000031
fffff2e2
00000ca3
ffffee96
fffff797
00000535
00000533
fffffd99
00000874
fffff38f
fffff994
fffff958
fffff98c
fffff512
fffff572
000005c5
fffff7aa
fffff741
fffff14c
fffff9da
fffff133
fffff747
ffffff1c
fffff836
00000888
fffff5a8
fffff69c
000001ba
00000a6d
0000048d
ffffdea9
ffffeed9
ffffe7ef
000007ad
fffff3c7
ffffef3f
000001c6
fffffcb9
0000016d
00000d7d
fffff812
fffff5c9
00000d73
fffff007
00000521
fffffe27
fffff359
00000b05
ffffff1b
000008a2
0000082c
fffffd7d
00000402
ffffe219
ffffebaa
fffff03c
fffff056
00000d3d
fffff67c
00000393
ffffee3f
ffffeadd
000002ea
fffffe65
000002dc
fffff5bd
fffffd5d
0000091c
fffff3ae
fffffa84
fffff66f
0000018c
fffff121
fffffcf2
fffff687
fffffbdc
0000010d
fffff788
0000019b
fffff95b
fffff973
ffffeda8
fffff894
fffff754
ffffffdd
fffffd9c
fffffbc6
fffff001
fffff900
fffff900
00000091
00000387
0000091a
fffff681
ffffefab
00000096
0000069d
000002af
00000837
fffff9f1
00000290
00000296
00000772
0000045a
000011b4
fffff82c
ffffec15
fffff91e
00000110
00000375
00000338
fffff062
00000131
00000caa
fffff5e9
fffff03b
fffffca4
0000077c
fffffc21
fffff592
fffff63d
fffffc83
fffffdd4
fffff098
00000455
00000baa
fffff4f7
fffffc51
ffffffd8
fffff4c5
fffff634
00000192
000001a9
fffff372
00000bbe
fffff669
fffff79a
fffffe2c
000002bc
fffff67b
fffffd01
00000b59
fffff2a7
fffffdd6
000001b4
fffffb5e
00000c2b
fffff78b
000008ac
fffffa11
fffff34e
00000900
ffffef72
fffff537
fffff942
000008de
0000016b
fffff57d
fffff4a7
fffffe70
00000c56
fffff13a
fffffa55
00000caa
fffff4d3
00000c95
ffffef26
fffff917
00000906
fffff966
00000b3b
ffffee5d
ffffffd2
fffff80e
00000777
ffffff1f
ffffef8e
ffffff3b
00000973
00000ba0
0000012d
00000079
ffffad43
ffffd6f3
ffffcf5c
000072bb
ffffa203
ffff9246
00006df1
00002ebf
00003a4d
fffff245
ffffa727
ffffeffe
fffff875
fffff122
ffffbbe1
00000de6
ffffa338
00005d96
ffffa161
00002307
00000e29
ffffced9
00002b2f
00003470
00003c43
ffff90dc
ffff8c1c
ffff7bf0
ffffe6b7
00003652
ffffafde
ffff7262
ffffea69
ffff533e
ffffeede
ffffec3f
ffff88de
ffffd7e3
000001b1
000012a8
0000443e
00000c27
ffff5183
ffff9607
ffffdcf8
ffffcd8e
ffffc346
ffffa46f
ffffba9c
ffff698f
00005481
00001b36
fffff9c9
00003211
ffffe636
ffff9888
00000acb
ffffd5d0
00001103
ffffec71
fffff6c3
00002ab1
fffffcc5
0000103d
000050df
00006cba
00002d33
00000777
00000113
ffff78ba
00000163
fffff143
00002345
ffff6d69
0000291b
ffff91d6
fffff8c2
ffffd884
ffffa5c5
00007575
ffffb970
00000016
ffffdc94
000062cf
00002eef
ffffbf61
00008445
ffffd08d
ffffebd0
ffff9504
ffffd1f9
000038ba
ffffc5dd
fffff0aa
fffff540
fffffecf
ffffe23f
ffffe7b2
000019e1
00001ada
0000558d
ffff75d7
00002f5d
0000a86c
00001744
0000062e
00002614
0000689c
ffffd745
ffffd41c
ffff9233
ffffa0fe
ffff8225
ffffdb55
00006330
000019fe
00006e2a
ffffd05e
ffffe1d6
0000357d
0000245e
fffff4bc
fffff441
ffff9047
ffffec37
ffff978a
ffff3341
ffffe62f
ffffe140
000028bf
ffffa954
00000e20
00001f29
00000b85
ffff8c1c
ffffc2f7
ffff780c
fffffe9a
fffff146
fffffc7a
0000455c
ffffb931
000012bb
ffff3e86
fffff8c9
ffffea18
ffff8e99
00002b10
00000d51
ffffb042
fffff36e
0000183e
ffffe39e
0000383b
00000821
00001df4
ffff5048
00000e35
00007938
0000432b
ffff618a
ffffbfe1
ffffe92b
ffffee56
0000490f
000004d0
ffff8c52
fffff021
00000025
00004d1c
000033c3
00001b8b
ffffc23a
00000be3
0000003b
ffff66a6
ffffd077
00003c3e
ffffdd7d
00002b46
ffffad8b
0000220b
ffffc835
000066a6
ffffdcdb
ffffaa98
ffffbe95
00001107
000021b4
ffffb506
00001a06
00000fcc
ffffd424
fffee08a
ffffada2
ffffaa27
ffffa8ed
ffffce4d
00005b92
ffff72dd
0000655a
00000da7
fffff6fb
00000e16
00001d6e
ffff850f
ffffd159
ffffe02e
fffff071
0000491b
ffffce6d
0000399e
00008d29
00000148
00005301
00000c43
ffff929e
ffff37e2
0000415e
ffffa3c8
ffffd999
00001505
ffff7dc8
ffffcc1a
ffff7780
ffffebb9
ffffb3bb
000012a1
fffff8f4
00002e8a
00006000
000032c2
ffff8c78
00003e64
ffffd26a
ffff8045
00000082
00001530
00000d87
00003fe8
ffffd017
0000193c
000004b9
ffff8194
ffffbca5
ffff7a04
ffff638c
ffff697c
ffffb06b
ffffed6d
00000e97
fffff44d
00001297
0000383d
ffff936c
00000aaa
fffeeec3
ffffb177
fffd2114
0000c9bd
00014c4f
00004d5d
0000300a
fffdd574
ffffc432
00004637
000027e4
0000c86b
fffff580
00000fb3
ffff6d9c
00000e49
0000314b
fffd7954
000086d2
ffffa352
00002b09
fffebb34
ffffea06
00005246
ffffdbd4
ffff5de3
ffffa8bb
00000d73
000014a7
ffff8ca4
ffff9007
ffffb81c
ffff0648
ffff8795
ffff662d
ffffd29a
00005c12
fffeac6b
ffff6585
ffffcd75
00001303
fffff4f8
00000bb1
ffffc0b7
00003a12
ffff50c3
000073ab
00005e16
fffde6dc
0000152d
ffffca2d
ffffd490
fffdcf9f
ffff4e8a
ffffcbb5
00006cd8
ffffa6f8
00002dfa
00003cb4
0000217d
ffff8996
00001559
000066db
ffff432a
000048d0
ffff297b
ffff803c
00000a0f
000026d7
fffeb4a1
ffffc7fe
0000193e
ffffea0f
fffea7eb
ffffcd2e
ffff9540
fffffbf8
000009a2
fffee3a1
00009c28
0000a716
00001f18
0000a4e3
fffe7ed1
fffe4d27
fffda901
000039e2
000009b4
000025f1
fffff592
ffff6253
00000dee
ffffc8f8
fffe3958
0000095f
00002923
fffff704
00000dac
00006372
00001249
fffe7e95
ffff0021
ffff8705
00008b98
ffffe54d
00003928
ffffa0e1
ffff988e
ffff0f2e
ffffd4ba
ffffe9cb
0000f65c
0000cc8f
fffee36a
00001065
0000c66b
ffff480a
00005085
ffff67cd
fffff9d7
ffffddd6
00004089
ffffe197
ffffb7fe
000007d0
fffcf42a
ffff4a13
ffff0502
ffff5e4a
ffff46ad
ffff8da8
ffffa5a9
00007235
000088e9
00005c20
00007bab
0000046b
ffffe9b6
fffff4bc
ffffec2a
ffffe3d2
00007aed
fffe1005
fffef2e3
ffff7785
ffffb722
00002f70
ffffa651
fffff973
000034c5
fffd411d
ffff78fe
00000049
0000026d
fffffa8b
0000beea
00003f4c
00000413
ffff95ff
ffffc938
0000ca5a
00001b15
00011516
000065d3
ffffd5e2
ffff9231
ffff8216
ffffda19
00002eb6
ffff3b6f
ffff9bac
ffffff59
fffeac96
ffffb366
ffffeb99
00017045
fffe92e7
00003ab6
ffffa5ff
ffff6777
000055c7
0000109f
0000f1ad
00000372
fffcf4b3
fffc9bd2
0000298c
ffffdd96
ffffb256
fffec92f
0000041b
00001e0b
00003ca1
ffff0945
0000c13e
fffff517
ffffa7fb
fffd0417
00009ecb
fffe012b
00005d34
ffff6539
ffffe631
ffffa7d6
ffffd31f
0000750f
fffeca62
ffffbd2c
ffffd6d6
ffffbcfa
00006440
0000a18e
00006ccb
000040bc
0001cc10
00000285
000028fd
00000267
000045e8
ffff3233
00000d95
0000af95
fffdd738
0000b170
ffffed61
00005348
00006110
ffff6f90
ffffe138
ffffbb84
fffffc39
fffff911
ffff9ac8
ffff3e35
00001a1a
000096d7
00004dba
fffe6712
fffff26a
0000c86a
ffffee84
ffffbaca
00003cc9
00006269
ffff93db
ffffa865
ffffca34
fffee42e
00001734
ffff01c7
000059cf
00005bce
ffffd6c4
ffff9142
ffff6e56
00000800
ffffec09
fffff0ce
fffffb35
00000f98
fffff56b
ffffee71
fffff327
fffff44e
00000872
fffff855
fffffede
ffffea27
00000338
0000010c
fffffef7
00000aba
fffff933
fffff7c1
fffffccd
fffff36a
00000a10
fffffd98
00000656
fffff152
fffff7e1
fffffd66
00001074
fffffac4
00000452
00000a56
ffffe2b4
fffff60d
ffffed08
fffff4c0
ffffff0b
fffff9cc
fffff8a8
fffffa52
ffffed0b
fffff7f6
ffffff1a
ffffff98
fffff7b0
000002e5
fffff0cd
0000034a
fffff651
ffffffbc
fffff6b3
fffff558
fffff39d
00000916
fffff4d3
00001038
fffff125
000007c0
000000c3
ffffeb6a
000008b0
00000ec8
fffff18d
fffff6c0
fffff9d6
fffff007
fffffdac
fffff823
00000723
ffffeec6
00000899
fffff6ce
ffffeeca
fffff12b
fffffd53
00000f2a
00000026
0000061f
00000628
ffffebd4
fffff9dd
00000227
fffffe49
ffffef7b
fffff862
000009c3
fffff9c3
fffffa31
00000236
fffff7e9
fffff5f2
ffffee9f
0000072b
ffffebca
000000a5
000002d1
fffff81e
00000a62
000004d7
fffff631
0000017d
ffffeeac
00000829
ffffed33
ffffede4
000011ea
ffffeecd
0000086e
fffffa3a
fffff948
fffff54a
00000e43
ffffee0d
fffffe4d
0000023b
fffff9b2
0000013f
000001c4
ffffec8b
fffffcd3
0000015e
000000a6
fffff603
ffffeda0
ffffedf1
fffffc32
fffff3ea
fffffca8
ffffed5e
ffffef99
0000072c
ffffeb94
fffffa7f
fffff0ac
fffff4ab
fffff3e8
ffffece8
fffff3bd
fffff4de
00000d1f
fffffa82
00000635
00000bbd
00000944
ffffeec1
000002fa
000005c4
ffffef1f
00000ae2
fffffbf9
fffff46a
ffffee20
0000086a
ffffe9c2
000001d2
fffff433
00000465
fffff4d5
fffff3d6
000001f4
00000b56
fffff3bb
00000589
fffffce0
ffffebf6
0000005e
00000355
fffff412
0000033c
00000445
0000082f
ffffee81
fffffc38
fffff7bf
fffff10f
fffff780
fffff5d5
000007d7
fffff65b
000004f4
ffffff88
fffff854
000008dd
fffffaee
fffffa1a
00000e58
000004be
fffffd20
fffff686
000000b9
00000318
000002c9
fffff31b
00000755
fffff935
fffff46f
fffff618
fffffd43
00000a19
ffffeb9e
000004ab
fffffeed
fffff793
fffffdc4
0000006f
00000b39
00000771
00000bdf
fffffb00
fffffe00
ffffee54
fffff3a7
000003cb
fffff940
000000b5
fffff056
fffff84d
fffff7a9
00000469
0000038a
ffffed21
000001c7
fffff5a7
000005a4
fffff5b0
ffffe769
fffff63d
00000134
ffffff99
fffff7a5
0000031b
fffff161
00000044
ffffef7f
0000005f
fffff08d
fffff138
000004d6
ffffffd4
fffffcec
fffff518
fffff33f
ffffecbb
00000823
ffffee4c
fffff652
fffffe65
00000507
fffff232
fffff166
000001f9
00000a5d
00000461
fffffa12
00000359
000000fe
fffffa3e
ffffe15d
ffffdfc7
ffffff4a
ffffe763
0000006b
fffffdb0
fffff2f0
fffff9b2
fffffe22
0000006f
000000b4
fffff890
0000018c
ffffee59
fffff61b
fffff615
00000703
ffffff4a
fffff4c4
fffff0ce
fffffb6c
fffffa26
fffff2e0
000007c0
ffffe7ea
fffff77f
00000d0e
00000253
ffffffe1
fffff1b0
00000cab
ffffefd5
fffff7e7
0000108d
fffff4e8
ffffeae3
fffffbea
fffff2c4
fffff530
fffffcd6
fffffb66
fffff2f7
fffff38e
fffffcc5
fffff628
00000dae
ffffe545
ffffff87
fffff1f4
fffff885
00000aef
fffffae8
ffffee63
fffffe01
fffffdf3
ffffefbb
00001444
fffff601
ffffed87
ffffec72
00000723
00000639
0000102c
ffffec77
0000086d
fffffa58
000006af
000002c6
ffffeb96
00000acf
fffff220
00000268
ffffeeaa
fffff067
00000575
000001c1
00000d3a
000005fe
00000359
00000094
fffff739
fffff30d
00000486
fffff908
000006b8
fffffd0d
ffffe8c3
fffffc0f
fffff5f2
ffffefce
00000275
00000529
ffffeb8b
fffff2d7
fffffb0d
fffff424
fffff8af
fffff5fd
fffff6a1
fffff291
00001011
ffffe3e9
fffffe4a
fffff4ce
00000714
ffffece9
0000061c
ffffea17
fffff5a4
000009cf
fffffb8e
fffff4e5
fffff767
fffff142
ffffee44
fffff6a1
fffffdc9
ffffffd4
00000bd7
fffffa08
ffffea8d
fffff4cc
0000060b
ffffec2e
ffffeb90
fffff0ba
fffff9d0
0000008f
00000327
00000131
fffff4c5
fffffe16
fffffb80
fffff635
000012cc
ffffea5b
ffffe8e0
fffff813
ffffe261
00000f65
fffffe09
fffff540
ffffe8d6
fffff7f7
ffffea99
fffff5f2
00000078
fffff326
fffff0b2
00001012
fffffb21
00000485
0000054c
000001e7
fffff327
00000371
fffffc4e
fffff4aa
00000428
ffffe36b
000008e1
000001ca
ffffff13
ffffedfa
ffffe4ba
000002f2
fffff9bb
ffffd8c5
00000b14
ffffefe7
fffffe48
fffffde8
ffffe84a
0000078f
fffff558
fffff93e
fffff4f6
000006ab
fffff70c
fffffb31
fffff27e
fffff107
fffff731
fffff60f
ffffeeab
00000110
fffff895
ffffe7b8
fffff113
ffffed53
00000ee7
00001e17
ffffeaf3
ffffe2fa
fffff339
ffffe475
fffffb8d
00000008
ffffe16b
fffff6e4
00000ba9
00001818
0000130a
fffff941
ffffec77
00000b8d
ffffff7d
fffff78b
00001120
ffffff42
fffff586
000005cf
fffff050
000012f3
ffffeced
fffffee1
ffffeb42
ffffe039
fffff9cf
fffffb30
0000017a
000008bb
0000059e
ffffeadf
0000051e
fffff9c0
fffffc67
fffff3e3
000007ba
fffff65c
ffffffc8
ffffe722
000001fa
000003b4
fffffdfb
00000467
fffff55e
ffffff0c
ffffe3aa
ffffec08
fffffb71
fffff5fd
fffff2fd
ffffee48
fffff15d
000001fc
fffff503
fffff49a
fffff33a
ffffe1a6
fffffc92
fffff25e
fffffb09
fffff5a5
fffff079
00000027
00005fc5
000031d9
ffff1827
ffffb9af
ffff94a2
0000126f
fffecb2d
ffffbad4
fffff885
ffff59e2
ffff2114
0000b83d
ffff7b9a
00006c15
00004b27
ffffa66e
0000076f
00002adc
ffff7588
ffffface
000039ee
ffff47fe
0000b0d0
0000609e
00003708
0000085f
fffeeab2
ffff2fba
00006791
00002c9b
000005e0
000055e2
ffff9808
ffff93c5
ffffb107
0000bef2
ffffb394
fffef935
0000810b
000051be
ffffc9d2
ffff4b09
fffff320
fffedc16
fffea850
ffff8fec
ffffaa15
ffff52a5
ffff135c
fffeef4f
ffff9108
ffff8200
ffffd27a
00002986
ffffe882
00004144
000005f1
fffff27d
fffea2f6
ffff7953
fffff6d1
00000048
0000b747
ffffb658
ffff7a75
ffff31cd
ffffad3a
ffffdb14
ffffe97e
fffff3e6
ffff2e2e
00002611
00012b40
000027f2
fffefdd4
00006bd3
ffffac38
000008ce
fffffb2a
ffff8219
ffff7a53
00008f91
ffff67d6
00005c08
fffff191
ffffd640
ffff3b0a
00001260
00008215
00008551
ffff7a1b
ffff2df7
ffffc962
000092e4
ffff3511
00000b25
ffffef06
ffff722b
00000fb5
000059fc
00004ad4
fffff879
fffd2788
00002bd0
ffff3cdc
fffff93a
ffff2008
ffff9d5b
000002e4
00005a4d
ffff8968
0000a960
ffffddd4
ffff2da0
ffffe068
ffff4060
ffff7037
000051a4
ffffd1d3
00003ec2
00001e7c
00003089
ffff7e10
ffff910d
00003d44
00001c1f
ffffa797
ffff3fc2
00004ef8
00000373
fffebef2
ffff9393
ffffced2
fffff146
fffe64a1
ffffbb7f
fffee55f
00008179
fffe5e76
ffffab38
0000190a
ffff0270
ffff4a8c
ffffa3ee
fffed847
fffe8b50
ffffec3d
fffef8d1
ffff11c4
00003f39
ffff4544
000075c9
000012be
ffffbe2f
0000209a
fffee858
ffffdd99
ffff8edc
fffff289
ffffc8fe
00005323
00000ed8
fffffdcf
ffff4a80
fffeca51
ffff92d4
fffffb26
ffffe6d9
0000688f
fffffdf8
00007359
0000745e
ffff9e95
ffff7575
00000029
000033e1
ffffc9d1
ffffc30e
00001141
00002376
ffff67cf
000031e7
ffff5713
00000dd0
ffff9b26
00006385
ffff65fe
000003dc
00005ca9
ffffa9e1
fffea2a4
00008f8b
00001f85
fffe8913
ffffe172
ffff83f5
00001880
ffffae94
fffe091c
00004436
ffffca31
ffff7a3a
ffff2166
ffffe1d8
00002da6
ffffe084
ffffb146
ffff924a
ffffbbfe
00005203
ffff4d84
ffff3f9c
fffffa5e
ffffdd61
00000b10
00001b2d
00000fe5
ffffb36a
00000f41
ffff821d
fffed050
ffff1131
00002b48
ffff3218
ffff7f55
00000655
fffecc62
0000ef4e
00003616
ffffe8bf
00003fb7
00008f1a
ffffcf77
ffff25b0
fffeefd3
00002bf6
000005c1
fffeb9a5
fffe791d
ffff90f3
00010c36
fffe79d3
ffffe3ab
ffff03dc
000009ea
ffff358d
ffff0443
ffff64ed
ffffa5d7
ffffb050
ffff5695
ffffd40a
ffff040d
ffffa622
ffff3b80
ffffe840
fffff52f
ffffdf8c
00004694
ffffe4c3
00002dd5
ffffdb81
ffff801b
ffff69d6
fffff4b5
00004e98
ffff73f4
00000576
000039ea
00001ee6
ffffe8a1
ffff7007
000000a8
ffff9ba3
fffef901
ffff14e7
ffffb139
ffffed5c
ffffe163
ffff295b
ffff94b3
ffff0d39
ffffbf55
ffffd576
ffff8a0e
00000bda
ffffd30a
fffe7950
ffff579c
00003085
00009746
ffffafe8
ffffce47
ffffcc48
ffff30f5
00001541
ffffc9ea
00001160
00001811
ffffa48e
fffea5c1
00002324
000004a9
0000658c
ffff98b5
000040b8
ffffbb2a
fffffa47
000014cc
00004668
fffe4581
ffff9ed1
fffff79e
ffffae9e
fffffb64
fffe7769
fffff3bf
000029eb
ffff8852
00008069
ffffa4b2
ffffcdf4
00004f4a
ffffe017
00000931
fffee306
ffffedd8
ffffa267
ffffd2dc
ffffb881
0000707c
ffff919f
ffff7b25
00000639
ffff9e5e
ffffbe6d
000037a7
00003c62
ffffeb46
fffff933
ffffbb9b
0000122a
ffffff90
000030fa
ffffbe86
ffffdbda
ffffe632
ffff9bb8
fffffda7
ffff99a2
00003444
ffffff71
ffffafa4
000032a6
ffff35c0
fffec184
fffff1d1
ffffb663
fffeb5f1
0000257f
fffffa32
ffffedef
ffff9cc6
ffff24cf
ffffa26d
fffff129
ffff8097
00008a03
ffff0530
00002da8
ffffe0f7
00004304
ffff4bd8
ffff48f1
000017a4
00003355
00003f66
000026be
fffe9d76
ffff2a14
ffff6fb9
fffefbf7
ffff91b2
ffff0588
ffff8d19
ffff2525
ffffa261
ffff3606
00002cd2
ffff70b3
fffff0d4
000072ca
00008f1b
ffffd0e4
ffffe2b9
ffff7ff8
ffffc617
ffffd7ed
ffff1963
00000b82
0000a1a6
00003d99
fffee78a
ffffb337
fffffdf1
0000c9a4
ffff44e3
000032f0
00004514
fffdee80
ffff968d
ffff9165
00006f9c
000012ca
0000063d
ffffc97b
fffff3d0
fffff206
ffff9413
00002a60
000035ba
ffff98ed
ffffbdca
ffff994e
ffff1cf6
00001a5b
000085d7
ffff7ac6
ffffaa06
ffff72d9
ffff7275
ffff920e
ffff8d29
ffff350e
00006bc9
ffff8be9
00000b8f
ffff587e
fffe7e5d
ffff7353
ffff5c38
ffff9830
ffffea37
ffffe4b0
000053d6
ffffa937
ffff8780
ffffce46
fffe447a
ffffe6b5
ffff840e
ffffea43
00004203
0000704e
ffff50c7
000032c2
ffffc959
ffffb5d2
ffff8b64
fffedf2a
ffffab62
000037db
fffffdab
00001d15
0000415a
0000141c
ffffd683
ffff6a8d
ffffb8ae
ffffd520
fffff4d8
ffff7375
ffff120d
00002774
000041e6
fffe9116
ffff7247
ffff9ac0
ffffc2db
ffff9b53
00005345
000001ac
ffff3c60
fffeaf46
ffffda8c
fffffc65
ffffc199
000071e5
ffffd4f0
000046df
00006738
00000129
ffff6f1d
00003ab8
00004c81
ffff7f10
000056e9
ffffc9c7
00001136
ffff59e7
00009dd3
ffff7513
ffffe5af
ffffac0d
ffff5fbe
00005800
ffffea27
fffef31b
0000510d
ffffe3c2
ffff9edf
ffffb107
ffff4926
fffef22b
fffed754
ffffc1d4
00003d92
ffff3c7b
ffff8dc6
ffff8b10
000001aa
fffff6e6
ffffe890
00002c42
ffffbebe
ffffeb7c
00004c1b
000085dc
fffff76b
ffff95bd
ffff1140
ffffda67
ffff78c3
00000776
00002c3d
00000f39
ffffb8e1
000070bb
00002c0e
ffff76ff
0000495d
00004f71
fffff9f5
00005c09
ffff9ce9
0000845a
ffff99d6
00006602
ffffbf57
ffff4170
000066aa
ffffe7a8
000064ef
ffff7be5
00000109
00000edb
ffff52ed
ffffb17f
ffff7012
000081a6
ffff9f99
ffffde87
fffe9e3c
000006fc
fffff2ac
ffffb10f
ffff8417
000032cf
ffff122c
ffffd00e
000008c5
fffef8fa
00000223
ffffcefa
ffffdf62
fffef5b6
000061c3
00000843
ffff8cee
00000727
00003b04
ffff1edd
fffed53f
0000bb75
00006187
ffffa6bf
ffffa4e7
0000020c
ffff8f18
00000d6c
000031b5
00000b78
0000b1c2
ffffc159
ffff7d33
0000124f
00002939
ffff7d11
ffff5e7c
ffff187b
00005165
fffefaaf
fffee22d
ffffd133
ffffa9b7
00005fd7
000026ee
000009d9
0000277d
ffffca82
000080d0
ffffbaad
ffffc19d
ffff4411
ffff78c7
ffff7110
fffff449
ffffe99f
fffff545
ffff95df
00000616
ffffdbe5
ffffd8ad
ffff8f5a
fffffea4
00007c29
ffffde01
ffff793e
ffff68ab
ffffa1d3
fffffa72
ffff96a9
00000fc9
ffffcf8b
ffff4baa
ffff9c1d
000003f8
0000828f
00004585
000030f7
000046a3
00007d26
ffffdba9
ffff7687
ffff76ed
00004a43
ffffa36d
ffff058b
ffff34cf
fffff426
ffffa5fe
ffff9694
00004241
ffffbc3a
ffffe8b2
fffed13c
00000df7
fffe8286
ffff82a8
ffff4ca8
000034d9
ffff42fd
fffffc39
ffff3a60
ffffa406
00000525
fffe76b1
ffffe26d
ffff1e49
fffeee87
00000351
00005813
ffffc60f
fffff030
ffff04d4
ffff25c4
fffee237
ffff9bff
fffeb8ab
ffffb194
00007661
fffff350
ffff4a24
fffffcd9
ffffd707
fffe9df2
ffff348d
00001c7d
ffff9a7b
ffffbdd3
ffff6247
ffff433b
000025ea
00001c61
ffffdee9
ffff032b
ffff6333
ffff06d8
ffffd0b8
0000a8b5
00000a77
00000ecd
fffefdae
00005fab
ffffc511
ffff67a9
ffff9d12
ffff63e2
0000eedb
ffffc989
ffff90f3
000091f8
0000c02e
ffffd6ff
ffff4e75
00006eff
ffff1f47
0000629a
ffff7138
ffff71ae
00000594
000006fa
fffe7df0
00000e2a
fffff850
00001e59
fffff560
0000032c
ffff6d18
0000365a
fffeb867
ffff5155
ffff0553
ffff9edc
ffffd53d
ffff2923
ffffbf52
ffff90cb
00000d69
ffff26e2
00001e1d
fffe5470
ffff6547
0000cd12
fffffbbb
00000bc9
fffe9089
000000fa
00001a6b
ffffd9c8
0000394a
fffff7a6
00002611
00000a18
fffeaba3
ffffe943
ffff8ad1
ffff0537
ffffaa8e
000046b6
000071de
ffff52fa
ffff4fd7
fffebbca
fffff2c6
0000007e
00001c0e
00003be0
ffffd926
000069bb
ffffe119
00001c02
00008210
0000c477
ffffa348
ffff9dd5
0000020c
00003d74
00003d6e
00002f9e
fffdb257
00005839
fffffc9b
ffffde7b
fffffb4a
00005b7d
0000001a
ffffd1a4
00004d73
00001aea
000180da
000018a4
00006b62
0000399f
ffffeded
00000084
00001f77
00004cfb
00006c21
ffffba27
ffffc996
fffef5b1
0000aa9d
00002c67
0000204e
fffff159
ffffeffd
fffe5441
00003d54
0000069d
00002293
00002933
00001fff
ffff69f2
ffff2df9
fffe86b4
ffffe6e8
0000503d
00002867
0000a2ba
00004ecd
00006a28
00000bb0
00002a30
00004e95
000108a4
fffff3ed
ffffd00b
0000241b
fffdad4c
000064a2
00002f82
00010efe
0000533f
fffff040
000081bb
fffef69b
0000182e
00002068
00005c0d
00004c72
ffffeae5
000074c1
00002d79
000051a9
00000aea
00003e35
00006839
ffffc641
00006242
ffff2b4b
ffff9568
00008dd9
00001e76
ffff4a18
00007657
ffffc7f6
ffffff7b
ffffc12a
ffff3a0e
ffffef70
ffffeaeb
00002360
ffffef5d
00006417
00002920
00004ff3
00008510
fffff6cd
ffff8e83
00006b99
00001597
0000233d
00004380
ffffd35e
ffffed53
ffffa91e
0000b75e
00000a67
0000722e
fffea9e3
0000501a
ffff08b4
000000e4
00009120
00003d09
ffffacdd
ffffe0b2
ffffb9b6
ffffe379
ffff75c1
00008b2a
000058ca
00009b15
ffffaab9
00000065
00002ddf
00005656
ffff5193
ffffb032
fffe1f3b
ffffe7a3
fffff205
000018b5
00003a46
00004a5b
ffffdff1
0001b6cc
fffff78a
000006be
ffffd194
fffef715
00001129
fffff393
0000257e
ffffece0
00004ad9
000033e0
fffe78d2
ffff6cf1
0000222a
fffff7e6
0000aee0
ffffed48
0000272e
00006ce0
ffffee6b
00009c87
ffffa670
00001815
00009d45
0000a6f5
00003a47
00005842
ffffcdc3
000059d1
fffcc729
00004f8b
00001ab9
ffffd15e
ffffec70
0000da1a
ffffe8fc
00004a00
00008b15
ffff87b8
fffff651
000015a0
ffff6191
ffffef8b
ffffbabf
ffffe792
ffffe4b7
00001e3b
fffe8568
00006208
fffecb0a
ffffbcc2
00006713
00003055
00003384
00002f95
fffff7d7
ffffaa73
000015a7
0000095c
00002e8b
00002480
ffffee18
00001296
00000a0c
ffffb750
ffffa5eb
00001267
0000dbf9
000146b3
ffff0d46
000002e3
00003f80
00001d1b
00002646
00007236
fffffbcc
0000d84a
ffffc8e2
00002d40
00000b13
ffff6b95
00001768
ffff98df
ffffc2d7
ffffb4ec
000000ee
ffff4354
ffff9212
00003c65
00003901
ffffd7b0
0000627b
00000b31
00002241
0000057f
ffffd13a
000005f2
00001ece
ffffe820
fffface7
ffffe931
00005c6b
fffeb134
00005654
ffffdd16
ffffedf7
fffff9a2
00001ec6
ffff1a87
ffff7d50
fffff6f9
fffe48ce
ffff1a1b
0000f21c
00001118
00000a02
000021d2
00000443
fffff0ec
fffffed7
00000bdc
fffffa54
fffff4d1
0000079d
fffff948
fffff8ee
00000a2d
fffff69d
fffff596
0000069a
00000937
ffffe6d7
fffff019
fffffb83
fffff0c2
00000b60
fffff7ac
00000207
000009f1
fffff6c3
fffff96e
fffff61d
ffffedd4
00000808
ffffedd4
fffffd98
fffffa91
00000ca5
ffffeaae
fffff7ed
fffffa6a
000001fa
fffff097
fffffae0
ffffffb1
fffff964
ffffe218
fffff638
fffff7f9
00000b77
00000102
fffff1f1
fffffffe
fffffc96
fffff5b7
fffff955
fffff6c6
000002df
fffffaef
ffffef84
fffffc31
fffff189
00000aa4
fffff0d8
fffff8dd
ffffee98
000001d4
0000080e
fffff73a
fffffb19
00000169
000002e0
0000081b
ffffeace
0000089f
ffffee73
ffffed96
ffffe66e
fffffd7f
ffffff71
000000ff
fffff2da
fffff6a1
fffffa11
00000f4d
ffffee04
ffffede5
000004df
fffff02d
000002b4
000000b2
fffff003
00000b57
fffff7ef
ffffeca8
0000049f
0000001e
fffffc26
00000697
ffffee89
ffffeeb4
fffff846
fffff405
000000eb
fffff737
00000a73
000000c6
0000036d
fffffab6
ffffeac3
fffff73a
fffff56c
ffffff9f
00000454
fffff1b6
000001de
fffffd76
00000a27
000008d9
fffffa84
fffffe86
ffffedce
00000d3d
0000012e
fffffb78
000007f4
fffffb5f
fffff05d
ffffefe1
00000b53
ffffe9fe
ffffee69
fffffa0a
fffff2f8
fffffc60
00000424
000009de
fffff02c
ffffef59
fffff2c7
fffffd42
fffffa5e
fffff6c2
ffffed37
fffff7b7
0000004d
ffffe66f
00000bf8
ffffedce
ffffea95
fffff0d8
ffffef6c
fffff9cb
fffff41b
fffffe90
ffffec66
00000053
fffffce0
fffff9c8
fffff4a3
000003d0
fffff094
fffffa0b
fffff1bc
ffffef22
00000051
ffffff6c
fffffe16
fffffd82
fffffce1
fffff2ba
00000c77
fffff6e9
00000583
fffff039
00000ea7
fffffa08
fffff844
fffffa65
00000700
00000626
fffffd92
fffff305
fffffbd2
ffffeb4f
fffffd4e
fffff044
00000ff1
fffff7f0
0000039b
fffff528
fffff9d5
00000031
fffffbd0
fffff4a3
ffffec7e
ffffffbc
fffffa92
fffff5ec
fffff0d2
fffffcf8
fffffe82
000001a7
fffff05c
fffff38a
fffff539
fffff617
ffffffb4
fffffe7f
00000731
fffff925
fffff60e
fffffb1d
fffff67d
fffff153
fffff4aa
000004b5
fffffdc9
00000479
fffff7b4
ffffea88
fffff2ff
00000447
ffffeb79
fffff148
fffff672
ffffea41
00000430
ffffeb9b
0000039e
fffff7f8
ffffef6f
fffffcaf
000000a6
00000ace
fffff982
fffff832
0000082f
00000a7a
fffff3b5
ffffee39
fffffa1e
00000fb5
000007ad
000007ee
fffff32c
fffffaf5
ffffffef
fffff01b
ffffff8b
fffff56b
00000663
000008bb
fffff706
fffff29c
fffff780
000001d8
000003b9
fffff0cb
ffffef34
0000034a
000004ae
fffff5ba
fffff676
fffff551
fffffa6a
ffffede8
ffffecb9
00000480
fffff2b0
fffff269
ffffe8a8
0000041b
ffffe736
000013ed
ffffeb0d
00000b4d
ffffeef5
00000362
fffff7d1
fffff285
0000004c
ffffec5a
fffffd79
fffff036
ffffe859
ffffecb2
fffff681
0000004c
fffff145
000005ea
00000685
0000044f
ffffeeba
fffffb3e
00000bc0
fffffb1a
00000314
ffffe5c8
00000ceb
00000727
00000d6c
fffff544
fffffda6
fffff238
fffffccf
ffffff18
000016b6
000011a5
fffffb70
ffffe7ad
fffffe95
00000a4c
000008e3
00000241
fffff63c
fffffddc
fffffcdd
fffffc60
00000df7
ffffed0f
ffffe415
fffffcc0
fffffff1
fffff125
fffff277
00000b6c
000004db
00000017
fffffefb
fffff92f
fffff633
fffff48d
ffffed98
ffffed2c
ffffe7f8
fffff056
fffff1e8
00000d4a
00000347
fffff9e7
fffff941
00000440
ffffe579
0000039f
fffffba3
fffff13f
fffff5f3
00000b96
ffffee00
fffffe8f
0000067a
000011b0
ffffed6b
00000220
fffffd5e
ffffe884
fffff23a
00000f54
ffffee71
000008d7
ffffe658
ffffef15
00000efc
ffffee2b
fffff76b
fffff831
0000012d
fffff4e6
fffffb90
ffffe21a
ffffe640
000006a8
000001a3
fffff518
fffffbd5
fffff481
ffffecc7
ffffec9d
00001940
fffff36f
fffff1a7
ffffff58
fffff074
ffffee0e
fffff2a1
fffff94c
fffffaae
ffffe88f
fffff011
ffffeeed
ffffeb43
ffffefab
fffff415
0000066d
fffffa7c
fffffbe2
000006de
ffffea57
fffff8e6
ffffeefd
fffff650
00000cfc
fffff8d6
ffffef32
ffffe636
ffffffe1
ffffed5d
000004af
ffffecc9
000004f1
ffffef68
000006aa
0000046f
fffffa95
fffffd27
00000fa9
fffff352
ffffff41
fffff4e2
fffff9ad
0000074a
fffff2af
fffff4c3
000000eb
00000406
00000021
fffff8d6
fffffbe7
fffff321
0000079b
fffff7bc
fffff762
00000519
ffffed01
ffffe9ef
ffffedf1
fffff3d7
0000062b
00000e3a
fffff221
ffffee6c
fffff84c
0000029d
fffff924
fffff11a
fffffd79
0000075b
ffffea44
fffff7fd
fffffc32
00000d3f
00000f25
000004c1
fffff9f5
fffff51a
fffff6d6
ffffe4eb
fffffef2
fffffe0b
ffffeb71
ffffe990
000002e4
000007f0
fffff96b
000002aa
0000061c
fffffd8c
fffffda1
fffffe01
ffffecf3
000007f1
fffff437
fffff039
fffffe69
fffff2a1
fffff801
ffffe6f6
fffff324
ffffee2e
fffff0ef
fffff855
0000032e
fffff939
fffff76d
fffff7bb
ffffe647
fffffe32
fffffc5e
00001715
00000139
ffffe752
000000d0
00000113
fffff582
fffffa4d
fffff560
fffff063
fffff218
000005b5
ffffff27
ffffff95
fffffe47
ffffef32
fffff445
ffffff7a
ffffeaa9
0000043f
fffffa0d
fffff8a8
ffffff76
fffff2b9
fffff1f5
ffffebc1
fffff976
00000558
fffffdb0
000007e0
fffff3d6
ffffc005
ffff76a4
ffffc96e
00007e42
ffff4077
00001b73
000068a6
ffff955b
ffffa831
ffffe171
ffffcb76
ffff7119
00002ffd
00005de4
ffffb7fd
0000c303
000007ff
0000491b
ffff182a
ffff9532
fffff7d5
00001426
00008836
ffff867e
ffff74df
ffff2654
00003835
00001fba
fffecfa2
ffffe129
00003575
00002228
000053f1
fffffda6
fffebc9e
ffff519f
ffffd6c6
ffff76f7
ffff0ad6
000051e7
fffff7e1
ffffd449
fffff1ec
ffff22c8
ffff94d6
0000063b
00003016
ffffee06
ffffe25f
0000def9
fffff682
ffffffb1
00006901
00005ff9
ffffbd2e
ffffc5d9
000011d6
00003974
00001e75
000035d6
fffff6a1
ffff990f
ffff432d
00002ca4
ffffbefb
ffff88f3
ffffe7af
ffff4bb1
ffffc63d
00002bd0
ffff9576
000047c2
ffffe31e
00009303
ffffeecc
00001eea
00000f95
00000a08
ffffaabe
0000a2da
00002088
ffffef11
00005046
00000239
ffffbf1e
ffffa5a1
00004727
fffff950
0000a02c
00000876
ffffeb9c
000016ab
000081c4
0000043e
00006a9b
00000f56
ffffede8
000006a9
ffff84fc
ffffaa32
fffff88f
fffed070
ffff7688
ffffbae3
ffff8486
ffff8c2f
ffffb70d
ffffb4f3
ffff6be0
fffff008
ffff4d55
000091ee
000005cd
0000693f
00008f26
ffff21da
ffffefad
ffffca87
ffffdf85
000004b4
fffe7320
ffff05b9
00005116
ffff1718
00006a61
ffffe7b7
ffff583f
000092b1
fffff6f8
fffef028
ffffd01f
ffff98cd
ffffc08a
00007de4
ffffa699
ffffa3e5
00000af6
fffff708
ffff6272
ffff4830
00006a81
000052b1
ffffc77f
00004a5f
00002898
00006a40
00005f3e
ffffbf4c
fffffa3f
00007ac9
ffff5143
ffffea83
ffffd980
fffed994
ffff078e
ffffab72
ffff63a8
ffffa47e
000002dc
ffff8895
ffff6d5b
ffffcd4a
000099f8
0000363b
fffed12c
ffffe735
00001247
ffffa4d4
fffff337
ffffd6f2
00002205
ffff75b3
00001b28
ffffeb2c
ffff5681
ffffae4d
00001ba5
0000790c
00008dcd
000010c1
ffffed74
ffff7f4c
ffffa0c8
ffffc96e
ffffd2ff
ffffcea5
ffffe291
00008a7b
0000548c
ffffea54
ffffd223
00002f97
00002d20
fffef218
00005f56
fffeeb67
ffff0b7b
00001418
fffff6c0
fffffeeb
ffffba74
00005165
fffefbe6
ffff6477
00006b30
ffff4945
ffff4cfa
ffffd599
ffffb057
00000a67
ffffad1f
ffffef45
0000e17a
ffff7dc6
fffff079
000075e7
00000642
000029bd
ffffd278
ffffe5ab
000063d9
ffffe909
ffff58b4
00001782
00000a0d
ffff7335
ffff7806
ffff84ab
ffffde7c
ffffbf97
00004251
00007741
ffffd6d0
00001b74
00001f11
00005017
fffe9a13
0000e1fe
ffff52a1
ffff2677
ffffb06c
ffff81e0
00006194
ffffcb51
00001206
ffff42b6
0000767c
fffff68c
00005f78
ffff6d6a
ffff47db
ffffee7f
ffffc2b3
ffff3c97
00003116
000096bf
ffffa862
ffffaf17
00006730
ffffb243
ffffad08
ffff2209
00000503
0000401d
ffff6ca1
ffff68d2
00003358
00008023
0000732b
0000233c
ffffbce9
ffffa49f
000006dd
ffffcc40
ffff251c
0000219f
ffff803e
fffff7b9
fffec0f6
ffff6d23
000077a8
ffffe294
ffffc2c4
ffffeb59
0000252d
0000739d
00000d92
ffffaef6
00003eb7
fffff614
0000670b
ffffb848
fffffde1
00003827
00001633
ffffe13e
00004ed7
ffff8b45
fffffe5b
ffffee5f
00002705
ffffcf5c
fffffb05
ffff9bfb
ffffc0a7
ffff7b0d
000009f3
ffffcec6
fffe6a01
0000b188
00000a4c
00002134
ffff0e84
00002001
000068f9
0000149e
fffff8c7
ffff19d4
ffffd909
ffffeb40
ffff6a98
0000191d
ffffd71a
fffefef0
ffffd965
ffff1f86
ffff3a71
ffffc3f2
000003dc
ffffddad
00002689
000020f8
ffff6918
000007d6
ffffa618
00004517
000092fd
ffffe07d
00007def
ffffe4ff
00004c47
ffff96a0
fffff36d
0000141d
ffff892a
00000122
fffe96c3
00002960
ffff0b47
0000146f
ffff4849
fffffb2a
fffff333
ffffa580
000067f6
00000d8d
ffffff4b
ffff4d41
0000b876
fffec290
00005943
fffe5391
fffff20a
000044ef
000009b2
00000326
0000166c
ffff2c81
ffffa77b
ffff07d8
00002b02
fffee7aa
00005bf9
ffff663d
00002f49
00008b2e
fffeb140
fffe5982
ffffa0fc
00008ef7
ffffd25b
ffff57d5
ffff4f41
ffff8dc8
00000704
ffff4a4d
ffff978f
ffff88de
ffffa565
000055ad
00002859
ffffc101
00007580
00008830
00000d14
ffffcd40
fffeb75e
ffffd7d9
000077ea
ffffd2ba
ffffda81
fffffddb
fffff22f
ffffab66
000086c7
ffff806a
ffffdced
ffff8e15
fffee10b
ffff7ea3
ffff3233
000074af
000053db
ffff6ab6
fffffd05
00007582
ffff9a42
00008715
000061fa
00008651
fffec270
ffffd7e9
000127d8
00002f82
fffff807
000089e2
ffff131d
ffff6a5b
ffffd7e9
ffffe078
ffff2b89
00005d61
ffff24db
ffffb924
ffff7943
ffff2781
fffffdb6
0000064c
fffea4e7
ffff3fa7
ffffe718
ffffe37b
00002677
0000029a
fffffe3e
00006a24
000028e5
000046b0
ffff9f13
ffffda79
000056e6
ffff5755
000004e6
00001c7d
fffffcdf
fffff41e
ffffbd0b
0000afbc
ffff6fc2
ffff8e8f
ffff4eb4
ffffe1f4
ffff92b1
00000a8a
fffe7daa
00007610
0000942e
ffff927c
ffffa03e
ffff8954
00000d76
0000ad02
ffff541d
fffff022
ffff54c4
ffff753f
000050ce
ffff26c7
0000afb7
ffffc8d9
ffff9ae8
ffffcb3a
00006c60
ffffc7c2
0000a2d5
ffffe1b9
ffffc506
ffffb9f4
00005a24
ffff2d33
ffff7180
ffff84be
ffff9c18
ffffa309
ffffa7e8
00002e35
ffffc3c2
ffff8e2c
fffff5c7
00009a52
fffff443
00004fef
ffff40a6
ffff6263
ffff5c5f
00000d4d
ffff5866
ffffb343
ffff5bff
fffff602
00004d98
0000517e
00000cdf
ffffe05e
ffffa7fe
fffffac7
0000129d
00006f2f
ffff723a
00004baf
0000b24f
ffffce1f
0000486d
ffff9115
fffffb67
00006697
fffff7cb
ffff6470
fffffbe5
ffff95ca
ffff952d
ffff97fa
fffff325
00000de7
0000085e
ffffa387
ffffa27e
ffffb5dc
fffff512
ffff7c9a
0000809c
ffff23da
000011d3
000021be
ffff7aaa
00002575
ffffef35
ffffaa30
0000e54f
000053a8
ffff451a
ffffec5b
00006234
ffff9c78
00000f71
ffff9992
fffeae92
00012c43
ffffff9c
00009b36
00009c9f
ffffdd07
ffffe520
fffef3b2
ffffbc36
00005a92
ffffd62e
ffffeda7
ffffe161
00003497
ffff9717
ffffabba
00001381
00006521
ffffcbd2
0000a060
ffffa1b5
ffff6c76
ffff2742
ffffcabb
ffffc318
fffff93d
0000500f
000027ef
0000c775
ffffb05d
0000650b
ffff7185
ffffe0ee
fffff731
ffffcadb
0000241d
ffffc64b
ffffedcc
ffffb8dc
ffff9990
ffff5baf
0000a02a
00004a51
ffff94db
00000227
0000b238
fffe7731
00002757
ffffaef4
000037ce
0000260b
00000c5e
ffffcef9
ffffaa41
0000498d
ffffe6b1
00001e8b
ffffece2
ffff4742
000031fd
00006eec
fffffb05
ffff8cf4
00005158
ffff65b9
ffffe0ae
00001580
fffee1ce
ffff2579
ffff6620
0000366c
ffff7d4a
ffff6b58
fffffc00
0000a6a4
ffffb56a
00002e56
ffffd989
fffecc93
00005a87
ffffad3f
0000102b
ffff1d80
000080e2
00000d00
000099a2
fffe4c66
ffffb122
fffe788f
ffff9eb5
ffff8b4c
00008fba
00005b27
ffffc138
00007b59
fffff80f
00002837
ffffac3b
ffff42dd
ffff5c2b
ffffc576
ffffe36d
ffff83c9
ffffb47e
00005361
ffff854e
000020b8
ffffda81
00001ab4
ffffd8de
ffffff7d
ffff0bfe
ffff996c
000026b2
fffff26a
00002606
ffff5a72
0000fa8d
ffffd601
00000fb4
00008943
ffffbd7f
ffff4bd4
ffff9979
00008c98
ffff9f42
000072b6
ffff8233
ffff8c8a
fffe5bd0
ffff9cd8
ffff8864
00004691
ffff821a
ffff5868
00001e51
000041fc
00005116
fffff108
fffed485
ffffdfd9
ffff0cf7
ffffd067
ffffcbb4
ffff7526
00002d2f
ffffad88
00009d29
00008a51
00001899
ffffc4a9
ffff8d8d
0000b25d
ffff63e3
ffff5080
00000d04
00008f83
000003df
0000015c
ffff0414
ffffcbb1
fffffc49
fffee814
fffff6bf
fffff9a0
0000045c
ffffced4
ffff0589
ffffbd87
000078e3
0000087d
ffff8c56
ffffd1f4
ffff81b4
000046b3
ffff6150
ffff9c22
ffff270f
000076c2
0000172f
ffffda54
ffff66b1
ffff6d3f
00003fee
ffffe1fb
ffffcd96
ffffd368
fffef90c
ffffe667
ffff4e8b
ffff8de3
00002835
0000132f
ffffe9e0
fffef053
ffffd4e1
ffff8a6b
ffff09c0
ffff2ef2
0000077a
fffe9119
ffffc4cb
ffff92ff
00001bf8
ffff0a3b
00007b94
00000c16
fffeb15b
00006922
fffeefe6
ffffa0c0
00005ad9
fffffa50
fffe8f3f
fffed33d
fffeafb5
00007e32
000031e2
000038a8
fffff094
00002e83
0000560a
ffffa6fd
00000227
ffffc867
ffffd54e
ffff498e
ffffb21f
00000209
00000dab
00000758
ffff6bcf
fffffa4f
0000198c
ffffaa33
fffefc29
ffff6ddf
00000c65
ffff3dbc
ffff12fc
ffffedc0
ffffe03f
fffff60b
fffcd3ae
ffff37b2
000015fd
000046ab
ffffe7c5
00000d86
ffffa235
00001d73
fffff1ca
ffff8056
ffff0cd0
000009c3
00000f6d
ffff2a11
000018c2
ffffda18
fffec0ed
0000035a
ffffb706
ffff95fc
ffffc175
ffffc46e
ffffe93d
ffff80c9
fffeabc8
ffffc855
00002940
ffff9475
ffff6d0f
00000c8a
000073bd
ffffb7f4
ffff8763
00000f98
00008cf5
00000453
0000c2a6
00000bdf
fffe9fb4
ffffa213
ffff95c4
fffff682
fffffecd
ffffd930
00000d52
ffffe6df
fffff05c
ffffa732
ffffe377
fffee605
00000e59
ffffe19d
fffda4f3
ffffc729
ffff9905
ffffb65b
00000d1e
ffff8087
000001af
ffff2b07
00000407
00007aab
ffffbb62
00001f01
00000c9a
ffffe537
000055cd
00007536
000002cf
fffebe87
ffffc76c
ffff3166
fffe7ffa
fffff09c
fffe9e2f
0000068c
ffff1d47
fffe779a
00001392
ffffdc4f
ffff85ce
fffe7ae3
ffff59b5
00002021
fffff3e3
ffffc2c7
ffff63f7
0000128a
00000b63
fffeac2a
fffde3a3
fffff6a1
fffee9f7
00003e10
ffff41c1
ffffb090
fffed0f7
ffff2c18
fffdcc13
ffff4c6c
000041db
ffff2a61
ffff65dc
ffffee04
ffffe95d
ffff2ffb
fffe30be
0000014b
ffff7a6a
ffff6532
ffff8f4f
ffff9a9c
0000daeb
fffe80fd
fffeef68
ffffa412
ffffd4bf
0000184e
ffff3957
fffe3578
00005cdc
000026ec
ffff81b5
ffff7dbe
ffffe3f4
ffff628f
ffff7adf
ffffef7c
ffff1c6c
fffe88ae
ffffac63
ffffa53d
ffffff59
ffff917c
fffec68c
ffff9748
ffff7003
00002983
ffff83de
ffff4741
ffff7ef2
ffffa2e5
00002d98
ffff2d3f
fffef23d
fffff55a
ffffb089
ffff6041
ffffbc3b
ffffdb21
ffffffd3
000048d8
ffff2862
ffff47f9
ffffd725
00000ec2
fffec779
ffff1c2f
ffffb289
fffefd33
ffff8a8c
ffffcb04
ffff9024
fffe6dd5
ffff192c
000003e7
fffe5e00
00002b86
ffff8f60
ffff0aea
ffffe98a
00003506
fffe736c
fffef204
ffff90be
ffffe4f2
ffffd9ab
fffef5ad
ffff0494
ffff6c3e
00003592
ffffa162
ffffce8f
00000892
ffff2cf6
ffffce76
ffff0913
ffff9c01
ffff233c
ffffc30d
fffef56e
ffffa58a
ffffd457
ffffc5ee
ffff699f
ffff7ee1
fffe460e
ffffc095
ffff49c1
ffffde56
ffff732e
ffffe644
000077c1
ffff2925
fffff725
ffffa296
fffff871
ffffb6a4
ffff44af
ffffb46c
ffff9ffa
ffff9b28
ffffb56e
00000823
fffef64e
ffffca1e
fffe9b01
fffef171
ffff31ca
ffff2f6d
ffff74a9
ffff75b0
000013ee
ffff5020
ffff6a67
fffffaa0
0000028f
ffffe64e
00000493
fffff2ad
fffffa55
fffff996
ffffff3d
ffffef3e
fffff746
ffffec9b
fffff4a9
ffffe64a
fffff66d
fffff5c8
fffff0e6
fffffd1d
000000f4
fffffe22
fffff504
fffff24f
fffff929
ffffeb46
fffff557
ffffe9b1
ffffe7c1
ffffe54a
fffff394
fffff633
fffff629
000001e0
ffffe6d1
fffff6ea
ffffebc2
fffffac4
ffffe323
fffff846
ffffefa6
ffffff2b
fffff24f
00000449
fffffe9f
fffffda3
ffffef31
00000806
00000c9f
000005a0
00000fb2
fffff613
fffff587
00000d0a
fffff9cb
fffff3a7
fffff404
ffffe830
000001da
fffff68f
00000c98
fffff557
fffffdd3
000000ca
ffffff26
ffffec4f
00000811
00000738
0000047b
fffff12b
00000039
fffff2ab
000004e2
00000d04
ffffdfb9
ffffee1c
ffffeee9
0000058d
00000239
ffffee80
00000255
ffffef33
fffffb03
fffffa52
fffffd82
000003fd
00000360
000000ce
00000628
ffffe966
ffffe8fd
fffffcdf
fffffe50
fffff9cf
ffffff21
ffffec3b
fffff4f1
ffffeaa9
fffff094
0000028c
ffffff38
ffffefa7
fffff938
ffffe8a0
ffffeab2
fffffac7
fffff007
000011ce
ffffe840
ffffd54a
ffffe945
fffffec6
00000d93
0000083e
ffffe986
ffffef6a
00000886
0000033b
fffff8ab
fffffafd
ffffe787
ffffebe4
fffffdd2
ffffed0d
ffffee59
fffff100
ffffe73c
00000979
ffffee2d
fffffff9
00000211
fffffd3e
00000b76
fffff167
00000202
fffff0ea
fffff85d
fffffa8f
fffff572
000009c1
fffffe2a
fffff0ab
fffffa18
000000cd
fffffe3a
ffffe73a
0000086f
00000a12
ffffff7b
ffffef54
ffffe74d
fffffdf8
00000019
ffffe070
000008a5
ffffef08
000007a7
ffffe0b5
ffffef80
fffff590
00000383
fffff335
ffffe552
ffffe8cd
fffffa18
00000b52
fffffa87
ffffecb4
fffffb01
ffffe4e8
ffffec8e
000003cc
ffffef2d
ffffe8c0
000000d7
ffffea08
ffffe558
ffffe7b0
ffffeeaa
fffffb2d
0000115c
ffffef81
00000daf
000011d3
fffff5ee
fffffedb
fffffca8
fffff2dd
fffff4e6
ffffed16
fffffb97
fffff595
00000bc3
00000493
ffffff68
00000208
fffff2e5
fffffbaa
00000ce1
fffffcc8
ffffe8a9
ffffeb43
000001c4
fffff7ab
fffff30e
fffffcdd
fffffd08
ffffe593
00000f86
00000262
fffff6d4
fffff98e
fffff92f
ffffe5aa
ffffe4d0
0000015a
fffff11f
fffff376
00000d85
fffff99f
ffffff79
ffffe725
00000711
ffffe7bb
ffffeeac
fffffb93
ffffed21
000000b0
0000053a
fffff4da
00000733
ffffff5b
ffffffb9
00000174
00000111
00000c72
ffffe9e5
fffffab5
00000c0d
ffffffff
fffff4f8
fffff1c0
ffffed9c
0000021f
000004e1
fffff3ae
ffffe18c
ffffecfd
0000074d
ffffecab
ffffef81
ffffebf6
000008c8
fffffaab
ffffeb51
ffffe671
fffffbde
00000695
ffffef50
ffff80f4
ffff9399
ffff6533
ffff3be9
ffff7156
ffff2a36
ffffcb6f
ffffb64c
ffff5de0
ffffee11
ffffd1cc
00004dbe
ffff29d4
ffffbe68
ffff2ab2
00001710
00000cdf
ffff182b
fffda797
fffff452
ffffba77
fffff222
fffec356
ffffb5f2
ffff1a8f
0000773d
ffff801b
ffff64a9
ffff785f
fffeda9a
ffffc7db
000037c8
ffff8c41
ffff655e
ffffc44a
ffff85d5
ffffd6ef
ffff8bb8
0000ec8f
ffffbb86
ffff3779
fffeef7e
fffff39c
00000852
ffffa218
00006cfa
00006878
000046d1
fffff6d9
ffff8ebb
ffffcec1
ffffb3d7
00005349
ffff8b2f
00001051
ffff0172
fffe8677
ffff6317
ffff4892
ffffc82c
0000149e
ffffd2bb
ffffae09
ffff1b45
ffffb444
ffffcb65
00000902
ffffd853
ffffa1ff
00005a4f
ffffe49b
0000085d
ffffded8
ffff8a9a
ffffc5bf
fffffde0
00003cd5
00000f72
ffffd4cd
ffff7375
ffff4be8
00001436
00005b7f
fffe5549
ffff63b0
fffed79b
ffff32a0
ffff70eb
ffffc50c
ffffe64a
ffff871d
ffff8e5d
fffeea77
ffff6b82
ffff6b17
fffff860
ffffd73e
ffff830b
fffea422
ffffe4f4
ffff3d5a
0000a61d
00003ca6
ffff78ce
ffff3db1
ffffbcf2
ffffd578
ffff9233
ffff68a3
ffffecfb
fffffe5e
ffff6cc9
ffff5be9
ffffa973
fffff20d
ffffac5c
000013b9
fffeeae4
ffffe4aa
ffff9b39
ffff7fc8
ffff9353
ffff063c
ffffbb0d
ffffea0a
ffff3ec1
ffffb6d2
ffff5ecd
fffff4ac
ffff14c8
fffe924f
ffffcd81
00002435
ffffb189
fffff293
ffffe7bd
fffe7d51
ffff5a6f
ffff80ef
fffda008
ffff7f98
ffffda2c
fffffc2c
ffff7c57
ffff268c
00001c5d
fffffa47
ffff5ac8
000050c7
fffeefe9
00004d26
ffffb713
fffebdbf
ffff024b
ffff0716
00000b44
fffefd8d
ffffa36a
00000f6e
ffff405a
fffeddee
ffffc2c7
00005cfa
ffffe48d
00015061
ffff9d97
00004b9b
ffff1b67
ffffc110
ffff37e0
ffffe88a
ffffebca
ffff7f32
ffff9728
fffdeee9
ffffd71b
ffffdabe
fffeb98f
ffff5e77
ffff75e7
00000a5c
00001936
fffe4664
00003338
00000346
ffff948e
00000be4
ffff38a5
00003dbc
00003fca
ffff7935
00004032
ffffe285
000017d8
000005dd
fffef255
fffff92d
ffffd328
000023d8
ffffacd0
00000670
ffff8d66
ffff79d8
fffff4be
fffec913
ffff2c1b
ffffad3e
ffffb249
00000aaf
00000bdc
0000a9fe
ffff4771
ffffd9b2
ffffaa43
000001f1
fffff454
fffea964
ffff1d48
ffffad71
fffebebd
ffff4cc7
ffffe1b0
000004fa
00002ecd
ffff0fe9
ffffb074
ffffc151
ffffd567
ffff8866
ffffc742
ffffb267
ffff27d1
ffffb3d6
ffff21ce
00002914
000024ba
ffff2670
ffffe51b
ffff4136
000037cb
000045bb
ffffed7d
00000b73
ffffe6ea
ffffe38e
fffeee9f
00002b0d
ffffbf69
ffffb6f9
ffff688c
ffffda93
ffff14ac
ffff74d8
ffff6f89
ffff04a0
ffffed26
000009c0
fffffd7f
00000348
000007c2
fffff063
ffffeed8
fffff8c0
fffffac1
fffff564
fffff7bd
ffffee12
fffff805
ffffff83
fffff3b8
fffffe7a
ffffed14
00000c74
0000044d
ffffff37
ffffe296
00000176
000007ff
fffffa15
fffff5d2
fffffe86
fffffccb
fffff079
ffffe847
ffffff72
ffffec9d
fffff00a
00000604
fffff365
fffffdcb
fffffdab
fffff9ca
fffff6ff
fffff277
0000115a
00000408
fffff7e5
ffffec68
0000016c
ffffeefb
ffffee84
ffffff9e
000001b5
00000783
00000548
ffffe52c
ffffef1d
00000be4
00000533
fffffcf2
000006b2
fffff678
fffff653
ffffeb83
fffffc99
fffffdcf
000006ab
fffffda4
ffffecdc
ffffe9e3
00000fb1
00000016
ffffe860
000000e7
ffffe0b2
fffff504
ffffe779
ffffe25b
fffffb2f
0000075e
fffff8c6
fffff299
fffff6fc
00000280
fffffabb
fffff149
000009d1
fffffbfd
ffffed4d
fffff172
fffffb20
fffff30b
ffffedc3
fffff93c
fffffd10
000008b8
0000039e
00000ef8
fffff47d
fffff2a9
00000187
fffff906
0000028b
fffff33d
fffff6ef
fffffc1a
ffffee8a
ffffef1e
fffff5e0
fffff454
fffff61e
ffffff03
ffffec5b
fffff041
00000186
fffffad8
ffffed87
ffffe906
fffffb9c
fffffcbc
ffffec56
fffffb81
fffffbb9
ffffffe7
fffffe92
fffff4eb
ffffec28
fffffc7d
ffffeb1d
000002ec
fffff2a8
fffff4cb
00000003
0000089a
ffffeca1
fffffe67
ffffe75f
fffff17c
fffff26e
000008ee
000000b0
00000131
00000057
ffffe81f
fffff7f2
ffffff79
000005f8
fffff7d3
0000028e
fffffd99
ffffe62b
fffff4db
00000010
ffffef39
fffff19c
fffff772
000010a5
0000122b
ffffedd4
fffff256
fffff5de
000009bd
fffff12a
00001117
fffffc94
fffff9d6
ffffe470
00000256
fffff45d
fffff2b4
00000637
fffffefa
fffffc18
ffffeee3
00000dde
00000a9e
00000851
ffffec76
0000092d
fffff47a
00000478
00000609
fffff9ab
ffffe301
fffff1e6
fffffd07
fffff6b4
fffff7ef
00000bf0
ffffe83f
ffffffa4
00000072
fffff14b
fffff20f
ffffef99
fffff973
000007ef
fffff111
fffff19b
fffff43a
fffff62f
000000f6
ffffffcf
ffffec8b
ffffff1e
ffffef7c
ffffe4eb
ffffdfb8
ffffffc8
fffffa9c
fffff275
000009fd
fffffc6e
ffffeda6
fffffbce
fffffad7
fffffd59
ffffff90
fffff969
000009e2
fffff705
fffff8f3
ffffe46c
fffff81d
ffffe59b
00000a91
ffffe1fa
fffffbb1
0000035f
fffff6f6
fffff197
fffff497
fffffd99
ffffef3b
ffffe985
ffffe3ab
fffff3c4
fffffa29
fffff1c5
ffffffca
fffff554
00000b0c
00000087
fffff61f
fffffa5a
00000953
0000043b
000001a8
ffffefa4
fffff416
fffff5a7
0000033a
fffff72b
fffff990
ffffe84b
fffff5eb
ffffe9c7
000002cf
fffff78c
00000340
00000d93
fffffbd5
ffff2ee9
fffff8d2
ffffa7ad
fffffcf4
00001e24
ffff80c1
ffff865f
ffff0f4c
00003def
fffec67c
ffff412e
ffff9056
ffff0686
ffff534b
00002b42
ffff87fa
00000a21
00004b4b
000027bf
ffff7fbc
00001641
00008dbe
0000b2cd
ffffaa8c
00002bba
ffff34e6
ffffd5e0
ffffa783
ffff5ce5
00000cf0
fffff15d
00000394
000006bf
ffff83a6
ffff6861
00000580
ffffe166
ffffe194
00007546
ffff823d
00002f70
000044f8
fffff2ed
000001dd
fffee82e
ffffffd7
fffff6d2
00002bab
00001e76
ffff8637
ffff7fa4
ffffdd41
000030c7
ffff5f3a
00006124
ffffe6f0
ffff1a79
ffffd2fb
00003e2e
00002c05
fffff5dd
00005e81
ffff1b72
ffff1431
ffff54dc
ffffaa96
ffffed6f
ffffb282
000011bb
fffe7ad2
ffffa739
00009019
ffff92e9
ffff27a3
ffffceb3
ffff8f36
00008550
00000c44
ffffe266
ffff24e2
00006be9
00000669
ffff24a4
0000154b
00002f0e
ffff54bb
ffff16f1
000004b6
ffff1041
ffff0059
ffff491c
00000ff6
00000e0c
00007f3b
ffffe0fb
000007f5
ffff8c03
ffffed4c
ffff682b
ffff1e2a
ffff97bf
ffff8a9d
fffe9236
ffff46a6
ffff72be
000009fc
ffff795d
0000a05d
00009b16
00000dbc
ffff3a01
ffffdf98
ffffe258
ffffd984
ffff643e
000038fd
00002c9a
ffffd022
ffff926e
ffff6c37
ffffcbbe
ffff7ebc
ffffc9fb
ffff67dc
ffff6601
ffff99f0
ffffc79c
ffffffb3
ffffe8a3
fffff56d
ffffa502
000059fc
000026a5
fffefe86
fffff1a7
ffffef85
ffff40e2
00003954
00001cc6
ffff69a9
00003f69
ffffbaa7
000016ad
ffff2f96
fffed703
0000a88d
fffff334
ffff96b1
00002947
fffef199
00009722
00002105
ffffd8dd
ffffb23b
ffffef7f
fffea87f
fffe42b7
ffffc8e2
00000708
ffffe357
ffffb77e
ffffc184
0000c9bd
ffffc9a5
ffff4db6
00002421
ffff6e8f
ffffe02b
00001326
ffff07a0
ffff6263
00006136
0000472b
ffff6f03
fffee105
0000547d
ffff7257
00000c02
ffffcda1
fffe8812
fffffc53
00000269
fffe7e8c
fffe8ff9
ffffc2d2
0000151d
ffffae9e
000027b6
ffff2d75
ffff602f
ffff6ff4
000044f9
ffffbeb7
ffff785f
ffff078c
000040f0
ffffd551
ffff6b3a
000015e5
ffff79ba
ffffe8a8
ffffad3b
00004c04
000052d0
ffff732b
0000454c
ffffd989
ffff846e
00000b61
ffffb0bb
00000515
00008576
ffffe1aa
ffffa22b
fffff136
00005cb3
0000c135
ffffaf2f
ffff04e0
000004b2
ffff8b27
ffffda62
0000617c
ffffd291
ffff8b14
ffff9377
fffff7ed
0000648b
00004b20
ffffcd29
ffffac67
00008abf
ffff7971
ffff6b07
00000257
ffffad4e
ffff92cf
00000b21
ffffc442
ffffa4fe
ffff4b0e
00003493
ffffbac1
0000cf1d
ffff2e55
ffff550c
00002e91
ffff639f
000066de
ffff26cd
000029a1
00009093
ffff6231
ffff9890
ffff1de2
00000231
ffff6764
ffff851b
ffffd837
00001cf4
ffff76b4
ffffb954
ffffed28
fffff19d
ffffb8dd
ffffbe23
ffffc00a
0000053c
fffffe1a
fffffcc1
000006e8
ffff99f0
000007bf
00003209
00000ec7
ffffc466
ffffd4db
ffff2c1b
ffffe9e1
ffffede9
ffff4054
ffff5962
0000046f
ffff2595
ffffdde2
ffff9092
000011ab
ffff14e2
ffff940f
ffff64c6
ffffaa33
ffff5c10
000008e4
ffff7639
fffee26f
fffefe3b
0000070b
ffffe7f0
00000b33
00002719
ffffe268
0000116c
ffff4de1
ffffd974
00000955
ffffd9e6
00001026
00000086
00003886
ffff62e5
ffffe006
fffea7f0
fffff756
ffff9dcb
ffffc8f4
ffffcd54
000006a4
ffff624b
00001a74
ffffa6a6
000038ac
fffed4e8
000009fd
00001480
ffffabae
fffed2c8
fffea8a1
ffffbf23
ffffdac4
00000db4
ffff765c
fffffa83
ffff9152
000005d5
ffffd59f
ffff6555
ffff3ca5
ffffe7cc
ffff9ca1
ffff4176
ffffb563
fffeff7d
00001e57
ffffb7ee
ffff8c7f
00005ad4
ffff9009
00003569
00001b87
ffffe1a4
00000e15
fffff866
ffffb6b6
ffffba22
ffff5db2
ffffc417
ffffdbe1
ffff6598
fffff48f
ffffe16a
ffff9a91
fffee28d
ffff49af
000062b2
ffffc276
ffffe247
ffffa2d1
ffff5107
fffffa88
ffff6548
ffffa0ac
ffffd715
ffffe571
000008b4
00005b84
ffffe861
ffff9962
ffff62d1
ffffeef3
ffffbe30
0000798f
ffff848e
00006047
000018d2
00001d5e
ffff66e8
ffffd092
00006710
ffffac13
ffffce3c
ffffe12f
ffff5cbe
ffffe60b
00001c90
ffff9126
ffff06f7
fffffa2c
0000182d
00002272
ffff60ac
ffff3b10
000001af
ffffde7e
ffff9ce7
ffffd699
ffff8e05
ffffcfaf
000099d1
ffff82bf
ffffc2f7
ffffbc89
ffff8a2b
fffffdd3
000038a5
fffff946
ffffd95f
ffff9a96
00001f22
ffff71d9
ffffd922
ffffb59d
fffff226
ffffeb56
ffff8faa
ffffc96c
ffffd503
ffff7857
ffff10fc
000044c1
ffffb48b
00005127
ffffa5e8
ffffee0a
ffff3352
ffffd665
00002619
000011d6
ffffdb53
ffff00ae
ffff8dd4
ffffc6bc
00007ab7
0000000d
ffff87e9
ffffe63a
ffffd178
ffffab7c
ffffa047
ffffb89b
ffffee9f
ffff5481
ffffda3e
00000443
ffffdc94
0000087d
ffff93a0
00001afd
ffffe334
ffffd0e3
ffff5f33
ffff7aa1
fffff3f0
ffffe2e5
0000a327
000030ec
00001766
ffff3931
0000008a
ffffe876
ffff93d6
00000341
fffff1e9
fffeb6f2
ffff82ce
00000df8
00000974
ffff5ce1
ffffd989
0000022d
ffff9cae
ffffc5f7
00006adf
000039cc
ffff9f81
ffffbff5
ffffde13
00000b9d
00007949
ffffef93
ffffec49
fffff3eb
0000072c
ffffb045
0000333a
ffff202b
ffffddec
ffff9dae
ffff0d63
ffffd7a9
ffffd358
00002fe8
ffff9f63
ffff5f67
fffef204
fffee020
ffffa4b4
fffff2ac
ffff9d31
ffffeaee
ffffff5f
ffff5ea1
ffffd8dd
fffff6df
fffff01d
fffff75b
fffffb75
00000799
fffff834
ffffee5e
fffff270
fffff59d
000005bc
fffff49c
fffff79a
000004c6
fffff787
fffff53b
fffff808
fffff403
000007fb
000006da
fffff22c
fffff90b
fffffef0
000004ba
fffffecd
fffff32d
ffffeeaf
00000161
ffffee29
fffff65b
ffffff99
fffff9c2
fffffcd9
00000713
00000589
ffffed84
ffffedc3
fffffe4a
fffff3df
fffffd56
fffff98a
00000008
fffff290
fffff5e9
fffffd05
fffffb12
fffff461
fffff440
00000410
00000103
fffffe06
fffffa62
fffff850
fffffb38
ffffecb8
00000881
fffff3d5
000008a4
ffffeccc
fffffc74
fffff280
fffffb39
fffffd09
0000065c
000004dc
00000532
fffffbe3
fffffe13
000008b5
fffffece
000002c4
00000923
ffffebd1
000009b6
0000095e
fffff44a
fffff543
ffffedba
fffff61b
fffff204
000000f3
0000056e
00000105
000002ae
ffffef10
000009c6
fffff9b2
fffffb37
fffff2d0
fffff8d3
ffffee71
fffff7c1
fffff74b
ffffffcd
ffffe770
000007a7
fffff2b0
fffffc71
00000978
fffff219
ffffef0b
00000077
fffff1a9
ffffe72c
000001b9
00000524
ffffedff
ffffec0f
ffffe4f7
fffff5b2
fffff9ad
0000023e
fffff965
fffff998
000004b1
00000662
ffffef7c
fffffffe
000009d4
ffffed9a
ffffeb57
ffffeaba
000003d3
fffff8af
fffff17d
ffffeecd
fffffa28
00000160
ffffef9e
ffffe567
00000fc9
fffff1c3
ffffe24b
fffff73f
00000983
fffff042
ffffe5eb
00000153
ffffe966
00000274
00000a91
fffff898
0000003e
00000248
fffff242
fffff82d
fffff1b4
ffffebcb
fffff012
fffffc52
fffffe15
fffff640
00000dc9
ffffeb46
fffff339
00000074
fffff7c0
00000395
fffff868
00000ede
fffffe74
fffffcb6
0000070f
ffffe05f
00000695
fffffbbf
ffffecb2
000007e1
0000024b
00000f5a
00000664
000004b9
fffff937
fffff1ca
ffffe75d
000007f1
fffff018
fffff303
fffffe41
ffffeeee
fffff2bc
00000a64
00000af3
00000550
00000fc3
00000c41
00000335
fffff34f
ffffec61
fffffcf4
fffff77d
fffffe7b
ffffe915
fffffd0f
ffffffbd
fffffa3f
000003ae
ffffff34
ffffecc3
ffffe9e8
00000947
00000373
fffff9c2
00000520
000001b9
fffffa7c
ffffeec3
fffffd6a
fffff534
fffffcfc
fffff9e5
fffffbe5
fffff0b9
0000040e
fffff80a
fffff507
000000d4
fffffe28
fffffdfe
000000cf
ffffe5b0
00000678
ffffed8f
00000fad
fffffec2
ffffeb35
ffffee88
fffffa4a
fffff870
fffffb7f
fffff83c
ffffefe3
fffffd87
00000180
fffffff8
00000013
fffff60e
fffff6c2
fffff43d
fffff8ec
0000023e
fffff549
00000039
fffff38c
ffffee9e
fffff94a
fffffe1d
ffffef20
ffffe80c
fffff6f0
ffffefeb
000008dc
00000381
fffffa79
fffff84d
fffffccc
fffffc45
fffebcf4
ffff5325
ffffe5de
00007351
ffffcaef
ffffaa14
ffff6174
ffffb2dc
00004c52
00002080
ffff2c50
ffffc4ff
00000f38
ffff9a7e
ffff8352
ffff63c1
00000e40
ffffc03e
ffff5acc
ffffb2a2
ffffde40
000057f8
ffffd740
ffff6f34
0000330b
00003269
ffffbcd0
ffff40cd
00003704
ffffc489
ffffd7da
ffff9191
00003312
0000138a
ffffeed4
ffffc38f
00001cee
000048e5
00008175
ffffe793
000027a5
ffffbff8
fffff462
fffff6fe
00002cfc
fffffab9
ffffe88c
ffffb84a
ffffe163
ffffe27c
00002fb6
000008a5
00002f89
000027da
ffff6f0a
fffff6de
ffff86a4
00000b14
fffffe61
ffffd562
00000fa2
0000708f
00002bd6
fffffc05
ffff41d2
00006692
00000df0
00001185
ffff95d5
ffffa5c6
ffff1fad
ffffc0c0
00002510
ffffcf3a
00001e21
ffff72cb
000038bd
fffffce4
ffff8d2a
ffff986a
ffffe47e
00000f2b
ffffda3a
ffff925e
ffffab5d
ffffaabe
fffe86c3
00002eff
00002d5f
ffff8a0b
fffff295
ffffbee5
00001211
ffff8f4e
000019f9
00000ec3
ffffc9d3
fffeffb0
ffffdd1e
000000d5
00000938
ffffc471
ffff8a27
ffff9a8c
ffffd020
fffff75e
00003b06
ffff2972
ffff518c
ffffe4f6
000020e2
ffffc598
ffff951b
ffffbaef
ffffed0e
ffff5d68
000002e7
ffff9a52
00001008
fffff3b9
ffff7ca7
ffffefe2
ffff5b1e
ffff7d03
00000d41
ffff70c3
0000260c
ffffc8a8
00003691
fffee1da
ffff79f0
fffff645
ffffbb34
0000118d
fffff466
ffff7e18
fffff829
ffff30e3
ffffa983
00000de9
0000dad6
ffff0b30
00006240
ffffeeed
ffff02ca
00005fcc
0000413a
ffffcb9b
00001e31
ffff2bef
ffffbc28
ffff9cd9
ffffc2be
ffff1947
ffffa8b3
ffffcf6c
ffffbf2b
ffffbddd
fffff4de
00002242
ffffec49
ffff7d65
0000200b
000032c9
0000190c
ffffb7d7
00004052
ffff633b
000051a6
ffffe762
ffffafb7
ffffa2c5
ffff8912
ffffb87b
0000239e
ffff646e
ffff50a5
ffffb9d6
ffff8ee9
000031d9
ffffef8f
fffff8ba
ffffdb35
ffffd16f
ffffd17a
ffffa345
ffff97c4
ffff810a
ffff92f4
ffffef7e
ffffd720
000002ec
fffe7e5c
ffff785b
00001a27
000020a6
ffffc0ab
00000abe
ffff745a
ffffeca6
00000858
ffffb041
000026d0
000022e1
fffff9ac
ffff8bf9
ffffd8d7
ffff4ab3
ffffe5ee
ffff7c7c
ffffaa02
ffffd47e
ffffd348
00001993
ffffdf2b
0000205b
0000296e
ffff9b77
ffffec43
fffffbe9
ffffb1b6
0000ed2c
fffff175
ffff870b
ffff52c0
00000864
00000934
ffffece6
000013a8
ffffc160
ffffab6b
00002038
ffff9f22
ffffb176
ffff84c4
00000aa0
00002f43
ffffafc1
ffffcf98
fffff839
ffff8740
ffffb5c7
ffffef34
000067e5
ffffd434
ffff4e2b
ffffd899
ffff1278
ffffe5b7
00000017
fffffe74
ffffae86
ffffdc15
ffff9abf
ffff3a3a
ffffcfde
000021a1
ffff8da2
ffff1a4d
ffff5645
ffff0a15
ffff9528
ffff8aa3
ffffa7b0
ffff9cb8
00003e79
ffff6bc3
ffff579f
ffffdfaa
ffff9971
ffff83ab
000071dd
000002eb
ffffd683
ffff7d25
ffff0423
ffffaf92
ffffd5ad
ffffdf01
ffffa50e
ffffbdce
ffff5e5b
00000b86
ffffc24e
000021dc
ffffe182
ffffdc85
fffead8e
ffff59aa
000075e0
ffff546a
fffee1a6
00001088
ffffd1f2
ffff5597
ffffd6f7
00001db9
ffffb0d4
fffff88e
ffff6b3f
ffff4c1e
00004c57
fffff5b0
ffff9220
ffff9dd2
ffffc9bc
fffffaf8
ffffd532
ffffef03
000048c9
00002c26
0000537f
ffff162e
00003851
000012ff
0000174c
000001cf
ffff88ab
000004d3
00001ea8
00002ebd
ffff3512
ffffc2e1
000029e9
fffffe2f
ffff7951
000072c8
ffffeaa2
ffffb2d7
ffff09a2
00000406
000001e1
ffff936c
fffff864
ffffd45d
fffe8433
ffff9898
00001747
ffffdd83
ffff49f9
ffff6f45
fffefe41
ffffd6b4
ffff3c91
fffffa47
000026a6
ffff6bf1
00000764
ffffe1f0
00007057
ffffadda
00000336
ffff9b39
000031c2
ffff7a4c
ffffe9a6
fffe7d1b
ffff8059
fffee0d9
ffff86f8
ffffc74c
00006cf9
0000a387
ffffb021
ffff2b27
0000afbe
00003e3f
ffffbcd4
ffff7e85
ffff39ba
00002260
ffffb7fc
000036ac
ffff9520
ffff6e28
ffff359e
fffff7ec
00002c25
fffffc5b
0000228d
ffff167e
ffff73d0
ffffa02b
ffff3fc6
ffff12d2
fffda6db
000002d2
ffffa42e
fffff728
ffffd42e
ffff3f32
00008a7a
ffffb9cc
00002b01
ffff6a2e
ffffced9
fffff665
00006b2f
ffff5277
ffff6e1c
0000d241
00001229
fffff469
0000092d
00005c17
ffffce2e
ffff66de
00006931
ffff3f99
fffee603
ffff986d
ffff32b2
ffffcab4
ffff97e7
fffffb06
ffffff09
ffff7749
ffffb4af
ffffa3b9
ffffd5a8
fffec55f
ffff5d15
fffff618
ffffca95
ffff8f7d
ffff8a45
00001316
ffffee6e
ffff4047
ffffd22d
ffff52b1
00000fd6
ffff682e
00002e4e
00003407
ffffebf3
000060f8
0000bdff
ffff718e
ffffda75
00000b92
00002757
ffffd572
ffffa896
ffff5962
00005959
ffffe509
0000871b
00004cf4
000030fc
ffffe89a
00004009
ffff1bf1
ffff2b4d
fffeaeed
0000264c
00002da8
00002e77
00006e4f
ffffe134
ffff57e2
ffff9a02
00002939
00004dbc
ffffa889
ffff36f2
00008ef4
ffff53e0
fffd4659
ffffeda3
ffffffd2
ffff3ecb
ffffdcd8
ffffc69d
00000f8d
fffed13d
ffffee39
ffff7ee0
ffff6c64
ffff8c0e
ffff9b9b
ffff7d67
0000a333
ffff39a3
ffffe9c3
0000b0cf
ffff6eda
ffffb428
fffff1fb
fffffdea
ffffe1a7
fffffde1
00002c22
ffffea88
ffffe7a6
ffff9d57
00003357
ffffc646
ffff8b83
ffff8e29
fffeb089
ffff547d
000025f9
ffffdc8e
00002428
ffff9eb6
ffff46c6
ffff432b
0000729f
00003b76
00002cbd
000010ef
0000010f
ffffe56e
000000ea
fffff429
fffffcf2
fffff58f
fffff891
fffff2e8
00000412
ffffe6fa
fffffc19
00000373
ffffe3d3
fffffc56
000007dc
fffff52d
000009e9
ffffe602
fffffeb9
ffffeefd
fffffceb
ffffeee4
ffffe3d1
000008ec
0000081a
000004cd
ffffed1f
000004af
ffffec06
fffffe57
fffff892
ffffefbd
fffff691
fffff7f7
fffff72f
fffff4bc
fffff8dc
0000023f
0000080a
000002bf
0000024b
fffff7da
fffff44e
fffffdc7
ffffec50
fffff015
00001898
000000a1
fffffe3a
00000947
fffff0a2
fffff21c
ffffeb28
ffffed08
ffffee5d
ffffef5d
fffff265
00000b48
00000679
ffffedbf
00000e58
fffff2ec
000003a2
ffffe5e5
ffffe990
00000449
fffffe71
ffffe712
ffffeb55
fffff810
fffff630
ffffead5
fffff1a9
fffff2c5
000002fd
fffffdcc
ffffef36
fffffa6c
fffffdf4
000004ae
0000037e
fffff1ec
fffff0fd
ffffe4ee
fffff5bf
fffff6f4
fffff969
fffff046
00000591
000009e6
fffff8ca
00000732
000008e5
fffffb87
fffffa8b
00000989
fffffd02
ffffded7
fffffa6b
ffffec1c
fffffa3b
00000ea6
ffffe521
00000865
ffffeac7
fffffcf0
fffff26f
00000e43
fffffe2a
0000009e
fffffde7
fffff818
fffffeea
ffffe85c
fffff9be
0000002b
fffff422
0000004b
fffffd44
fffff17b
fffff3fb
fffffa8d
0000079a
000005d4
fffff79c
fffffad6
fffff342
ffffe7e9
fffff9bd
ffffe5f9
00001e89
ffffee3a
fffff380
ffffeb8d
000000a0
fffff88a
ffffe3ab
fffff207
ffffee4a
0000039f
00000a53
fffffae8
fffffe1d
ffffea48
00000329
00000440
fffffee5
fffff344
000001f5
fffff766
00000363
fffffa43
fffff357
fffff954
ffffeb90
fffff8fb
fffffeaf
fffff9f6
00000f11
fffff34e
fffff6bf
fffff107
00000200
fffff78e
fffffee9
000002e8
ffffea8b
fffff6c8
000005b2
ffffee98
fffff6c4
00000a3f
00000ed4
ffffe917
fffff0b0
ffffeb92
fffffb19
fffff1fd
ffffde35
fffff09e
fffff0f1
fffff2c1
ffffeabf
ffffe5e9
fffff7a9
0000031b
fffffac2
ffffe83c
fffffb66
ffffe7ba
0000014a
0000002a
ffffefce
ffffe86a
fffffab9
fffff8f0
000004ca
fffff83e
fffff998
ffffead1
0000004d
fffff27e
fffffefa
fffff19b
ffffee02
fffffa7d
fffff23c
fffff3a2
000005c9
0000019e
ffffef8d
fffff88b
fffff3c8
000004fd
fffff573
fffff803
000001c6
ffffe3ef
ffffff8a
fffff5f0
fffffc3d
ffffe840
fffff8d7
ffffef09
00000065
fffff389
ffffe71d
fffffb8c
00000371
fffff2b7
000003d2
fffff5f2
000009fd
00000919
ffffee5a
fffffa58
ffffe8ba
000001fe
ffffdef2
fffff771
00000210
ffffef8d
fffff5b3
fffff99d
ffffe8a8
000007bb
00000237
fffff148
fffff0e0
ffffebc2
000008ed
fffff850
fffff303
ffffefe5
ffffe85f
ffffeef8
0000082f
ffffe9bf
0000033d
000004a0
fffff7dc
fffffd8f
00000fb5
00000f08
fffff940
0000033a
ffffee69
00000e54
00000b08
fffff05d
fffffad9
00000585
00000d99
ffffeef9
fffffff8
fffff566
00000110
000004ed
ffffef7c
fffff3a3
fffff199
fffffa10
00000977
ffffe937
fffff07c
fffff970
fffff58c
ffffefc9
fffff56c
00000632
000008f6
fffff9d5
fffff135
000009af
000000e2
fffff0e4
fffffda5
ffffeca5
fffffacb
ffffe68c
ffffe95c
fffff14c
00000d49
000008ea
fffff303
fffffda4
fffffbbf
fffff48c
fffff024
ffffeed1
ffffee01
fffff95d
ffffecee
fffff9f1
fffff90f
fffffe87
fffff5f3
ffffffe8
000007bf
0000032d
fffff73a
000001ad
00000be7
fffff44b
fffffd19
000007c5
fffffcf7
fffffcb4
ffffeec5
00000947
00000557
fffff658
fffffdb1
00000df5
00000290
fffff2f8
0000036a
fffff07c
fffff9e9
ffffe88c
fffff4a3
0000021a
fffff1e1
fffffc99
fffff99c
fffffbae
fffffa0e
ffffebe0
fffff50f
fffff624
fffff15f
fffffe7a
fffff46a
fffff274
fffff499
00000195
ffffe9ea
fffffb33
ffffeeb7
fffff843
00000f61
ffffe884
00000df2
fffff84e
00000272
ffffe2fb
fffff6ca
0000032e
000000f9
0000017f
ffffef4b
fffff829
ffffed3b
00000302
fffff1d8
fffff0b5
ffffef41
ffffec8a
fffffd2e
ffffe1e3
fffff848
fffff8a0
ffffff2d
ffffed4b
fffff23b
0000068e
fffffbe3
00000153
fffffe4e
fffff458
fffff387
fffff102
000011b6
fffff78f
fffff704
00000ffe
00000be8
fffffcc4
fffff543
ffffeda0
00000958
fffffc4a
00000cf1
fffff4f6
fffffa33
fffff480
fffffe5e
00000f09
ffffff48
00000222
fffff016
fffff072
fffffefb
ffffe9af
00000e60
000005f1
fffffa30
000002a3
fffff2e5
0000019b
fffffc93
000003fc
fffff948
fffff9c9
00000534
000001ad
0000050a
fffffdfb
fffffbe8
fffff772
ffffe81e
fffffe38
fffff231
fffffe5f
fffffd46
fffffd3b
ffffffd8
ffffebf7
ffffe7ab
0000011a
fffffca1
fffffb58
ffffde9e
ffffeffd
fffff6e0
00000fab
fffffd8f
000002ca
ffffffda
00000549
fffff829
00000597
fffff7da
fffff6ff
ffffe3fa
ffffffb9
ffffe6f2
fffffa51
fffff8bf
fffff2fe
fffffb6c
0000102a
fffff73c
0000024d
fffff9f2
00000139
000004fb
fffff991
00000842
000005fe
0000063b
0000124f
fffff353
fffff20e
0000008e
ffffff68
fffff48e
fffff4c8
fffff8b2
fffffa18
00000281
00000845
00000778
fffffb00
000007d1
fffff9af
fffff814
ffffff78
fffff064
fffff9cf
00000e0c
fffffc02
fffffd1d
fffff9c8
fffffca5
ffffeafd
0000037f
fffff3d4
00000043
fffff08b
0000088e
fffff0e7
00000120
fffff679
fffffb3b
000008e5
fffff99b
fffff2e3
ffffebfc
fffff236
fffff5c0
fffff6a3
000008b6
fffff684
ffffee5b
000005b7
00000c31
fffff147
ffffe8b4
fffff6cf
fffff0f9
ffffe962
fffff93c
00000a08
fffffe68
fffffd37
ffffe9cd
ffffe902
fffff2cc
fffffa73
fffff842
fffffce2
00000759
ffffd8ed
fffff9b6
fffff061
fffff4ce
00000308
000004b5
ffffe785
00000810
fffff62c
000005a0
ffffe90a
fffff1af
fffff4e8
fffff630
fffff0e0
fffff9ef
ffffe867
ffffe99d
000003a8
ffffea71
fffff892
fffffc48
fffffcfe
00000345
00000ef7
fffff810
fffff85a
fffff402
fffff621
fffff7a2
ffffff03
0000074b
fffff6bc
0000005b
ffffe971
fffff148
fffffd51
0000017a
fffffa68
fffff529
fffff25c
fffffb51
ffffff92
00000606
fffff77e
00000745
ffffef7b
ffffebbd
fffff90b
fffff229
fffff9ed
ffffef8f
000008c0
fffffdb5
fffff1af
fffffe09
00000100
ffffefed
ffffffb9
000006a5
fffff658
000008d4
ffffe2d7
000007a1
fffff3eb
fffff540
ffffedd0
fffff38f
fffff2bc
ffffebd4
000006ad
00000993
000005f5
fffffe52
0000029a
fffff7f6
fffffdc0
00000320
ffffea79
0000079d
ffffe479
fffffef3
fffffa9d
fffffb96
fffff2e5
ffffea00
ffffe5d5
000002ca
fffff8a1
00000193
fffff055
fffff6cd
ffffed49
000005ae
000002c1
ffffe194
ffffe63a
fffffaae
00000a23
fffff76d
ffffff2d
ffffee53
fffff32a
00000bc1
fffff502
fffff05c
ffffe9ee
ffffe83a
fffff420
0000008a
fffff9a6
fffff9b9
fffff2e1
ffffedfd
fffff622
fffff6f5
00000462
fffff2c8
fffffa55
fffffc98
00000249
fffffd76
fffffa23
fffffb7e
ffffe588
ffffff8d
00000e6e
fffffc89
000001c3
000001f8
fffffc0f
0000009b
fffff341
000002d4
ffffec6a
fffff184
fffffbe9
ffffff12
000006e7
ffffe92c
00000107
fffffe82
ffffefae
fffff493
00000f95
fffffe1c
0000004c
000006a9
fffff2d0
fffffbd5
fffff70e
ffffe8fb
fffff6e1
00000b07
ffffe97e
000000d2
00000546
fffff85d
fffff2e0
ffffee34
000000b0
fffffbfe
ffffff37
fffffdd5
ffffe9c8
fffff959
ffffe61b
000010c9
0000071c
fffffc53
00000621
fffffb9c
fffff176
000006f3
fffff5f7
0000015e
fffff820
ffffea17
fffff7f8
ffffec91
ffffec67
ffffe8f8
fffff44d
00000869
00000b44
fffff9e5
fffff833
fffff95b
00000065
fffffd79
fffff9d5
00000035
ffffe8f9
fffff4a0
00000b25
fffff495
fffff9ca
fffff88e
00000166
0000018c
ffffeb19
fffff4b0
ffffefca
ffffea2d
00000634
fffffbd1
fffff80c
fffff682
ffffeb35
fffff8e6
fffff4f9
ffffed30
ffffef69
fffff500
fffffd89
fffffed7
fffffd05
000003fc
fffff5f5
fffffb70
0000001d
00000049
fffffe24
fffffe81
fffffa56
000003ae
fffffc13
00000465
ffffe9a5
fffff978
fffff61b
fffff8b4
ffffff1d
ffffef23
000007ba
00002733
ffffa166
00004a2c
ffff6a39
fffed91d
ffff8fdf
fffef4fc
ffffb20a
0000593f
0000023a
ffffff8c
00006557
ffff911f
ffffc6cf
00005c4c
ffff8b76
fffffabd
ffffd9f5
ffff1fe8
00008be3
ffffcdc9
00001e4d
0000a4ea
0000b233
ffff8ad0
ffff902e
000058e9
ffff5889
ffff25a0
000075b4
ffffc1f2
ffffd552
ffffe24f
00001499
0000621a
ffff148f
ffff393e
ffffc134
00005aff
ffffc7ff
ffff5cb1
00000550
fffffc5d
ffff4a81
ffffaa56
00000b6c
00000d45
ffffceb9
000005b1
ffffbc47
0000bf0f
ffff0057
00001eb6
00006957
fffff9b5
0000074e
ffffb647
ffffa06d
000092ad
ffffe6f0
000001a8
ffffb403
00005376
00006fa0
00003bfb
ffff5305
00004cc8
ffffc47d
ffff7a32
fffff22c
ffff6cd1
00009e44
000027f6
000040af
ffffd8a8
00010ce6
00004c55
fffffcce
00001525
000032fd
0000038a
ffff241f
ffff99ea
00001436
00001540
0000fa55
fffe91e5
ffff8d0c
00007e13
ffff679f
ffffb5f5
ffff4dd8
ffff6d7b
fffff4b4
00004b30
fffff45a
ffffeb2c
ffff9b47
ffff7723
ffff7cba
00001a64
fffff7aa
ffff5d39
ffff896d
00004979
fffffe34
ffff0279
ffff85bb
00003594
0000017a
fffecdf5
ffff4510
ffff3c0e
0000a12c
ffffd49f
ffff1c73
00000381
00008c0e
000058e2
fffed84a
000054b1
fffffbc5
fffeb5f6
00000ff9
ffffd3b4
ffffc683
000017b4
ffffc2da
0000288e
00000fb7
ffffde03
ffff8eed
ffffc6b5
fffff43e
0000260e
ffff6a09
ffffa915
fffef8b9
00009f10
ffff99c4
ffffa288
000037cd
ffffc93e
00006b3e
ffffe116
ffffcb56
ffff76b2
00003f7d
00004af0
000079f7
ffff94cd
ffffdedf
ffff6e99
fffefcd2
00005ffe
ffff98d7
fffffab4
ffff7ff5
0000036c
00000fef
ffff05fb
00000936
fffeea74
fffff21b
fffec050
00003a14
fffff56d
ffffe3d4
fffff4db
ffff5444
fffef838
fffde770
ffffefb2
ffffb4fc
00000f17
0000659e
00007291
0000e991
ffffb929
00008063
fffffd22
ffffe68e
00008734
000041d2
ffff7ffd
ffff2359
ffffc5af
ffffec06
000014ea
fffed013
ffff39b3
ffff9032
ffffac01
ffffc4d4
ffff0323
ffffd7b9
0000d536
ffffe718
fffff4bd
ffffa1d8
0000ebb9
000034a8
ffff66cf
ffff12cc
0000017e
ffffe7a6
fffff6e8
fffffc99
ffffc972
ffffb29e
00002e99
ffffe1d2
ffffa231
ffff6ad6
fffffd42
ffffa531
ffffc6b9
ffffd524
ffff6571
ffff848d
000076b7
ffff74cc
0000cb79
ffff2811
00001848
ffffd940
ffffe11e
0000561e
00003bca
000015ce
000076d7
ffff3ce4
ffff33a5
ffffce14
ffff9bfc
fffff8b9
00008ddc
fffeabce
ffffd976
ffff7fa2
ffff477c
ffff3900
ffff2df3
ffff5ef6
00001c5a
00002854
00002205
ffff34ad
0000830f
00003daa
00004793
ffffab62
0000a039
fffeee61
00002438
0000bac3
00004029
ffffecf6
00006184
ffff5ca7
ffff129c
ffffc39e
ffffc349
00003fcc
0000b611
ffff70dc
ffff13fd
ffff37fe
00003346
ffff9b63
0000e7c2
0000680b
fffff56c
ffffca8e
ffff35da
fffef8bf
ffff3a1b
fffffcb1
00004b3d
ffff5b06
fffe69e9
ffff7acc
ffffa117
fffffaec
fffef781
00003eed
ffffd76f
00001ef5
fffef5c2
fffef742
fffe7012
fffeccab
00005cbb
ffffe155
fffffd7e
fffd7f8e
0000719f
ffff9140
ffffe80e
fffe821e
ffffd66d
ffff4edd
00004976
00003d46
fffec8a2
ffffd1ac
ffff43ef
fffffceb
0000077a
ffff72d0
00002a9d
000066d5
ffffa629
ffff15cd
ffffad71
ffff2b91
000009e3
00002606
ffff602e
ffff6163
ffff5cb8
fffe9ed3
ffffcdbc
ffffbb1c
000068b5
ffff2803
fffffd06
ffffb375
ffff9bf8
000003a0
0000d362
ffff6d26
fffef75f
00000c64
00001cbf
ffff88cf
00003640
000030ea
ffff7a6b
fffffb3f
ffff1f58
00001d27
ffff624d
ffff161c
ffffe630
ffffde78
00004277
ffff7e97
000012cc
ffff089f
ffff358f
00000a90
00002e9d
ffff2c63
ffffd2fc
0000024a
ffffa9d1
fffff903
fffeb51c
0000741f
fffedee0
ffff934b
0000030e
00005ecf
ffffab15
fffdcbc9
00000e77
ffffc602
ffff7a2c
ffffbefd
00005301
ffffc3dc
00004888
ffffcc74
ffffc84b
ffff4235
ffffc277
ffffea81
ffffc80b
ffff82a2
fffe9c2f
0000a4a0
ffff83f7
ffffeae7
ffffc909
00001d89
000079a9
fffec7bd
ffff77dd
0000457e
ffff5a52
ffff8600
ffff77d2
ffff4235
ffffbee9
ffff867d
ffff4c2d
ffffe1a1
000018a5
ffffa8b7
00004217
ffffd983
ffffed8d
ffff676a
ffff1d62
ffff8ce6
ffff1dfb
ffffd43f
fffed36d
ffffde6f
ffff3e84
ffffc91a
ffff0a94
ffff8611
fffff861
ffff6c02
fffe964d
0000991c
ffffa7d9
ffff7a1b
000072ac
00006053
fffee049
ffffe0e0
ffff89f8
0000166c
ffff910a
fffe65c4
00006674
00002dfd
ffffdacb
00001801
00005d29
fffe4b5b
ffffb6f1
00000b4b
fffeab20
ffff5f8e
ffff3464
ffff5e7a
0000c5d9
ffffa068
fffff9ae
fffe91cf
0000640b
fffea9cc
fffe979a
ffff7c43
00001fc1
0000111d
00008bab
ffff6339
00009674
00001f10
fffeaca5
ffff5b21
0000038c
00003a54
ffffd494
00004014
ffff5618
fffe8c3f
ffffeaf1
00001a1d
ffffa778
0000277e
0000b436
ffff9fbf
fffebed6
ffff7268
fffff4a7
fffffe36
fffef597
ffff68f0
0000b9a3
ffff190a
fffff837
ffffa3e8
ffffd984
00003db6
ffffcb22
0000218b
ffffae06
0000034b
fffe9d2c
fffe7bf2
ffffd883
000079ff
fffffe65
ffffdd56
00002755
00007be0
00000dfc
ffff7fcd
fffef16a
00008c7d
ffff5f85
fffeabe4
ffff45c1
ffff88f2
ffff7ce6
ffffd7bc
0000c908
fffe8e62
ffff607c
00000be7
ffff8b9c
ffff29f6
000000ce
ffff4904
ffff3325
ffff2655
fffff4e0
fffff1f6
fffffce0
00000a53
0000002e
0000026c
ffffecb8
00000684
fffff2f1
fffffe53
00000a52
ffffeb4d
fffffb36
fffff347
00000a90
ffffed9f
00000e40
ffffcfad
00000745
ffffff41
ffffed74
ffffe557
ffffeee6
fffff49c
ffffee7f
fffffd81
ffffe152
00000335
fffff362
00001b25
fffff668
fffffcb6
ffffe05c
ffffc88b
fffffb30
ffffef65
fffffbab
000006d2
fffffdce
ffffd8f2
ffffeb94
ffffe1e3
00000608
ffffef8b
ffffe429
fffff7f4
00000d31
fffff21d
ffffdff4
fffff93e
fffff7b0
fffffabe
fffff32d
0000036d
fffff9ba
ffffe686
fffff7be
fffff77d
0000031d
ffffecb4
0000062c
ffffe79c
ffffe5f6
fffff10d
0000058a
0000088d
ffffe563
0000023f
00001245
fffffc62
000001cf
00000776
00000ae1
fffffc87
fffffa8e
00000452
fffffe6c
000004dc
ffffd924
fffff92f
fffff9d1
ffffd9a2
0000137a
fffff836
ffffe6ff
000007dc
ffffef27
0000011c
000012ad
000002ae
000002c4
fffffc94
00000750
ffffeb64
ffffd570
00000f30
0000019a
fffffe5b
fffffc9c
fffff11a
00000162
ffffe761
fffffdd0
fffff4a3
ffffe291
ffffe5d6
fffff2b1
fffff8e7
fffff94f
00000cf0
ffffe70b
0000082a
fffff4eb
ffffe7eb
fffff076
fffff2b8
00001556
00000851
ffffce01
fffff79d
fffff53b
ffffff3e
fffffe7f
ffffe505
ffffff5d
ffffedca
fffff57f
ffffedfa
ffffed86
ffffed95
00001210
fffff8f5
ffffed3c
ffffeede
ffffee30
ffffee7c
ffffe0eb
00000a6a
ffffeec5
ffffe4ba
ffffeed8
fffffb42
00000818
ffffe4d2
00000646
000009f3
0000024a
ffffe37d
00000a64
ffffe27e
ffffd88e
fffff9e7
fffffbd4
ffffe77b
fffff3c6
fffff967
fffff0ab
ffffd869
00000c6d
fffff4a9
ffffee09
fffffd90
ffffe347
00000eb7
fffff66f
fffff079
ffffee50
fffff6a2
fffffa4b
000001be
ffffdd0a
ffffe9c5
fffffc29
ffffd4bd
ffffe17e
0000057c
ffffcf34
fffffcd2
ffffde58
fffffd3b
00000781
ffffefde
ffffe4e6
fffff707
fffffc64
000009d9
ffffeae7
ffffffe4
fffff4fe
ffffe8e2
fffff12e
000005f4
fffff082
fffffefb
fffff268
fffff1a8
000005bf
ffffd96a
fffffaed
00000230
fffff75b
00001176
fffffd82
ffffed96
ffffde50
0000044d
fffffc3b
fffff62a
ffffe914
ffffebfb
00000751
ffffef5a
fffffc9a
ffffe3b9
000008c2
fffff680
00000da5
ffffee02
ffffdc0b
00000cb1
000008a6
ffffd01d
fffff689
ffffd7a4
fffffd6d
fffff84e
ffffe6bb
fffff17f
ffffe91a
ffffee71
ffffecc0
00000016
00000c0c
fffff482
fffff455
0000065c
ffffeaf7
fffff0e2
0000060c
00001397
00000db3
ffffe72e
fffff47c
fffff183
ffffd5a5
fffff974
0000014b
ffffc802
ffffff56
ffffed43
ffffefb4
ffffeb54
fffffe9e
fffffa9a
ffffff26
00000435
fffff629
ffff9c69
fffff745
ffffad2d
ffffcaec
00004d5a
00001bfa
ffff7a23
0000365d
ffffa244
00000b9e
00003e4d
ffffedf9
ffff5a0e
fffeeff7
ffffdf53
000006cb
ffff9be0
ffff9269
ffff241f
00001184
ffff86bd
ffffc8e7
ffff85ac
0000048d
ffff8c9d
0000954b
000057f9
ffffd37a
ffff9370
ffffb959
00001d62
00002708
00009d40
ffff59eb
00002824
ffff70c3
000043ed
0000614a
ffffea54
00000ae9
ffff7580
ffffff6b
ffff3915
fffed24b
ffff892e
ffff3ef4
ffffe6e6
0000593a
000045ba
ffffbaee
0000825f
ffff9a1f
ffff5f85
000045be
ffff9f36
fffff6b1
00003c37
ffffd2a0
ffffd5cc
00000ebe
00002572
ffff828e
000051e8
ffff3c95
0000bab1
000045f9
0000e3f0
ffffcc50
ffffd2da
ffff8ff5
00008e12
fffef5bd
fffe96c0
ffffd833
ffff8759
0000e911
00000b4e
ffffed98
0000cf09
0000085b
00001f2a
00003eb5
ffffee67
00002427
00006e81
00004a4c
ffffc26c
ffffa2ce
fffec3b7
fffff968
ffff6030
00000e1d
fffefa83
ffff9417
00000a90
fffffb22
fffff714
0000303d
ffff9a99
ffffb3d1
0000bf1c
ffff7d59
fffedda4
ffff856f
0000231d
ffffad88
00007c85
00002ccd
fffed139
0000118d
00000222
fffeefd3
ffff6872
ffffd042
0000d082
00005af5
000024a0
00004c3f
00002c97
ffffb66f
fffff2fc
0000390f
00001305
0000cf62
000081bf
ffffd05f
ffff6c1a
0000b17f
ffffd543
00000aa7
fffea4e8
000029b0
fffed33a
00005875
00005c89
fffe5b6f
00000239
ffffb67a
ffff99bd
000054b9
00004c8c
000046ff
0000395f
ffffe28f
ffff160f
ffffa941
ffffab69
fffff0c0
ffffc159
ffff209b
ffffb4da
ffffafad
00003095
00001f4a
00002560
0000be18
ffffb814
fffff8a5
000079e4
ffff0a31
000036f0
ffffe320
ffff007a
ffff3cff
00000f7c
ffff61c5
fffff3a2
0000620c
ffffbb92
ffffb642
00004e05
ffff33e1
00008200
fffffcb6
ffffe1d3
fffe7f79
ffffcae7
000002e6
0000b723
fffdb0ee
ffff430e
fffeea30
00004a59
ffff5583
ffff689f
fffffe09
ffff1e0d
000081a6
0000566d
00006138
ffffd3b8
ffffddc4
ffffd279
ffffc6fb
ffff4e69
ffff8ac0
ffffecff
fffffb5b
0000ff83
00003024
00009f69
ffffae13
ffffe98f
ffffb817
ffffdd67
ffffda9f
ffffd1ef
ffff64ce
000017a4
fffff019
fffff89f
fffec949
ffff84f1
00000a66
000049af
ffff7fbd
ffff596c
ffff60d9
00003e8f
0000bcb5
0000030d
fffee5ae
ffffdd37
ffffbcaa
ffffa6f4
000030d8
ffff2bab
000062f6
ffff763d
ffff47d9
0000d2fc
000021a4
000021d5
ffff847b
00010d36
ffff653d
ffff8cef
ffffe416
0000455e
ffff1ebf
ffffa9e0
ffffdd73
ffffa43b
fffec1c5
00008cc4
00001c8d
ffff9dc3
ffff76a2
00003db4
ffff53fa
00001d53
ffffc6b5
0000598f
000005fe
00008b48
fffff810
fffff046
000002da
fffffb51
fffff549
fffffd13
fffff9a8
00000198
ffffeaf3
0000026c
fffffab0
00000296
fffff9cc
ffffec74
fffffa7f
ffffe8aa
fffff261
00000751
fffff67a
fffff2ed
00000051
fffff624
00000d06
fffffef6
fffff6a5
fffff984
00000571
00000880
0000066f
00000352
ffffe8f2
00000290
fffffdb0
000005df
fffffc39
fffff79d
00000f66
fffffa28
000001f4
fffff7ba
ffffeba4
ffffea8b
00000f13
fffffbf0
0000036e
ffffefb8
fffffc7c
fffff2b2
fffff09b
fffff6f5
ffffeead
00000470
ffffe3d6
fffffeea
ffffe7aa
fffff111
fffff488
ffffefff
fffff182
ffffe6da
fffffd86
ffffff4c
fffff3e6
fffffefc
fffffaa9
fffffd41
00000610
000005d3
ffffe7ff
fffff1ea
000000dd
fffff52b
0000062d
fffff15c
fffff901
fffff5f0
ffffeda7
fffff57c
00000769
fffff953
fffff222
fffff2cb
fffff2bf
00000cae
fffff384
0000068c
fffffa7e
fffff102
00000b3b
00000469
ffffec9f
fffff73f
fffffedc
ffffeeaf
ffffee5f
fffff929
ffffed9f
00000f01
fffff1b7
ffffeb8b
ffffedc3
fffff6da
fffff6bd
fffff304
0000024d
fffffac8
fffff97b
fffff55c
fffff418
fffffad3
ffffe9c1
fffff0e5
0000095a
fffff148
fffffce8
fffff0cf
fffffd0a
0000032f
ffffef05
fffff19f
fffffb05
00000529
00000b00
fffffbb5
ffffea90
000005d4
fffff6db
fffff2ba
ffffebab
00000528
00000101
fffff273
ffffe211
fffffd6e
0000063c
00000169
ffffec5e
000003a8
fffff98e
00000367
ffffeca4
00000466
000002e7
fffff83e
fffffc83
ffffef87
ffffec23
000007b7
fffffd74
00000980
fffff406
fffffadb
fffff1e1
00000032
ffffef7a
ffffee30
fffff2d7
000006f0
fffff5bf
fffff6cb
ffffeeea
fffff921
ffffe937
ffffe8ec
00000a4f
00000d34
fffff440
fffff3c0
fffffe0a
fffff858
fffffd85
0000003b
00000419
fffff455
000009ef
fffffcdf
000008fa
000005b0
ffffeec3
0000083a
fffff74b
fffffcb7
00000b57
0000021e
fffff18f
00000114
fffff5d6
fffff196
fffff4f4
fffff9a4
fffffad7
0000130f
000001f5
fffffd53
fffff1d4
0000058a
00000657
ffffee6e
fffff691
fffffdc4
000003c0
000008a8
00000665
00000733
ffffe4f3
fffff423
ffffeaab
ffffe569
000009bc
000006ca
0000072b
fffffbc8
fffff912
ffffeeda
00000b61
ffffef73
fffff4d0
00000550
fffff255
0000052a
ffffeaf3
fffff9c3
00000a26
fffff0de
0000004b
fffff42c
00000748
fffff975
fffffcea
fffffb7b
ffffeb11
000005b1
fffff292
ffffec72
fffff647
fffff1cf
fffff0f6
fffff405
fffffb34
00000bad
fffff661
fffffca2
fffffa10
fffffa68
0000090d
00000375
ffffe752
fffff5cf
ffffeb0a
fffff25a
fffff497
ffffedf1
fffff523
fffffdd8
fffffd90
fffff7fc
ffffbf0d
fffff722
000072e1
ffff9d2b
ffffdc51
ffff6ae8
0000252e
00001c91
00003b68
00005456
ffff6372
00009c1c
ffffe707
00007ff3
ffff47e2
00009284
fffffa7f
00007c06
ffffc6e1
0000197e
ffff333c
00001dbc
00004959
00003886
00001bde
ffff9dc5
ffff5961
ffff0578
00008a03
ffffd1a5
00009411
00001523
ffffd085
ffffb926
ffff0731
00000ad6
0000169e
ffff7276
000069db
ffff86f4
fffe1832
00006e27
0000143d
ffff8cd2
ffff4fae
ffff5006
00003171
ffff9d96
ffffe915
ffff1e4f
fffff357
0000a501
ffffed8d
ffff8b07
ffff9757
00004540
00000199
00009464
00000900
fffff19b
00000b89
ffff9124
00001719
ffffc940
0000c88d
ffffe944
000113ac
ffff1601
00006cb4
0000133b
ffffce72
ffffb359
000025df
ffff9a22
ffff37a5
00008a8a
00003037
00000ea3
ffff566b
000022ce
ffff8bcc
000069cc
0000c27d
ffff41f1
00005e6d
ffffcc8a
000018ab
ffffe847
00003ccf
000028c6
ffffe3bd
00001a73
000046a7
000002d8
00000cad
fffffad3
ffffe2d9
fffff10c
00006344
ffff36a9
ffff2c28
000066d6
fffe8eb6
000022bd
fffeff49
ffff735f
ffffeca1
ffff9fc9
ffff985b
fffff448
ffffde73
000098b3
ffffc48d
ffffcb38
0000193a
0000e3b9
ffffd182
ffff3944
0000d1bb
fffede72
ffff7910
000019d3
ffff1d23
ffff5ba8
fffe0304
00005ddd
00018e1a
fffeaaba
fffea7dc
00001e19
ffff9001
fffef46c
0000569f
00006d3a
00004266
ffffc33b
0000956c
fffe69ca
ffffdd4d
ffff4050
000072ac
ffffd546
ffff8e17
00002525
00004e0b
000000a8
00003872
00010468
ffff6ae7
fffff27e
ffff3d08
ffffadda
ffffcebd
ffffa058
00002fd9
ffffc75f
ffffd1dd
ffff8e75
000002f4
000081d2
ffffc86c
000038a7
ffff610e
00002289
00003ef4
00001702
ffff76b5
ffffdf79
ffff76bc
00009eeb
0000958c
ffff91cd
00004248
000002c2
00002614
ffffdef3
fffe0015
0000ab98
000037bb
00004133
ffff1546
00001f18
ffffb527
ffffe3cf
ffffee2e
ffff1556
fffff06d
fffefa0c
0000295b
fffcd53e
ffffb071
ffffed1b
ffffdea5
00000fcd
ffff4320
fffface2
ffffab39
ffffa37a
ffff4581
00007513
00008118
00007f5a
ffff717d
ffff909a
ffff8b11
ffffdb6a
fffee11d
0000005c
ffff7353
ffffdca6
0000b00a
000082c1
000043c8
ffffd9f6
fffff7be
00013023
00001b10
fffed93d
0000061e
00000472
ffff3ebb
00002844
ffffd484
ffffebbc
ffff1374
ffff84f8
0000c8b6
00007d17
ffff0b24
00006e76
ffff5e49
00000f99
00008680
ffffefe1
000067c2
00000536
ffffec38
ffffda2c
ffff8c92
000105d6
00008e60
ffffa130
000005fa
00000f5b
ffff17b0
ffff4799
00000063
ffff75c1
ffff6c60
ffff7d84
00002b15
ffff46a1
fffffd7d
0000182d
00008791
fffeb9f7
ffffe42f
ffff073a
00008b4c
00000aa6
ffff50ff
fffffca5
ffff53a3
00007921
ffff6614
ffff8379
00004fdd
00007325
ffffa717
ffff83b4
ffff538d
ffff555f
00000791
ffffaf57
00003572
00000bac
ffff4ab4
fffef6c9
0000785a
000012da
ffffd67f
ffffd117
ffff7eb7
00003ba3
ffff5ba7
ffffa984
ffffda26
ffffcbeb
ffffe489
00001d9a
00004081
ffff6b98
ffffaa24
ffffe568
000073b1
ffffdf6c
ffffb0d7
ffff91de
000001b0
ffff5034
fffdd586
ffff4ce2
000001ab
ffffcfd0
ffff41e2
0000144d
ffffcfce
ffffca60
00002e9f
ffff65b5
ffff2396
000061e3
ffffadc8
ffffa3d5
000020cd
ffffe943
ffffee03
fffff842
ffff653c
ffffd7a1
ffffd19a
ffff6160
00003d7c
ffff7bc1
ffff93b9
00006953
ffffeec0
0000af22
000025ab
ffff713a
00002836
ffff7369
0000337b
fffff24e
00005863
ffff61cf
ffffe9e6
ffffd5f5
ffff7dc5
00004f5e
00000a14
ffffb607
fffff888
ffff6f8e
ffffd44e
000016d7
00001843
ffff9ae4
ffff9183
ffffa9fa
ffff5cc6
fffff0ee
0000543b
fffe6641
ffff0e07
00001b8b
fffea843
ffffb092
fffeeceb
0000b6e8
000038ff
ffffc484
ffff11fa
0000937a
00007434
ffff9cea
fffeb7ca
ffffa921
0000507c
fffeda77
ffffe363
fffffcf7
00002766
ffff72aa
ffffb0f9
000042a3
ffffca67
ffffa5f9
fffe06c1
ffffa401
ffffba61
ffff5777
ffff780e
00007d34
0000a7f0
ffffbdc7
0000bfc8
ffffae77
fffefc11
000032a8
ffffbcc1
ffff5af0
ffff7036
00004c7c
ffff9701
ffff8f51
ffffbbd4
00005edd
ffffecac
ffff5df6
ffffc6d0
00009646
ffffd4b0
ffffac61
ffffcf6e
ffff97a4
fffff327
ffffe4d1
ffff4a53
00000e34
ffff82ba
ffff3f42
fffd924d
ffff7326
fffff097
ffffbb16
ffffa46f
ffffe651
ffffab0c
ffff9a76
ffff36c5
0000151f
ffffd5a7
ffffd65d
00002644
0000730e
ffff54f7
fffefae7
00003103
ffff95d9
fffef278
0000699d
ffffa667
0000a0fb
ffffe240
000085fe
ffff7d2c
ffffba4e
ffffdad5
ffff98de
ffff59ff
ffffc64f
ffffb0c7
ffffeb9a
ffffc7e3
ffff0ecd
ffff4f4c
000047e8
ffffea8f
ffff6dc3
00002b7f
ffffc221
ffffd8fc
ffffb661
ffff8ef3
00001ef7
ffffa75c
fffffe52
00003d78
fffff7c6
000005cd
fffe7719
ffffaa94
ffff7bad
ffff9a0a
ffff8a87
0000071d
ffff2329
ffff9319
fffff7be
fffff4a8
ffffc151
fffec1f1
000011c5
00001997
ffff3964
ffffa9b7
ffff3472
ffff60f4
ffff7247
ffffd15b
ffff5761
ffffc8c8
ffff3d93
00008fad
ffff2848
ffffabea
0001188e
00008d74
ffffa61c
0000411c
0000032d
ffff7af4
fffff74d
ffff1d90
ffff13bc
ffffe179
ffff9dd2
fffdf4aa
ffffeb74
0000fa8b
fffff5b1
00000254
0000410a
000029fd
00002ef8
ffff9392
ffff1936
00000457
ffffc026
00003f35
00002c3c
0000001e
fffff11c
ffffed8a
fffff0fe
00000718
00000142
000005b4
00000532
00000950
00000763
fffffe25
00000cb0
fffffbc0
fffff01a
000001a2
fffff9cb
00000523
fffffa5c
00000736
ffffeea5
0000067c
ffffeb92
00000ec7
fffff564
fffff113
00000575
ffffff4c
ffffee71
00000377
00000649
ffffee58
fffffadf
00000641
00000c0d
ffffffbc
ffffedf3
00000c12
00000983
00000442
00000807
ffffef50
fffff3ce
fffffdee
fffffadb
0000018e
000009f8
000006be
fffff94d
fffffc8e
fffffe12
00000588
fffff420
fffffd6f
00000666
ffffeac5
fffffce5
ffffef21
fffff30f
ffffe7e0
fffff07d
0000086b
fffff07e
000004ce
fffff643
fffff777
ffffedbb
00000a00
0000069d
ffffee0d
fffff33c
00000165
fffff43c
fffff93f
fffff512
0000103c
00000d82
000009ca
fffff242
000008fe
000000c1
fffffd2f
fffff2bd
00000d74
00000e31
fffffd9d
fffffd5a
fffff0b1
fffff29b
fffff688
000005df
00000c1e
fffffb19
ffffee59
fffff0d1
00000882
fffff5cc
000005de
fffff17c
ffffea9c
fffffa9d
ffffeb07
fffffd90
fffffb7d
fffffb46
0000047a
0000005e
fffff9d7
fffff58c
fffff6e6
00000d80
00000bfb
000007fe
fffff4fb
ffffef7b
fffff2a4
fffff3d3
fffffa47
fffff0d5
000006f0
fffff25d
000006b5
ffffeddc
000000da
ffffec26
fffff086
fffffeb4
00000376
ffffee2d
fffff47b
fffff1e8
fffffd7b
000006af
ffffff04
ffffe95f
00000221
fffffa29
0000022c
fffff02f
0000017c
fffffcf6
00000a5d
ffffffee
00000415
00000278
fffff8c8
0000023f
ffffecf2
fffff39e
ffffead3
00000203
0000078b
fffff7ea
ffffef47
fffff27f
fffffdf4
fffff565
fffffef8
000005f6
00000b03
ffffef20
ffffee31
fffff8b7
fffff0ca
fffff2b8
00000f10
000007f5
00000482
fffffe79
fffff3d1
fffff004
fffff37f
fffffae0
000000e8
000007b9
ffffe800
fffffb0d
fffff1a9
000009fb
fffffbe5
fffff67f
fffff906
fffff789
fffffc29
fffffd33
fffff356
000008b3
ffffe38b
fffff802
00000fe1
00000768
fffff04e
00000342
fffffe2e
fffffaf9
fffff67a
fffff263
fffff784
00000772
fffffbac
000007a2
0000064a
0000100e
000010c4
00000d7d
fffff3f4
0000025a
000007f3
0000008a
fffff0c8
fffff5c0
fffff9b0
ffffecbd
ffffeebe
ffffedcb
fffff480
ffffef60
fffffe31
fffff1b6
00000b68
fffff918
000009ee
fffff029
fffffec2
0000089f
fffff3c9
00000d1d
fffff17e
ffffee71
fffffa3b
00000671
fffffd4d
00000558
0000021a
00000ba9
fffff6f6
00000fee
fffff08e
fffffd4b
fffff63e
fffffa02
00000c12
fffff065
fffff74d
000004f0
000004ae
fffff427
fffffe8b
ffffea7f
fffff187
00000683
00000fb7
00000258
fffffb30
fffff1ef
fffff527
000006fb
ffff6d89
000022d4
ffffb96b
ffff718f
ffff92e0
ffffdaa9
ffffe412
ffffaacc
00006e35
0000995e
fffea98e
ffff44b2
ffffcc1b
000021df
0000854d
ffff6831
fffff4e9
ffffdc29
00004a27
ffff344b
00003a21
00003bc0
fffff9e2
ffffb498
fffe4888
ffffaa69
ffff0ef6
fffec588
fffea7ea
fffe8801
00007ff0
00004184
ffff65ef
ffff9db7
ffff9be2
fffee359
ffff3f1b
00000dd0
ffff6105
fffe3b9c
00006d77
ffff3548
000002c4
fffd7fe0
fffec120
ffffe533
00000b4f
ffff809a
fffff4f7
ffff193c
00003e21
ffffc3a7
fffed128
ffff6b67
ffff578e
ffff2f87
ffffb5ff
ffffb65c
00008784
ffff5ced
00000b94
00007390
ffff07e2
ffffb426
ffff4978
fffe518d
fffffb0e
fffe400a
ffffb717
fffee58d
ffffdf1d
ffff4a63
00011273
fffe88f7
fffff929
ffff4af9
ffffbabf
ffffee0f
ffff15f0
ffff6112
ffff5fa4
0000027c
ffffd934
fffefae0
0000390c
ffff8f4c
0000343f
00009dd7
ffff17a4
ffffbaa1
fffef677
ffffb65b
ffffd518
ffff38fe
ffff1449
fffff194
ffff3d4c
ffffc60b
ffff9120
ffffeef1
00009fbb
ffff2674
ffff6e13
fffed643
0000048f
ffff644d
ffff4ea8
ffff70a4
ffffb3b2
ffffe039
0001865c
ffff3521
ffffd142
000000bd
00000119
ffffc58a
ffffdeae
00003409
0000f93b
000000e1
ffff68fb
ffff381c
fffe8e3f
fffff7d7
ffffb02e
0000943a
ffff29d1
0000c624
000031ce
fffe9416
ffffd9ee
fffe9c65
ffff47a9
ffff372c
ffffc60f
ffff0481
fffed088
fffe3ab8
ffffc3c7
ffff2aeb
ffffff3f
fffeb936
ffffe286
ffff9982
ffff8dee
ffffd810
ffffa2d0
00000de6
ffff992d
fffeff77
ffffdba6
00000544
ffffb4eb
0000c8f4
fffe9318
ffff12cf
fffef3b2
ffff4870
fffff884
ffffb8ae
fffeb47e
ffff84c0
ffff1438
ffff3c7c
fffe9a65
ffffeeb2
ffffe8bf
ffffa513
00003df2
ffff483b
ffff84ce
ffff3900
ffff7b9f
fffefee9
ffffdf7d
ffff0fcd
0000954b
ffff2636
ffff52b4
ffff25c6
fffff9bf
ffff30e0
fffe940c
ffff3a31
ffffa063
ffff8953
00003acf
fffed7ac
ffffb077
ffff6ae1
ffff0f71
ffffc40d
fffeedcf
00003662
00002e34
ffff93de
fffff3ea
fffe57d0
fffeb2d0
ffff5edc
ffffaf4b
00003d5d
ffff1866
ffff23a1
fffe93e8
ffff5aba
ffff9aa5
000040c4
fffff5ab
ffff8a44
ffff6fed
ffffc798
00009a52
fffff16a
00000e85
ffffaa9f
ffffb54b
fffe5ce9
ffff97c1
ffff74e4
ffffe644
000030aa
ffffb992
ffff9695
ffff3621
0000a1e5
00000195
0000280c
ffffd249
ffff3752
000099e4
ffffcf63
ffffe6b2
ffffdf7e
00001bc0
00000d77
ffffbe9c
ffff6e76
fffe0767
00007338
ffffc167
ffffc8fd
ffff3d21
ffff20b0
fffee265
fffead6d
ffff705d
fffeb218
ffff78cd
ffff5c08
ffffb743
ffff0ab6
fffee8bb
0000943f
ffff34ee
00000887
00009f58
0000a981
ffffed0d
00007330
000020fd
0000c05d
ffffdec3
ffffa76e
fffe8483
00003c3c
00011976
00009ec6
0000f7ea
0000529a
ffffae5c
00000f25
fffffb5d
00001cef
0000ed7b
00004255
0000bd2e
fffdc476
ffffb212
ffffcb81
ffffdb24
0000d8e2
00005914
0000e049
ffffe513
000011d7
ffffa35e
fffeeaf1
00006f65
000098b7
00008ebd
fffefeb0
00000ea8
ffff8f7f
00001efc
ffff2d98
ffffc943
ffffbdc6
fffffb77
ffff847e
ffffeda7
fffdc083
ffff2b22
fffefbf0
00001966
ffff82dc
00003dd9
fffeda6f
0000a19e
ffffc6ef
000075d4
ffffbc03
fffffcbd
00000b12
00007876
ffffe5dd
00001177
ffff409d
000018ba
fffff46e
0000966b
ffff3563
ffff3f7d
00004bc4
ffff6271
00005c81
ffffdf03
fffe992d
ffffea8d
00005887
ffff8515
fffe45c4
fffefdbd
fffff5e9
00008463
ffff5730
000070f7
ffffbb28
00000097
ffff88c2
fffe441e
0000331a
fffdd2de
ffffd428
ffff4efe
00001751
0000e7ec
ffff991b
00008086
00001827
fffe4180
fffff094
ffffefc3
ffff8aaf
000018f9
ffff6ae8
00002f73
fffe8bf9
000019fe
00004683
ffff78f8
ffffd098
ffff9637
0000075f
ffff952b
ffffc574
ffffae9c
fffebb1e
0000a51d
fffff2da
ffffb0ad
00007da8
ffffefd5
ffff548d
fffff407
ffffd6c6
fffffe79
00000ce7
ffffe203
ffff820b
0000afc1
00007004
ffff5647
fffe6590
00005b2b
ffff2f3a
fffeeea6
0000193e
ffff2458
ffffbc44
fffffb10
ffffe3d3
0000406e
ffff3f5f
fffecaf8
fffff5b9
0000a7cf
fffe1d86
00001d42
ffff7f40
ffffa672
00007e63
0000633c
fffde3df
ffffd926
fffeffe6
ffff3696
ffffc727
ffff8007
ffff6db0
0000570d
ffffeee2
ffffcffb
fffee2b3
00000046
ffffdf8f
ffff5858
ffffa5ed
fffde96f
00004ce4
000066e3
00007f9e
ffffe7b9
fffff997
ffff1d3e
ffff6fdf
ffffda7e
00001a1f
fffffd65
ffffdc65
000042ac
0001242b
ffff6cf1
fffe11c3
ffff43c7
ffffa81d
fffdabda
0000be9e
00003d2b
ffffa683
ffff0b6a
000056fd
ffff8c4c
ffffa829
ffff90b7
ffff67fb
ffff72da
00005b16
ffffc551
000034f8
ffff1eba
00007f51
ffff4be0
ffffedcf
ffff5501
00002c14
fffe5b15
ffffd43b
ffffc803
00005ba3
00003a00
0000443a
ffff6784
ffff3380
000000da
fffffa7e
fffff375
ffff0c72
ffff9bdf
00008879
fffffadd
ffff13b5
ffffd7a3
ffff2ef0
ffff5cf0
ffffbb5c
ffffcca0
000095e1
0000b936
0000d2b7
fffde574
fffebc0d
ffff01d8
000013ba
ffffb885
ffffc45c
00005ea6
ffff85b4
00002f6f
ffff2a94
ffff787c
ffffd8bf
ffff9eea
ffffd156
ffffeda2
00006258
ffff37f7
ffff8c14
ffff6ff9
ffffd85f
fffff225
fffffdd8
000049db
fffd7b5d
ffff939a
00012094
ffff09c5
ffff8b4b
000067bc
ffffdff1
ffff78bc
ffffc969
00000308
ffffc858
ffffa02c
ffffcf2f
ffffa781
00006875
ffff32a6
ffffc358
ffff1d27
00007037
ffff3af0
fffff1d0
ffffafc4
ffff9df0
00003f11
ffff06ca
fffff04d
0000211a
ffff1f8b
ffffc4ef
ffff983f
fffff2f6
00000e88
ffff1c8b
00001d01
ffffc2a2
00002b5b
00007e1b
ffffca27
ffffc386
ffffbd22
ffff86d0
000049da
ffffefbb
000003a6
ffff4d3c
ffff9035
ffffabe2
00009184
00000fcf
00008d21
ffff9ae6
000008bd
fffed043
ffffd1cb
00004a4b
ffff88e2
ffff9ffc
00005812
00007aae
ffff8703
ffff96a4
00000c05
ffffcf06
ffff98de
ffff223f
ffffad5b
ffffd468
fffee5e1
ffffac66
0000020d
ffff0113
ffff5216
000099ae
ffff231d
ffff942f
00001683
ffff9002
00001b4a
fffeefc2
000037e1
ffff36f9
0000184e
fffff2df
ffffd6cd
0000262f
ffffc17b
fffff6ec
ffff163c
ffffcba0
fffff08c
000015dd
ffff1ee3
fffeee59
ffffdb0b
0000508c
fffe0aa0
00001aec
ffff198a
ffff2ace
00001589
ffff9d73
ffff5576
ffffce08
ffff101c
fffff8bc
00002bc2
ffff9821
ffffb990
ffffd808
fffe3728
ffffd793
ffffebc5
ffff8914
ffffc98e
ffff41c4
ffffa6fb
ffffed97
ffff4d3e
fffffe60
0000d870
000011f1
fffff174
00001770
fffffdeb
ffff94c1
ffffedb6
00003e60
ffffc5c1
fffff3ff
ffff42e2
00000439
ffff6c02
000009f2
00001897
ffff100e
ffff3e1a
ffff6a5b
00000599
00008e27
000024ae
ffffc11c
ffff3d3e
ffffe2f9
ffffc3c1
ffffca96
ffffded4
fffeec69
000020f1
ffff8492
ffffe87d
ffff495f
ffff8d23
fffec38a
fffe8a89
00003db5
fffff5bf
fffffa19
fffff3cd
ffffb91f
ffff2b76
00004c2f
ffffe51a
ffff5d39
00009f84
ffffac17
ffff0ffc
ffffa51b
fffffb22
ffffa061
ffffe0a8
000005e5
ffffcf74
00001bb6
ffff7b73
ffffd5f9
00000791
ffff35d3
0000049c
ffff0205
ffffe0ec
ffff9d4c
ffffc08f
ffffc6e1
00002b92
ffff588b
00000a0e
ffffe4d1
ffffaa21
fffeeb54
ffffdf6a
ffff8da4
000042be
ffff4751
ffffa5ed
ffff9758
ffffba38
00005441
0000453b
ffffdaeb
fffffef3
ffff6a92
fffedbbf
ffff1c79
ffffb963
ffff3fd1
ffffe02f
ffff8b33
00000d52
ffff78d7
ffff4f08
00001444
000029f6
00000f6d
00008306
000049da
ffffe666
ffffc72a
ffff840b
fffee271
ffff9140
00001bb8
ffff91b1
00004161
000000db
0000554e
ffff1f47
ffffeca0
0000556f
ffffd0f5
fffff14f
ffff34f1
00003676
ffff09cb
00001d2a
ffff6438
ffff3ba7
fffeface
ffff502f
ffffa742
00001957
00009abe
00000bd2
fffff2ec
fffffd47
000014d1
ffff9737
000069b3
00001d8e
00005024
ffff934f
ffff8942
ffffd78f
0000ae12
ffff8ccc
000033ed
00000c1d
ffff846c
0000a66a
ffffba23
ffff6df4
00006b91
00004053
00007cc1
0000527b
00009b8d
000014f9
ffffe8e3
ffff84f1
00006c7a
ffff1cbb
fffff043
ffff22b3
ffff7e9e
ffff90ce
fffffc39
00005af6
ffff940b
0000239b
ffffff2b
ffffe2e2
ffffeb47
00000ee9
ffffb416
00006337
ffffadcf
ffff9ba0
00006327
ffff552b
ffff7b11
0000acd0
ffffdc10
ffffb3f5
ffff9169
00005690
ffffd4ce
00000e5f
ffff9b9c
0000196b
00000b29
ffff38b0
ffff95eb
ffffe875
ffff34ea
ffffce34
ffff9516
ffff6b62
00008816
fffff8fb
00005739
ffffd1b2
ffffbbf2
ffff5826
ffffa05f
0000020b
ffff7162
000072a1
ffff7e6b
ffffc496
ffff634c
ffffe746
ffffdf2d
0000aff3
ffff94bd
ffffdb9a
ffff61c9
000007a4
00002e75
00005f0f
ffff0e70
ffffb81b
ffff7ebb
ffff9301
ffff90ea
ffffff1e
ffff7c41
ffff84ff
ffff7414
00001aae
ffff3bf9
ffffda95
fffff772
ffffefbb
fffffe33
ffffda95
000060d3
00006e36
ffff5ce8
fffe5140
fffef037
ffff8319
ffffb5c2
ffff2bc3
ffff78cf
0000906d
ffffd53c
ffffb50f
ffffc856
0000493d
fffee102
00008023
fffff63d
ffff1a8b
ffff6f98
00001bda
0000c12f
ffff8032
ffff1355
00003876
ffff45ca
0000e243
000034ef
fffeabb2
ffffb934
00003d1e
00008b05
00005cc4
000006bd
ffffe4b0
ffffb43e
ffffe1bb
ffff99cc
00007f1c
ffffa463
ffff424e
000051a3
ffff099b
ffff9c2d
fffece5a
ffffd894
000043f9
ffff80a5
00001a44
00008fb0
ffffcddc
ffff5b45
00004d4a
ffff5ea9
ffff8283
fffeac48
00008589
ffff9799
fffea276
ffff5f1c
ffffd071
ffff2eb5
0000960f
00004493
ffffe7d3
00002c81
0000482d
0000b707
00003f54
000025ae
fffff6d2
ffffd44d
ffff8dfe
fffff355
ffffff1a
fffec307
ffffbd4b
fffeb673
00002b68
ffff9931
000008bd
000001c2
ffff22f2
ffff564a
fffffd36
ffffb6ee
ffff82f1
fffff9f0
0000043e
ffffe759
00002e39
ffffb0bf
ffffab15
fffec068
ffff845a
fffe5d0e
fffed05c
ffff7b8d
00000c42
000007fa
ffff755e
ffff91cf
fffff2c3
ffff2af4
fffeb6c0
ffff5189
fffff2c0
ffffd698
00000e74
ffffc914
fffff128
ffff3cf9
ffff61e0
ffff5110
00006481
ffffb03e
ffffaae4
00007812
ffffb166
0000b15b
fffef13a
ffff82f9
ffff5d44
ffffca57
ffff2df7
00008870
fffeaecb
ffff981c
ffffbaf8
ffff8c28
ffffd0c7
ffffa80c
ffff54d9
fffffb08
00008b28
ffffe9e2
fffff000
ffffb9d0
ffffb9fd
000013d3
ffffacf5
000021a2
00002bc7
ffff293c
00011298
ffff57f1
000022e3
ffff83a5
0000055c
00009d99
ffff583e
fffffab0
ffffb7f3
fffffe6a
00003fe2
0000236e
000060f9
00000359
0000059a
ffffd0db
ffffcb67
00001149
ffff09fe
ffff55c2
000051fc
00001423
0000286f
ffff4c65
ffffb7b1
fffe62c6
ffff2ffd
00005bad
ffff8a16
fffec176
ffff8a6f
fffed7a6
00006402
ffffa241
00000669
fffe7496
ffff8de2
0000657b
0000b0a2
0000f3d1
fffda0e6
ffffd885
00007e39
ffffe92d
ffff1d00
ffffce2a
ffff9560
ffff9932
fffffa0c
0000380b
fffff44c
00004a6c
ffff7c98
00004674
00008f1e
fffee4e0
000021c3
ffffefac
ffffa6f5
000002ef
ffffb527
ffffd663
ffffa556
000064a2
0000174c
fffefbf8
ffff00c2
000047a8
ffff1b77
ffff8917
ffff6f57
0000a7c3
ffff5222
fffee4e3
ffffbd37
ffffa569
fffffaa1
000062a8
00004810
ffffcebc
ffffd17b
000051dc
000075ef
ffffaabd
000079fe
ffffef0a
ffff7f4f
ffff54d6
00006156
ffffa822
fffef911
0000135b
0000653f
00003656
00000b0c
0000269b
00004549
fffe361a
ffff05bc
fffe5de1
ffff4a21
0000f2d0
00000754
00003842
ffffc99e
000007e9
00001080
00005da5
000029bf
0000cf7c
ffff69d0
000005aa
ffff9186
000037ae
ffffe798
00002fd4
ffffe614
0000d242
00004526
00004542
fffeb8af
ffffee4c
ffffd2e3
ffffc83e
00002608
00003d03
ffff6139
ffffbe06
fffed66e
0000112c
ffffa743
0000ab21
fffed961
ffffbc51
00002574
0000199f
ffff6489
000030a4
ffff87b4
0000335c
ffffedc9
fffed304
ffffae04
ffffe086
fffebe87
00001e41
ffff9c6c
ffffbbc3
00003af6
0000b9c0
00001bb2
ffffe565
00004773
ffffbe27
ffffee41
00000b77
fffe96ae
00001f25
ffff97bf
ffff8d7d
0000c1cd
ffff5a95
ffffb101
ffff394f
ffff455e
fffecd6a
ffff6f53
ffffe096
0000bc9e
ffffbafe
ffff61aa
fffff9d3
ffff88d4
ffffc987
ffffbce6
ffffdcee
ffff459b
ffffd48d
ffffb25b
fffef7de
ffffda88
ffff7f69
00002b80
00008fde
ffff448f
ffffa9ff
00001345
000008ca
fffff5d4
fffffc3b
ffffc013
ffff8c19
00001799
ffff9a36
000000f8
000062d1
fffefc09
ffffaabd
00005148
ffff56a9
ffff845c
ffff292f
0000032c
ffffbf5f
00004229
ffffd76e
00007e2f
00002fe9
ffff106d
ffff5fe0
0000de8a
ffff3af3
ffff4797
ffff8491
ffffb3b0
00002999
0000bb1d
ffff8e44
ffffa8b7
0000269d
ffffdbb9
ffff7228
ffff7062
00006a2a
fffeec3d
00002962
ffffaff0
fffef3b9
ffff5fee
00002910
0000ba5d
ffff23da
ffff09f4
ffff4302
ffffa48c
000091a3
ffff8b2b
00000d71
ffff504c
00004f78
ffff7b89
ffff72ef
ffff15c0
00003057
00001fb6
ffffc047
ffffd653
ffffee48
00000fda
ffff715a
ffffcc29
ffff4095
0000273f
ffff45be
fffe6391
ffff382f
ffffbebe
ffff00d8
ffffe4a6
00007d48
ffff97b8
ffffa965
00002715
ffff93af
fffef902
00000c93
00006dcf
fffffa06
fffffd6a
ffffd98b
00009095
ffff9bd3
ffffe118
ffff999b
ffffb0df
fffec1f6
ffffcdf1
ffff55a4
00006789
ffff5077
ffffde75
ffff42e2
ffffa90b
ffffe911
fffeb706
ffffba8e
ffff89b5
fffea9e9
0000697d
000087df
000014c0
ffff9643
0000039e
00001c33
ffffff9d
000012f7
ffff98c3
fffffd8b
ffffeee5
ffffe88b
ffffea25
00001d50
00000dff
ffffe211
00002340
00000612
fffffdef
ffffe337
000006f5
ffffd26b
ffff9953
00002a3e
0000522d
00000d4f
ffffe6b6
00002a05
ffffe9ff
fffff9e5
00003213
00000d3f
00001a67
fffff2d5
ffffeab1
fffffd0a
fffff9c2
000005e2
00001ac2
00001760
000013c6
fffffea3
00001489
ffffed95
fffff638
ffff762b
0000224a
ffffed65
000026f5
00005c5a
00002238
000065ef
fffffed7
ffffe7c5
fffff5ad
ffff9109
ffffe44f
00001db4
00001356
ffff9fb3
00002e02
fffff56e
fffff555
ffffe5e7
0000469d
ffffd58a
ffffdba6
000008b9
000057dc
00001c54
ffffe9a9
fffffe14
00003d9c
fffffc4e
000008b9
ffffef44
00000046
000007ad
ffffdfd1
00000a11
ffffe3b6
ffffbcd5
ffffe66e
fffed5e2
ffffe834
0000293c
ffffa5a5
ffffcf28
fffffb96
ffffcece
fffffb93
ffffc50e
00000fd4
000019b3
00000958
fffffcf7
ffffe186
000002af
ffffe804
0000215d
000008be
fffff11c
fffffd07
00001315
ffffb92c
fffff7d9
ffffb10b
00002943
00001c2b
0000047e
000008a3
ffff4b06
fffff083
000085df
00001771
0000254a
000068d3
00000a38
ffff4af5
ffff7e36
00000377
ffffcfc7
00000bfe
00002e7b
fffff3ef
00000dcc
0000269e
0000128d
000043c9
00000594
00000639
ffffeef0
00000ead
ffffe26f
000040c0
00000f1c
00000544
ffffefe6
000001f2
000006eb
ffffff32
00000ad7
00002707
00001a01
000003f7
ffffbeed
ffffde6b
00001e8c
0000188e
00001525
00000f58
000012d7
fffff37f
000001aa
0000070a
fffff801
ffffed2e
ffffefa7
00000b1a
ffffcdd8
000001a9
ffffc4ae
00001a86
ffffe57a
00001eda
00003014
fffff5ba
ffffea63
00001753
00001809
fffcc42f
00000d60
ffffef50
fffffd30
fffff5bf
ffff8433
0000038f
00000ff4
fffffc9e
0000153c
fffff914
00000e49
00002b43
ffffef91
00003e20
fffff167
ffffbc59
ffffbb98
000010c4
00001450
fffffbae
00001737
00000380
ffffd8a0
00002028
000006df
00000160
fffffd14
00001699
000011de
fffff3df
0000088c
00000461
00002acd
00000dcc
ffffee2b
00000e0f
00001b98
00000809
ffffec4c
ffffd4eb
fffff14a
00001ae1
00000c5e
ffffcbf2
ffff9407
0000107b
00004971
00001cda
ffffca9d
00002a55
fffffcfe
ffff8143
000039e0
ffffcf9a
ffffce50
ffffff42
00001d8a
fffff4a0
00000337
fffff144
fffff84d
fffffde4
ffffec08
00001370
ffffed10
ffff9624
ffff254c
ffffeefe
ffffd759
ffffbed7
ffffdce3
000097ec
00002918
00002be6
ffffffce
00002775
ffffcab2
00002160
ffffcc4e
000026cc
fffffde7
ffff9739
ffffdeb2
00001ff3
ffffea62
00002504
fffff339
0000199b
ffffab7a
ffff762a
00003a92
0000226e
00005d5b
fffffa52
00002a1c
0000591d
ffffdbc2
ffff9b73
000021ae
0000348e
00000d9c
ffffa0fe
00009d90
fffffce7
00001654
ffffc81f
00007f93
fffff3b3
ffffaa39
ffffc27b
000046ae
000024b4
000000e8
0000190d
00007cfb
00001b1b
ffff970b
000012cd
0000007d
00007450
ffffb96a
00006456
ffffa92c
00000d8a
ffff7b8d
00002705
ffffa7b6
00000cf4
000014f0
fffffee0
000011b0
00006d69
0000256a
00003c3a
00004634
ffff9126
ffffdfed
ffff61f6
fffff09e
ffffb548
00003104
00000e39
ffffff21
000026ad
ffffec94
00002c42
ffffc9b0
fffffe80
000043ba
00006753
ffff93bb
00001f0f
ffff8a94
000016e9
ffffd9a3
00003d48
ffff695a
ffffd3b7
0000350e
000024bd
00000a11
ffff4c5c
ffffc680
ffffe3b7
fffffcc4
ffffaf06
000001d5
ffffe8a6
0000269c
ffffe759
ffffdc10
ffff67a9
ffff73e3
00002063
ffffbae0
00000ce8
000011f8
00005a65
ffffea53
00001e4c
00006580
fffff403
fffff9d7
00000028
ffffdce3
ffffba5f
0000519e
ffffcbb4
ffffd9cc
0000295b
fffff7b7
ffffea03
ffffe8ee
00002490
00001e0f
00000d44
fffffae6
00003ed0
ffffc883
ffffbd69
ffff3595
ffff7ba5
ffff2eaf
00000009
00000e08
ffffe8e5
ffffd226
ffff163a
ffffe5c2
ffff84d8
ffff800d
ffffbee7
ffffe49f
000011d5
ffffcfbe
ffff994a
ffffe122
00000b73
fffff3ef
ffffebd6
0000416f
ffffee81
ffffff59
0000474e
0000351f
fffff3a3
00003c25
ffff8365
00000e72
ffff5623
000038b3
fffff134
ffff77e4
ffff9108
00000fa0
0000253d
00000283
00002c6b
fffffd74
ffffbcbf
0000015e
00005988
ffff7872
ffffc433
ffffe4ba
00000386
ffffd9a1
ffffc5d6
ffffde66
ffff74b3
000018d5
00003d44
00001050
ffff9693
ffff6b63
000001ab
00004c6e
ffff8e95
ffff4396
00004f8f
fffff4fd
ffff7376
ffff8373
00003610
000005f9
ffffedfd
0000201e
000033b3
ffffeeb2
ffff48ef
0000230d
00000ad4
00001ee8
00000b3d
ffffe2b4
ffffc6fb
fffff722
00002a73
0000259b
ffff5930
ffffe4b3
00004327
ffff5512
fffffb62
fffffb8b
00000dcb
ffff9ba1
0000428d
00001524
ffffe0d9
0000456f
ffffdb88
ffffa65f
ffffed70
ffff169a
ffffdeaf
00004cf6
ffffdfc5
ffffb4df
00009a99
00001f38
ffffe73c
00000fb6
ffff5c2c
ffffe332
000001b7
ffffe58c
000034eb
ffff7a9b
fffff772
00002c81
00004f84
00001617
ffffc501
ffffacae
00000a5d
00009818
ffffee02
ffffa71a
00002a95
ffffc49d
ffffbcfa
ffffcb0c
000034b5
ffffc35f
0000087c
ffffd886
ffffcb26
fffff50c
00009fc2
ffffd393
ffff3773
00002200
ffffcc08
ffffe960
ffffc716
000009ad
ffffc076
fffff403
ffffdf95
fffff44f
000008f5
ffff47c8
ffffa40a
ffffc14c
ffff612f
000011da
0000deb4
ffffc14b
ffff03cd
ffff8b54
ffffe6ec
ffffc13d
ffff5525
0000a6dc
ffff0cae
ffffe813
ffffb2df
ffffb1c2
00000e2a
00005643
00004c8c
00006579
fffff7cc
00002cf0
ffffc528
0000bb4d
00006c49
000033b2
ffffe5f3
000062aa
ffff1729
ffffb951
fffecfc1
ffff58b8
000032ea
fffef7e9
fffff703
00006359
000018dd
ffff86ac
fffe5ea3
fffe7aca
fffff01f
ffffafe9
fffffe21
fffea09e
fffff801
fffe8a67
00003bc6
ffff7cc9
000042c1
fffebb09
fffe177d
000047a7
00002653
ffffdfc8
000036b8
00001639
00009c02
ffff85b4
000026de
fffed10f
fffff205
ffff1022
0000099a
ffff1208
00005ae0
ffff641b
0000e1c8
000062ab
fffecc92
ffffe742
ffffa814
ffff94df
0001da4d
ffffa92b
ffff3d6f
00003eee
ffff3acf
00000794
ffff8251
ffff5345
00001850
ffff8e5b
ffff91a4
fffe5976
00003845
ffffd1e6
ffffaaf0
ffffcd65
00007ba9
ffff8203
fffff7fd
ffff1ddd
ffffbf5a
ffff9bac
ffffff06
00000333
ffff5ae7
00006264
00002a38
00001895
00006258
ffffed62
ffff9edc
000078cb
ffffb639
00005312
ffff7a3a
ffffbcc7
ffff592b
ffffbe65
ffffeb10
fffec55f
000001a1
00000369
00000bb4
00002b17
ffff9b6f
ffff2d26
ffffbe0a
00003fef
ffff633f
fffff045
ffff2395
ffffd537
0000619e
00009fd9
00001537
ffffec9c
00004c51
ffffaf3c
ffffa94f
ffff32c1
ffff1b9c
ffffea50
ffff9bbb
00000fef
000033ac
fffee8cc
ffffaa7f
ffff9594
fffff9f9
ffff2b85
000101e4
fffea1ac
fffe9d31
00009025
ffff626c
ffffcac9
0001165c
ffffc473
ffff39ea
ffff8551
fffed5eb
00005381
00003fd9
ffff2d82
000069a8
ffff4fb3
fffff745
ffffd57f
000040ec
00000788
fffee1ee
ffff8ad1
000054f8
00005793
000044e0
ffffeeb7
ffffa1e0
ffff346b
ffffafcd
ffff575d
0000866c
ffffcb5c
00000df2
00003c2e
ffff6265
000011cc
ffffba60
00006ee5
ffff1de2
0000850d
ffff7f81
00002af6
00000aca
ffffb0b8
fffee968
00005748
ffffe5dc
000004e5
fffefa82
ffffcadb
00008119
00006641
fffff05e
0000d76e
0000cf2a
0000c995
ffffa05d
fffecd86
0000a7c3
fffffbce
ffffd5d3
ffff666a
ffffba40
ffff4fbb
ffff4494
ffffb12c
fffff00e
ffff11b7
ffff77dd
000018a5
000024b3
00006f08
00000410
fffffb78
ffff6c7b
00006416
ffffe28d
ffff91de
0000054a
00001da1
ffffec01
fffffc42
000035f7
000046a9
00002cf8
0000ac50
000073ce
000008b5
0000aed2
fffffc33
0001419d
00002d35
0000181a
fffff2a7
ffff23ef
fffff04f
ffff1e90
00001f71
ffff7796
ffff8e91
ffff266e
ffffb1d5
ffff5cda
000025ce
fffeb082
fffedab1
fffe7736
ffff72dc
ffffaad7
fffedc98
fffff097
ffffaa32
ffffe468
0000cbfc
ffffef27
fffff6ad
ffffeef9
ffffffc0
fffff8c0
00000322
0000034b
fffff8eb
00000871
fffff032
fffffeef
fffff593
00000840
fffff6c9
ffffe355
ffffef99
000001d4
fffffd38
fffff931
fffff4bf
ffffee57
fffff4ec
fffffa7f
fffff547
00000761
fffff9b2
fffffa65
00000aff
00000629
fffffe49
fffffa2c
ffffe9c0
00000a48
0000051a
fffffafd
fffffeac
00000b97
ffffef13
fffffb57
00000ddc
fffff05c
000001df
fffff0db
00000a15
fffffba9
ffffed35
fffff7a7
fffff061
fffffdf2
fffff45b
ffffded2
fffff183
fffff826
ffffffcf
fffffd75
ffffe9a6
fffff4d9
0000074a
ffffec04
ffffd93a
fffff4ee
fffff027
0000017f
00000e57
fffff24b
ffffea42
ffffed74
000003ad
fffff1d8
ffffede5
fffffadb
fffff366
fffff246
fffff11d
ffffeecd
00001034
ffffe116
00000054
000001ca
00000701
000005aa
00001b87
0000061c
00000832
ffffebfd
fffffda5
fffff439
ffffec60
fffffd27
0000020c
0000023c
000006f5
fffff5ee
fffff5fb
ffffebb3
fffff75d
0000113b
ffffec65
00000610
00000a59
fffffcf4
fffffc04
fffff7ed
ffffea64
000001f1
ffffe8d8
fffff1da
fffff852
fffff30f
00000a35
fffff5a2
fffff66d
fffff5bc
fffff2ce
fffffcc3
ffffe8f0
00000bec
00000558
ffffe154
fffff5c3
ffffeb62
fffff443
000001f1
ffffee65
00000c24
ffffee49
fffff3fb
ffffe903
fffffb25
00000214
fffff3b6
ffffed05
fffff092
0000053f
fffff9a7
0000065e
fffff60e
fffff731
000007bc
0000028d
fffff7ee
fffff3b2
00000211
fffff9ad
ffffe1c8
00000503
00000873
00000096
000009e1
fffffa16
fffffdd5
fffff2c3
000003e0
00000d61
fffffcfe
ffffe98f
ffffee87
fffff0d5
fffff83e
00000843
fffffe6e
fffff532
0000040f
ffffebf1
00000b8f
fffffcb9
00000547
fffffafd
00000cdd
fffff478
ffffea0b
fffffbd4
ffffecfe
00000862
fffff8cc
000009f3
fffff799
fffff581
ffffef43
fffff2b4
fffff315
fffffff4
ffffffdd
fffff621
000006b3
fffff40b
fffff329
fffff306
fffff3ba
ffffedab
ffffe7ac
00001122
fffff2f5
ffffee48
ffffeecd
fffff7ad
00000400
fffff677
fffff329
fffff428
00000a10
ffffedbe
00000551
000002e7
ffffdfcb
fffff713
ffffe900
ffffffb5
fffffb1d
00000154
fffff6ca
fffff791
fffff1c7
000004b0
000005ae
fffff06d
ffffe4fd
000007f8
fffffa63
fffff8b5
fffff618
000008d8
000004a7
fffff2b1
0000000c
00000123
00000556
fffff684
fffff098
ffffe7ae
0000048e
0000040d
fffffc2a
fffff8f0
00000303
fffff9fa
fffff744
fffff8d5
0000051c
000009bc
ffffff6c
fffff9e8
00000392
ffffeb60
fffffdb1
fffff52d
000014f1
000001a3
000005d2
00000731
ffffffc7
fffff61f
fffff768
00000844
fffffb61
000002f2
00000cf5
00002a11
fffeb11c
ffff5afb
fffff815
0000656e
ffff6f8e
ffff5ced
ffffe54f
ffff845e
ffffd9b4
00000f08
0000074f
ffff4370
ffff93d7
0000651e
fffffc4c
ffff7d21
ffffb52c
00000863
ffff8dd4
ffffc55e
ffffc32e
ffffcec5
0000513f
00002725
000014d5
ffffbff0
ffff3e8b
0000507c
00004e82
ffff3664
ffff2135
ffffaaef
ffff69b7
ffffc07e
00001e07
ffff993d
ffff320a
ffffcc35
0000881b
ffff9fa7
fffffbd6
00001f89
ffffa2ee
00006b76
ffffa9d4
ffff9da5
ffff3f6a
ffff6869
00000a67
000076b6
ffffd275
ffff87e9
000016fa
ffff2bb3
ffff67e3
ffffe16a
ffff7f6a
ffffddf9
fffff25c
00004a19
ffffaf1c
ffffec73
00004c5c
ffffd238
000090cc
ffffa694
ffffd68d
0000996a
ffffca37
ffffc01e
00000c70
ffffe4f3
00004c61
fffff741
ffff7c2d
00000c84
ffffc7ac
00000dd9
ffff3bee
0000341e
ffff9e69
00001894
ffffc10c
0000986e
fffe95ac
0000863c
00004eb1
ffff5f1a
ffff82b1
ffffb211
00009566
000039e2
ffff462d
00000574
ffff2f07
fffef05e
ffffde73
ffff7df0
0000650d
ffff9762
ffffa578
ffffe9a1
ffff6553
ffffaab1
00006bb8
00004e0a
fffefe74
00002bc2
ffffacbf
ffffb151
ffff7ce4
0000b950
000027e2
000025c3
00000684
fffee9b8
ffff56fa
ffff7b0c
ffffb412
ffffb33c
00003497
ffffb90e
ffffefe1
00005b30
ffffa4f8
ffffa6c6
ffffd434
fffe12e3
ffffc804
fffea818
ffff70b6
fffffba5
0000846e
0000399c
ffff4106
ffff9629
fffebe04
ffff897d
0000272e
000085b8
ffffd300
fffff0a7
00003f19
ffffedfd
ffff52e1
0000090c
00000894
ffffd169
00000374
0000af17
00000523
ffff5602
00001c2e
ffffc036
fffff19f
00006d32
000008f8
00001b3e
ffffed3c
ffff7ae9
00000abe
ffff76cb
00004cc9
ffffcf11
ffff30f4
ffff6d1c
00002edb
ffff6fc8
00000881
ffff7b75
ffff0efa
00003543
ffff5b8b
ffffd825
ffff6e03
000069b8
ffffa8b5
ffffda47
00001959
ffffb628
ffffac50
ffff823c
00002aa0
ffffc12e
ffffc81b
ffff6017
ffffff14
ffffb8dd
ffff464e
ffffe17c
ffff9daa
ffff5043
ffff807c
ffff8313
000003a8
ffff8a73
fffeca29
ffff8848
ffff6958
0000a59c
ffff60d0
ffff0e22
fffff4be
ffffafdf
ffffe8d5
ffff8a73
00006b19
ffff8417
00003e87
0000606a
ffffb69a
ffffea7d
00001158
ffff06f3
00000d56
ffff213d
0000577d
000045be
000014d5
0000bbd1
00003fbd
ffff51a3
ffff2c01
ffffecf1
ffffac79
ffff3db5
ffffe7d0
ffff78b9
ffffbf26
ffffbcd2
000014c3
00008d0e
000002ae
00000a34
ffffece6
0000753c
ffffe82d
ffff5a8f
ffff80b6
ffffaae6
ffff848a
ffffd8dc
000001d7
ffff7587
ffff2ae9
ffffe973
fffff09f
0000770f
ffffe96f
000017b4
ffffd7fd
ffff283b
ffff6927
ffff980d
000003e9
fffff6df
ffffeb84
fffffb97
ffffea64
fffff224
fffff008
ffffed88
fffff05f
fffffe24
00000be1
fffff7d1
fffffa7b
fffff41a
ffffe929
ffffec4e
00000a2b
00000493
ffffec57
ffffee2c
00000637
000002bd
0000022b
0000023b
00000267
fffffa4e
000005ab
ffffec74
fffffcda
ffffff9e
fffff436
0000011e
0000040c
fffff00e
fffffb2e
fffff040
ffffe91b
fffff30a
fffff89b
000010b4
fffff987
fffff5dd
fffff938
fffff5d5
fffff09a
00000577
fffff5c7
00000014
fffffa0a
fffff0be
000006cc
ffffe9a2
fffffa89
000002a3
fffffb5d
000002aa
0000070d
000000fc
000004b5
fffffeb3
0000020a
fffff67b
fffff83e
fffff8dd
00000134
00000d1d
fffff0b6
fffffb4d
00000b64
0000030a
000007fd
ffffea00
fffff5b1
00000608
00000273
00000783
ffffea4b
00000822
00000458
fffff3e0
fffff403
fffff971
ffffeaa6
fffff7c8
ffffface
00000680
fffff084
000006c5
ffffee30
fffff377
0000092e
00000b5d
ffffed99
ffffefb2
00000385
fffff714
fffff757
fffff0a8
fffff38b
000005ba
000004e9
ffffed49
ffffee47
fffff5ef
fffffc33
fffff5c5
ffffec93
0000099e
ffffffe4
ffffe9aa
ffffed58
fffff1c6
000003c4
fffff952
00000061
fffffa56
000000aa
fffffee8
00000684
ffffebd4
fffff648
fffffb75
0000013b
fffffb2a
fffff49c
fffffe74
000004ee
fffff014
fffff0ef
000002f7
000010a6
00000477
ffffef28
fffff8be
00000993
00000861
0000005f
ffffeeb3
00000bd4
ffffef3e
ffffee4f
fffffe23
fffffc02
fffff0b4
ffffedb3
fffff317
00000121
000006e9
000001f0
fffffd18
ffffec98
fffffbe0
ffffffc2
0000042a
fffff3f7
fffff39c
fffff7c1
fffffa3a
00000e65
ffffe722
fffff672
00000109
000005ab
0000005c
000008e6
00000d63
fffff654
fffff4b8
ffffff67
fffffe38
fffffae1
000006a5
fffffc7f
ffffffa8
000000d5
ffffeff6
000009c5
fffff4d6
fffff9de
00000346
000003cb
000004ad
ffffed9d
fffff206
ffffff95
00000548
ffffefe2
000002e5
000005d6
fffffb4f
00000407
fffffa33
fffff113
ffffeddc
ffffebb3
fffff381
00000899
fffffa95
fffff598
000001ce
fffffaf1
fffffe48
ffffedf5
fffff415
fffff790
ffffeab2
ffffeab9
ffffec66
000007d9
ffffeb30
00000390
00000b0b
fffff701
ffffeff2
fffff998
000007aa
fffffd71
000003ac
ffffea7d
fffff38b
fffff8ed
00000085
fffff3c6
fffff84d
fffff111
fffff39a
fffffb44
ffffed74
fffff21e
00000509
000006f7
ffffe779
000000ea
ffffeaa6
fffff389
fffff42e
00000585
ffffef07
fffff0a4
fffff122
000009a5
0000032f
fffff1ff
ffffefb3
0000000f
fffffb65
fffff028
000003f1
fffffd2d
00000675
00000722
fffff79c
ffffec53
ffffe9cd
fffff487
000000bc
fffe9ab1
ffff7fdf
0000039b
ffffceb4
00001e5c
ffffb83f
fffe67a0
0000557a
ffffa792
ffff7582
ffffb69a
ffffaed2
ffff8707
00005ac5
00006c64
ffff4261
00000043
ffff3614
ffffbe76
fffeab73
ffff81b8
00006758
ffffbb28
ffff7db4
00003cfd
ffff6eab
ffff3089
ffffc7b8
fffff9e6
fffeffef
0000569b
00000480
00001216
0000438a
fffeccde
ffffc5cd
ffffae8d
ffff788d
fffef177
fffffb23
0000443b
ffff4366
fffff85a
ffff3112
000033d7
ffff7749
ffffd050
000051e4
fffeec5b
ffff4eb7
fffff446
ffff83d6
ffffd764
ffff0db5
fffeca0f
00003651
ffffb6fd
ffffb51f
00000a21
ffff8ef8
fffffae3
000016f1
fffeff20
ffffd865
00002d72
00002297
00001368
ffff63d2
ffffcd93
fffff883
00002df5
000006ee
ffffa633
fffee657
ffff820e
ffffb9a8
00001e9e
0000062d
ffffa18b
ffff73a9
ffff935d
000037dd
ffffca01
ffffe519
00009c07
fffe9011
ffffdfc9
fffef569
ffffcee7
000076d7
ffffa337
ffffa483
ffff4a0c
fffffd5d
fffff462
00000b1e
00000f80
00007555
fffed7a9
ffffd838
fffeadbc
fffe58bf
fffebf94
fffff3ac
ffff79f7
ffffdc58
ffff7a35
fffefb02
ffff9c9c
ffffb215
ffffd548
ffff8d1f
ffff1b08
ffffee66
ffffb545
ffff43a1
ffffe9e7
ffffea26
ffff9590
ffffb025
ffff3ad4
fffff8e6
00007886
fffff337
ffffede5
ffffac78
ffff8e22
00004009
ffff9ed0
00005bef
00001fb3
fffff50a
ffff9bc7
000066d4
ffff465b
0000004a
ffff48ef
ffffc48e
000078b7
ffff57bd
fffeb706
00001c7d
ffff175c
ffff4254
fffffb48
00000c48
00000183
000017b4
ffffaf40
ffffb4d9
ffff6f60
ffffd828
ffff5e20
00004c83
000052ac
ffff422a
ffff60f3
fffff558
00000140
ffffa5b0
ffff1a2f
ffffe5ba
ffffbb19
ffff6180
ffff0c62
ffffc7f5
00000cce
ffffc9ab
0000041b
ffff1746
ffffa0fc
fffecf1b
ffffe8c7
ffff8b8a
fffe9ac0
ffffb4dd
ffffe396
fffff86e
ffffc03e
ffff5d8c
00001eb2
fffe6808
ffff3686
fffe76f4
00003d90
ffff37eb
ffff6b6a
ffff370d
000004f8
ffffba02
fffff77a
ffff7c69
00007206
ffff52a8
ffffc5a5
fffe2b4d
ffff8c67
000075b1
ffffc084
ffffcdb2
fffff8ce
ffff649e
000056ba
ffff9cc0
0000112c
ffff2e59
ffff96f0
00000a52
ffffb43e
0000534e
fffd6186
000022b8
ffff6777
ffff3f20
00000d64
00001422
00003d69
ffff7c72
fffff09a
ffff669f
00000299
ffff496c
ffffad7f
ffff3a11
ffffd824
ffffc2b0
ffff9e7a
fffdf39c
ffff3e7e
0000413f
ffff8832
ffff6725
fffefb9b
ffff74f9
ffffab34
0000034f
ffff1092
ffffe252
ffff7562
000038ae
ffff9e62
ffffa279
ffff8716
ffff5447
ffff91f3
ffffb4f4
00003ab7
ffff2e58
ffff3c1f
ffffd899
fffffdbf
fffe9356
ffffb0df
ffff6cb2
ffff9569
fffebb04
fffff65d
fffff9aa
00000303
00000695
00000f2c
00000323
fffff9ac
fffffbf7
000002ef
fffff66f
fffff937
fffffc8f
fffff9cd
fffff01e
fffff059
ffffef2d
fffff9a7
ffffeba4
fffff125
0000031d
00000048
fffffd70
0000112e
0000002f
000002c7
fffffea5
fffffe6b
ffffee2d
00000521
fffffdc4
fffff636
fffffbe3
fffffd70
fffff880
ffffebff
fffff91c
fffffe03
fffff6f6
fffff819
00000ae6
fffff074
0000032c
00000736
00000836
00000de2
ffffde58
000004d9
fffff481
0000050b
ffffeb5b
fffffcbb
fffff5f0
fffffd14
000005fb
000005fa
0000080a
ffffe510
fffff0d0
fffffab6
000000b6
00000420
fffffafc
fffff9ca
0000021c
00000b5c
fffffc07
fffff0a7
fffff6f3
fffff993
fffff083
fffffe20
ffffed93
000004b7
000000e4
00000369
fffffe03
fffffd36
00000305
000006d8
fffff54d
fffff575
ffffeb3f
fffff72b
00000085
000014f3
00001921
fffff9b6
fffff0ab
00000455
ffffedf9
fffffb02
000004a2
ffffe8d9
0000057b
fffff277
fffffb04
00000256
ffffe376
0000057d
000008a8
fffff284
fffff79e
ffffeeaa
00000788
000009b3
fffffaaa
ffffede6
fffff907
fffffb95
fffff9fe
ffffebf8
00000693
fffffdc4
ffffffe3
fffff552
fffff33a
fffff5c2
00000833
ffffffb6
ffffff13
000005e4
fffff989
fffff45b
000002e3
fffff72d
fffffcf7
0000073d
fffff271
fffff2d3
fffff49e
ffffef5d
fffffa7d
00000483
fffff914
fffff5f8
00000082
fffffe6f
000002ed
ffffe845
ffffe9f5
ffffed98
ffffe971
ffffeee0
fffffe63
000000c6
ffffebb6
ffffe9a8
00000687
fffff46c
ffffee8f
ffffe383
fffff994
fffffd13
fffff715
000002fa
fffff8de
fffffe6a
ffffef00
000005ad
fffff466
ffffff80
ffffff45
fffff66d
ffffe6e8
ffffeb5a
fffffe84
ffffffe4
fffff1aa
ffffeb04
0000087d
fffffc3f
fffff88b
fffff33b
ffffedcd
00000b91
ffffe780
00000e0a
fffffd6e
fffff0f9
000002b6
00000a4f
ffffedb8
0000055c
00000908
fffffdd2
fffffd1d
ffffe8a8
fffffb7c
000000b0
ffffef74
000004dd
ffffe1a1
ffffe652
fffff22f
000002b5
ffffef1a
fffff386
00000b3e
000001d3
ffffeebd
fffff3f7
fffff43f
00000277
fffffa73
000004ba
ffffffe4
00000753
fffff13f
ffffe96e
00000598
fffff576
000000a6
0000077e
fffff5dc
fffff723
fffffcdf
ffffec63
000005f5
fffffcb4
00000ba4
fffff409
000004cc
fffffd30
00000268
fffffcea
ffffff77
00000479
fffffd65
fffffcd0
00000198
fffff4ce
ffffff51
fffffa6d
fffff5ac
fffff788
fffff9ab
fffffd49
0000075d
fffff182
fffffb92
fffffc9a
fffff521
ffffeba7
fffff2da
00000478
ffffefcc
ffffe9d9
0000063f
00000042
000005cd
00000746
000003bb
ffffee1c
ffffff60
00000dcb
fffff3c1
ffffe621
00005168
ffff53d5
ffff9c6d
00004348
00007d57
ffffed5b
ffffb3fe
000076ba
00002c26
ffff9838
fffff1bf
00000eb8
0000d0aa
fffff861
00000ef6
fffff71d
00006179
fffff170
ffffc4b2
0000218c
ffff94c0
00001ec4
ffff82e8
0000287e
ffff95d4
00002823
00008d05
00004afa
ffff886f
fffffe43
ffffd837
00006f45
fffee614
ffffccd6
00002032
0000bb2b
ffffac72
00004563
ffffd656
ffffc331
00000139
fffff59f
fffff75c
ffffa33f
fffe8d7c
00007112
ffffef6e
ffffe988
ffff4ee2
ffffb75c
000081b7
ffffbf2c
ffff750f
00004703
00001220
ffffae7f
0000240a
ffffc8cf
000063c7
fffff6a4
ffffb298
0000cdfc
0000360a
ffffdf61
fffffad4
ffff351d
fffff887
ffff39d0
ffffd9a8
ffffd615
ffff2fdb
0000dc24
ffffe97f
0000ba5d
ffffd999
000092e9
fffffebb
00003542
00005ca3
0000260b
ffffb61f
ffff894b
ffff7412
ffffa25d
ffffec94
ffff76e0
000041cb
ffff3b27
ffffcc94
0000a6c2
0000acef
0000b0cd
fffffc49
fffefdc4
fffffc3e
ffffe56e
ffff6fcc
00006ba2
00003103
00001a55
fffdb007
ffff7b6c
00003e16
000003a7
ffff9d07
ffff5e6b
ffffda04
00000699
fffe4e3b
ffff626e
000052d1
00000b5c
ffff8227
fffff04d
00006a3f
00003f10
ffff6b41
00002a71
00006047
ffff995b
ffffa9d5
ffff8cf2
ffffb074
00001b17
ffff0ab9
00005263
ffffda68
00009666
ffff423c
00006424
ffffe24a
00000d36
00000497
000030c2
ffffa8c3
ffffc818
fffe88dd
fffff9cb
000017cd
ffffa3e3
ffff997d
ffff1d33
ffff6726
fffffa1b
ffffa69b
ffff827c
00002fe4
ffff2a2d
ffff8cc7
00005099
00009337
00008a7e
00006a75
00001ff6
00001eb9
0000a1f0
ffff728d
0000070c
00002546
ffffa0ba
fffea03f
ffffb6e9
ffff74b5
fffff118
00016ecd
00000291
ffff559c
ffff9d39
ffff15b4
ffff3a80
00003505
0000114e
ffffe7ca
fffef9d2
00001c14
000037f2
ffffdd4e
00000ebc
ffffc0cb
00004e24
0000a0c0
0000204f
ffffd6ce
ffffd19f
00003268
000012cd
000042e6
ffffe0b6
00001233
ffff7f69
ffff3373
ffff9f84
00001145
fffff3c0
ffffa2c0
00004306
0000a654
0000583c
00004a34
0000780d
ffff4e2b
ffff7eec
fffff8c8
fffffd2b
ffffae47
ffff3e40
000031b2
00006306
00009eec
ffffa5c0
0000b2b8
ffffeae1
ffff7541
000007f1
0000308f
ffffdcff
00000dc3
ffff516f
ffffd989
ffff7f37
ffff5b41
000013cc
ffffbf03
00003aea
ffffa96d
ffffb7f9
fffef5b6
0000844d
ffffff92
00000690
ffff0ced
ffff30b9
ffff3001
ffffe171
0000041c
0000111c
0000500f
ffff52b9
ffff9ad1
00001a1a
fffffeab
fffff0f4
000097e2
00003b70
fffef22d
00000324
0000b45b
00009d62
00004bee
00005a11
0000279b
ffffe81d
0000575d
ffff8de5
ffff7c12
ffff8106
000025ad
00004289
ffff668e
00002e9b
ffffe4a4
00003e59
000064c0
ffff97ba
ffffc6e5
ffffde42
ffff01a5
ffffbb2d
00000f4e
fffe496f
ffffe47c
000005b2
ffff832c
ffff34a2
ffffea71
ffffcc65
00000552
ffffe7b6
fffff1df
ffff93c4
ffff6f81
00004951
ffffdc6a
ffffb4fd
ffff5342
ffffea41
00005270
fffeb427
fffee691
ffffd114
ffff52ff
ffffb8bb
00001f40
fffff3b9
ffffef88
ffffb42c
ffffacc2
fffff228
fffef518
fffff7ee
fffff996
ffffebd3
fffffc15
ffffe8e4
ffff5c4d
00000be6
ffff5acb
ffffe92e
ffffbd4a
ffffefd1
fffeadbd
0000e096
fffffc09
000040a2
ffffb2a8
fffffff7
ffffb8d0
ffff38df
ffff78da
ffff9091
ffffa255
00004671
fffffc0a
00002545
00000a09
fffebd96
ffffbf50
ffffcf5d
000054c0
ffffa289
ffffa7b9
ffffac12
ffffeac4
00006f5b
00006487
0000370c
000022f8
fffff1e3
ffff5588
00003001
ffff613d
fffeafcd
fffff9a4
fffed702
ffff69d8
ffff60f5
00004cbe
ffffed87
ffffe502
fffffadc
000002c7
ffff7249
ffff9e07
ffffd362
000026dc
ffffdd62
ffffa68c
ffffc311
0000068b
00001069
00001720
fffebd83
000047b6
000086de
000043d5
fffe8e19
000054f5
00003399
00002fe5
ffffe7df
ffff3262
ffffd668
00001490
ffffeb5d
fffffb24
fffef15a
ffff71c2
000065e7
ffff9417
00002207
fffff1e8
fffee3b4
00004e03
00002bd5
00001cd7
ffffa9a4
00001cf0
ffffa171
ffffb9cb
ffff8715
ffff80c6
ffff63bf
00002725
ffff8b29
fffe4016
ffff7cd6
ffff0703
ffff0f95
00008b3b
00002ce2
fffff6e9
ffff58b0
000017f0
ffffeb92
fffe79b2
ffffeb4d
000027c6
ffff1fc8
ffff13bf
ffff8489
fffe98a6
fffff0ba
ffff561c
0000094a
00003fb0
ffff0c3a
000073bc
ffff1dce
ffffd879
fffff614
ffffb728
ffff8c72
fffe495c
ffff8f7e
ffff6634
ffffdb7e
ffff256c
00000a77
00001190
0000884d
fffeafe7
00006738
fffec81b
ffff0633
ffff926f
fffff593
ffffdb47
ffffb1e4
fffedabf
00002971
ffff83ee
ffffe303
00001b4b
fffeb00b
ffffd51f
ffff440a
000004ff
00007056
ffffc9c4
fffffd1e
ffffe29a
ffffdd33
ffffd0f3
0000238b
00003c37
ffffbf6f
ffffeecf
000003c2
00002d07
fffff619
fffefe49
ffff640e
ffffd052
fffece71
fffef68d
ffff55df
00006b4f
0000207a
ffffba58
ffffdad5
00004cc4
ffff8c7d
ffffa990
ffffdfeb
00002a74
00008cb5
00000f98
00001339
ffff1ddd
000097c9
ffff6834
ffffe503
ffffb899
ffff4ac2
fffee0ad
ffffa498
00000ce7
00000b76
0000de5f
ffffde5d
000033da
ffffa213
00010a55
fffebd30
fffffbfa
00003c2f
ffff2bd6
00001431
0000299c
ffff9b24
00005a94
ffffd908
fffe9d31
ffffa1b5
ffff8fcc
ffffc849
ffff8b54
0000af7d
ffff12e0
ffffe6cd
ffffc118
fffffcc2
000009b5
00000175
fffffd39
ffffffc9
fffff451
fffffeb5
00000669
fffff246
fffff6e4
ffffed6b
fffff752
00000acb
fffffdfa
fffff865
fffff56e
00000aea
00000501
00000b1b
fffffb03
ffffefee
fffffa88
fffff6f0
000018ba
ffffd419
fffff3c2
fffff851
fffffed1
0000056d
ffffef9f
ffffe93e
fffff061
00000a34
0000076c
00000a06
fffff76c
00000228
00000b5a
00000191
0000046d
ffffff50
fffffd33
fffff6a0
000001cc
ffffefca
00000074
00000e41
00000b23
000003d8
ffffedc0
00000462
ffffde7d
000000c5
fffffa58
00000937
fffff068
ffffe907
fffffbf4
ffffe7af
fffff9ae
00000fcd
fffff5ca
000012d7
00000875
fffff810
000001bd
ffffecef
fffffc91
fffff8e0
fffffd42
fffff16b
00000627
000006d6
0000071a
fffff9e9
fffffb2d
00000073
fffffaa6
fffffd3d
fffffc6e
000012eb
00000b3d
00001284
00000d08
0000094e
fffff9a9
ffffeca9
000003ab
ffffeeaf
ffffffc8
fffffd31
00000752
fffff9a8
fffffc22
fffff595
00000c85
00000241
ffffde24
ffffedf2
fffff235
ffffebf7
fffff1e8
000001d6
fffff8a3
fffffaa7
ffffe646
ffffe79b
fffff9d4
fffff11c
fffff2e4
fffffa35
00000e0e
fffff841
fffffb73
fffffa4f
0000033d
fffffb59
fffffc3a
fffff775
ffffe1c0
fffff66d
ffffeefe
fffff618
fffff307
0000079b
fffff76e
ffffe53a
ffffe402
fffff507
ffffff7c
fffffbec
fffff4bb
fffff581
ffffe982
fffff090
ffffd57f
fffff866
fffff765
fffffae2
000002eb
fffff6ae
00000609
000004d5
ffffde04
ffffeefe
0000024c
fffffd41
ffffef49
00000e44
fffffe33
00000139
fffffeff
ffffed68
00000855
00000b07
fffff590
fffff497
ffffedbd
00000140
000000ed
ffffed1a
fffffc86
00000083
fffffd72
00000658
ffffff64
fffff84b
ffffea4b
fffff700
ffffead1
ffffedeb
ffffe9ea
fffff757
0000076c
fffffa15
fffff8f9
fffffef0
fffffa18
fffff519
ffffee90
000004ca
00000d6e
fffffddd
fffff99f
ffffe33d
fffff55e
fffff18b
fffffe86
000001d1
000004fc
ffffef1d
000008ff
fffff87f
0000105b
ffffdb42
ffffea93
fffff230
00000bf3
ffffee18
fffffedb
fffff036
ffffef13
fffffda3
fffff981
ffffe3b4
0000028d
ffffee51
ffffe9f9
ffffe832
00000b02
ffffeb58
000010c5
fffffb5c
00000381
fffff1ec
fffff5df
fffff7ac
fffff92d
fffff0d7
ffffe3f3
fffffa8e
fffff63f
fffffaa2
fffffb5c
000002f5
00000c22
fffffcf1
ffffe44c
ffffef7a
000005fc
000014bd
fffff8fe
fffffbb8
000008b2
000001da
fffff7b8
fffff3a9
00000314
000002d7
fffffb89
fffff2f9
ffffe9b4
ffffed51
ffffee57
ffffef8f
fffff5cb
0000030a
fffff0b4
fffff617
00001a15
fffffc14
fffff95a
fffff9c3
00000356
ffffeeef
000011cd
00000672
ffffaf14
fffefdc0
ffff160c
0000604e
00002fb2
00002867
ffffba82
ffff113a
ffff6f0d
fffffc0f
0000b706
fffffdb6
ffff9ee7
00008b64
00000be0
fffff2f9
000064a5
ffff5c66
ffff89ed
0000642d
00005006
fffeaee1
ffffd406
ffffa389
fffebe44
000076f9
000091a7
0000696e
00002563
fffe0ba0
ffffc886
00002716
ffffb214
ffff6c67
0000a56b
fffff6a0
000041f2
fffecf48
fffee589
00002ade
00007bfd
00000dc2
ffffbbfe
ffff16ea
ffffd4e0
0000014c
00000522
00002888
ffffd44e
ffffb2af
fffef150
ffff334f
ffff7a09
00001f69
000019cb
ffff1f90
00003634
ffffb5ec
00006cf5
000019ff
fffef9c1
ffff4b81
ffff5d76
ffffd032
ffffe046
0000478c
ffffe6e9
00005283
00003ee1
00002de1
ffff8a3b
0000c837
fffea75a
ffffb2a0
000059ce
ffffd11f
fffff294
ffffb4b2
fffffa41
ffff3322
0000095a
000095ab
fffedcc3
0000922a
ffffc897
fffefe31
ffff6865
000011a9
ffffa9ec
0000697a
fffe7b7e
000064f4
00000ee3
ffff9143
fffffef0
ffff8436
00001935
ffffcda1
ffffe554
ffff527f
ffff1ad8
ffff1e19
000061bd
ffffe95c
ffffdc67
00008360
00007b6c
000054d6
ffff3c9c
ffffbd48
00001cac
fffffb71
0000a8e9
fffff945
ffffd6a0
00005655
00002581
ffffbf0d
00002b91
ffffb647
ffffbb1c
00002e29
00004271
00004f6e
00003125
ffffcc4d
0000630e
ffffe9aa
ffff63dd
ffff797e
ffff8322
ffffc0f5
00001621
ffffd192
ffffbdac
ffffea3e
0000d36b
ffff5943
ffff8d2f
ffff1677
fffef150
fffef173
ffff5073
ffffb69c
ffffd96f
00009ee5
ffff6b01
ffffc7ba
ffff7854
ffffd0e0
ffffa8a8
ffff4fba
00005325
ffffd20f
ffff4a57
00007b81
ffffc2e0
000003e8
0000646f
ffffaa16
ffffd187
ffff56b8
00001419
ffffa11b
00003dff
0000b34a
00002026
ffffe2ae
ffffc531
ffffda6d
00005462
ffffd40e
fffeb448
ffffa016
fffee94d
ffffa82e
00005482
00000ebc
ffff7b65
0000aa02
ffffb19c
0000071c
ffff578b
00000851
0000f359
fffffb43
00006a5c
ffff8dbe
00004c14
ffff660b
fffff1ff
fffff1f1
ffffe691
ffffb97a
00000de9
00009eca
fffef295
ffff88f7
ffff46a8
fffff52f
ffffb846
00004c63
ffff78f4
ffffdcdd
ffff9d4f
ffffaf95
ffff29fe
ffffbc81
000019ef
ffffa02a
fffed5bb
ffff2fd2
ffff4d63
ffffe3a8
00001dbf
00003fae
ffff7276
ffffb6a4
ffffc6d5
0000717d
00003b11
fffeda84
ffffce0d
fffe7a07
0000623c
ffffa16b
00001484
00003b14
00004706
00007a65
ffffe0f5
00005854
ffff3d4d
ffffb352
00000b3a
ffff2e66
00002ea5
00002aec
ffffe9e9
00001879
ffff2d5d
ffffec6e
000033eb
fffe893a
ffffa6f6
ffffafda
ffff513b
ffffb86c
ffffed14
ffff4eb6
ffffc41f
fffff79b
ffff2448
00006ea1
fffff4a7
ffff9982
00002c63
ffff726b
ffff610a
00007124
ffffaba4
fffffe4f
fffff446
ffffbade
ffff6e53
00002971
000019be
00002bc4
ffffc2a2
fffffbee
ffffb34d
00000468
00001571
fffed30b
00006351
ffffdf1f
000044d8
0000220a
ffffec8e
ffffff0b
ffffe356
ffffd6b0
ffff9bd2
ffffc6c2
ffffa4b0
ffff7352
ffff87fe
ffffb719
ffff973c
ffffdc34
ffff8c97
fffffdc5
ffffecd3
ffffa5f0
ffff1337
ffff89ed
ffff32a0
fffff573
fffff970
ffffa2de
000092db
ffffe5d5
00001675
ffffe616
ffffa609
ffffbb32
00000bf4
ffffe9d3
ffff9ae9
fffffded
ffffcfd2
ffffcd23
ffff9e06
ffff7f1b
ffff8d53
fffff2c3
00004cd7
00001bca
ffff583e
0000717c
00000eaf
ffffb6b5
000011a3
ffffffc7
ffffa566
ffff156e
ffffb081
ffffbdb6
ffffee8e
00003b26
ffff94c5
ffffb3ff
00000e0f
ffffdfc9
ffff70db
ffff4b88
00000dea
ffff8062
fffefe1c
00002bb0
ffffc3fd
ffff6e66
ffffa192
ffffcad8
ffffc3ca
ffff157a
00002f2f
fffed0c9
ffffce05
00000b20
fffff3cd
ffff54a8
ffff1c06
ffff63c6
ffffff02
ffff2408
ffffe0bf
0000414d
ffff97dc
ffffbd36
00006095
ffffa25b
ffffedf2
ffffc33c
fffffa6b
00002c7b
ffff97f1
ffff238a
ffffb87a
000031e2
ffff9a84
ffff5dab
00001032
ffffe1c0
ffffb6f4
ffffeca6
fffeb804
ffffa719
00003a2c
ffffe6e2
ffff8ab4
0000038f
00004b0a
ffffc27e
ffff836e
0000bacd
ffffa998
ffff81e6
ffff51e1
ffffe448
ffff168c
00000818
ffffd287
ffff66c2
ffffa5f4
ffffc9f5
fffe5f30
000017a2
fffffd18
ffff3333
ffffe8ed
000036dd
00004248
00004876
ffff3d6e
ffff0521
0000381f
ffffd865
ffffdeb5
00001c07
ffffe062
0000880d
ffffddc7
000000c0
ffffd6ed
ffffc01f
ffffb53c
ffff87f1
ffff8dc4
fffffe4b
ffff68fa
00000781
00004e0e
fffffc9b
000021c6
fffff10a
ffffc382
0000199c
ffff3038
ffff4f0d
ffffaec9
ffffba37
00004663
ffff26c4
ffffeea1
ffffd502
00003777
ffffda9f
ffffc3b6
000028b9
ffff62a6
0000398a
00000635
ffffd23b
ffffddfb
ffff5367
fffffb18
ffff62f0
ffffc995
00001de2
00005b5a
ffffbebf
ffffe213
ffffee8f
00001496
ffffdf2e
ffffcca4
ffffccc0
ffffa93d
ffff863c
ffff8216
fffff915
ffff3b99
ffffcbbf
ffff238f
ffff4cc7
00001e34
ffffcf88
ffffb731
00000629
ffff42c2
ffff6e25
ffff6d8b
ffff7f08
ffff13e0
00008274
000023ec
ffffc8eb
ffff44eb
00000056
ffffb776
ffffdfc5
ffff2307
ffff9dd0
ffff7431
00002bf1
fffe88c5
000003ca
ffff805f
ffffe559
00000a13
ffffd2ce
000005b6
ffff98e9
00006bad
ffff622d
ffffa4a6
ffffa1d9
00006c49
fffee627
000056bb
00005b04
ffffb56c
ffff8510
ffffe3fc
ffff39f1
ffff0644
ffff9139
ffffdb21
ffff68f7
ffff6e73
ffffef25
0000020e
fffffdef
ffffee92
0000026e
fffff522
ffffeeaf
fffff3ef
0000082b
fffff402
fffff543
00000462
fffffd1e
00000b21
00000888
00000a27
fffff674
fffff35c
fffffc15
fffff664
fffff163
ffffebec
00000996
fffffd76
fffffb64
0000091c
fffff85d
fffff3e3
ffffeb4d
fffff367
00000341
fffff1bf
fffff7cd
0000051c
00000592
fffffd4b
fffffb2c
0000030e
0000061c
fffffa30
ffffef7b
fffff60d
000012bf
0000043f
fffff6e2
000000f6
fffffce4
0000128f
ffffef49
fffffa29
00000221
ffffe635
000003df
0000014d
000003d3
ffffecf2
fffff990
000006b9
fffffb0c
00000500
00000a1f
0000017e
ffffff47
fffffdd7
fffff22a
00000b69
0000061b
fffff3e8
fffffe98
0000070e
00000ca1
fffffc4f
00000623
ffffff85
ffffee86
00000535
fffffc51
fffff3e5
fffff4de
00000c15
00000a83
fffff0e5
fffffe5d
ffffeeff
fffff499
00000ad9
fffff3b2
0000094f
fffffc35
ffffef30
fffff01b
fffffd3b
ffffffe7
fffff6f0
fffffdcb
00000a34
000003c5
fffff212
fffff764
fffff1b9
fffff550
fffff0df
00000d72
00000402
00000d54
000003f0
000006fa
fffff268
00000f71
fffff42f
fffff10d
fffffa33
fffff461
fffffc64
0000024f
0000082f
ffffed34
fffff851
ffffefee
fffff4b0
fffff2ee
fffff459
fffff9fb
00000545
fffff0fe
00000717
fffffee9
fffff884
fffff638
000000ca
fffff8ee
fffff848
fffff897
fffff2f0
ffffee71
fffff7ae
ffffefc9
000014b8
0000019a
00000c79
fffff224
fffffe77
fffff769
ffffefed
fffffba9
fffff8b4
00000718
fffff3cf
000001e9
00000653
ffffee32
fffff2d1
0000025a
ffffece2
fffff5d4
ffffed1c
00000f00
fffff1e7
0000082c
ffffed69
fffffdd2
fffff652
fffff674
0000028c
fffff167
ffffed26
ffffeb28
000002f4
fffffab2
00000847
ffffead4
ffffeee8
00000820
ffffef99
00000457
fffff722
fffff25a
fffffc5b
000005fc
000000c1
00000922
fffffcb8
ffffe933
fffff107
00000509
fffffa5f
ffffe9ef
00000030
fffff346
000005ec
00000607
fffff0a2
fffff1e5
ffffff3f
fffff398
ffffe9f4
fffffc4a
00000547
ffffeba0
0000096a
000003b1
000000f5
fffff534
fffff2b1
fffff888
fffffb97
fffff188
fffffc48
fffff6f0
00000f31
000002d2
000002f4
000013af
000006c3
fffff965
fffff766
fffff061
fffff4ff
fffff4b6
fffffc41
ffffe9ce
0000002a
ffffee5d
fffff9c2
00000ab2
ffffecfc
fffff247
fffff3cd
000008c9
000004b2
fffff647
0000046d
ffffef90
fffffc33
fffffe9a
ffffef2e
fffff298
00000ca8
000008ce
00000137
00000a24
fffff6dc
0000074b
fffff1e3
00000390
fffff909
ffffffbe
fffff4e8
00000203
fffff9d3
fffffcb2
00000153
000003bf
ffffffd0
fffff24e
fffff5b2
ffff591f
00000a21
ffffac42
ffffb775
000010bf
fffff875
ffff1784
ffffe9db
0000125e
ffffe181
ffffbadb
ffff3796
ffffbbf2
00001fb6
fffe62fb
000017c8
fffff371
ffffe8e8
ffffc2cb
ffffbf5d
ffff6816
0000bf9f
ffffa07d
ffffac45
ffff1a00
ffff9814
00004a31
00005eac
ffff20eb
ffffbf5c
ffff2cfa
00001060
ffff8f4f
ffffe33e
00000c07
fffef5b0
ffffd1dd
ffff5abf
0000001a
fffecad7
ffff35c5
000062da
00000316
000027df
ffff7dc9
00009b56
ffff3caf
ffff802b
ffff7737
ffff3cd3
ffffe760
ffffd656
ffff9113
ffff967a
ffff6f92
ffffe653
ffff5d11
ffffbbc6
ffff82c3
ffffd0b2
000000da
ffff0736
ffffb265
00000a58
ffff79eb
fffddc81
0000258c
ffff6600
ffffdf6f
ffff7fcb
ffffbd2e
00003248
ffff34be
ffff6b34
ffffcbb4
00009163
000007e8
00000bd5
00007a03
00002f15
ffff6e64
000000b2
ffffa280
ffff2aeb
000048e7
00000bce
fffe6522
ffffa6c9
ffff5adf
ffff3674
00001d9e
000011ec
000052b0
ffff90b5
ffffa428
0000070f
fffed44d
00008d6a
ffffb979
ffff9944
00002212
0000537f
ffff1124
ffff9845
000080dd
ffffa0f9
ffffb1b0
ffff071a
ffff5dad
000017be
ffff3090
ffffcdc7
fffef28c
00004cd4
ffffc51a
fffec72d
ffffbede
fffffd62
000078ed
00004dfe
ffffc9fc
ffff773a
ffff45b3
00007721
ffff0f9c
ffff7aa5
ffff4abb
ffff4217
ffffb7fc
ffff375e
ffff576b
000047b2
ffff9c47
ffff9b67
000066c4
ffff80eb
ffffeb43
fffff6c1
ffffe504
fffebb47
ffffca52
ffff468b
0000a7de
ffffbcdb
fffe41de
ffff06cb
00007901
0000256d
ffffd33e
ffff03b6
ffffcaee
fffffca2
00000c5b
ffff7e8c
00001390
ffff9651
0000afde
ffffad84
fffff427
ffffee4e
00002ac1
ffffe9ff
ffff035c
fffffcfb
00002c9b
ffff79ea
ffff4a8a
ffff2a2f
ffffeb9f
ffffaf3a
ffff9921
ffffbf9e
00005f2c
ffffcd2a
00002503
ffff62cf
ffff4f65
ffff6627
ffff8b1f
0000154e
ffff30bd
0000480c
00004d59
ffff01fb
ffffebca
ffff6b44
ffffc75a
fffee815
ffff1839
00000c7e
000057b3
0000b848
00004d81
ffffdb1d
fffed0d5
ffffdbea
fffef904
00005c51
ffffb78e
ffff7ee9
ffffbb4a
ffffcfa0
ffffcf10
ffff5037
000027bf
ffffca29
ffffc667
ffff831e
ffff3bf7
000087ee
fffe9416
ffffc2ec
fffee52f
00004e3b
fffff05f
00006723
0000192a
fffeb966
fffff12a
ffffc7a0
ffffce47
ffff8f7e
ffff9f13
ffff6f96
ffffc85e
ffffd6f2
ffff3325
0000c731
ffff73ae
ffff38c9
ffffbae3
ffff948f
0000850e
fffeeeda
00001b32
0000054b
ffffb091
00007f73
ffff4d6c
ffff6ff2
ffff9e2d
fffe7480
00007b8f
00005ecb
ffff5332
00002762
ffff6cd3
ffff56bd
fffe99b3
ffffcf13
ffffc27a
fffee78f
ffff8b72
ffff7f3d
000066ff
ffffa682
000005f3
ffffff4b
fffff88c
fffff15e
fffff693
ffffeff8
fffff0e7
fffff36f
ffffffaf
fffffa89
fffffea1
000002cc
00000b74
00000d17
000003d1
fffff16d
00000868
00000470
fffff65c
ffffffde
000005ff
000007c2
ffffec99
0000008a
ffffe936
fffffc7b
00000b08
fffff77d
fffff245
fffffc11
fffffd2f
fffffa29
fffff08b
000008a2
ffffeec8
fffffffa
00000a08
fffffcbb
ffffef35
00000091
fffffca7
ffffef22
fffff65a
000002a2
fffff74b
fffff86d
0000081c
00000650
fffffc3d
fffff346
fffff08d
00000a94
fffff529
fffff99d
00000956
ffffeb23
0000076b
fffff4f0
fffff847
fffffe7b
00000952
0000003a
00000904
ffffffef
fffff840
fffff3a3
fffffa49
fffff352
fffff273
0000012a
fffff4fb
fffffb43
fffff82e
fffff495
fffffb34
ffffefa8
ffffefa5
000008fb
000006c4
ffffefcd
fffffca4
fffffac1
00000a37
fffff0e7
000003bf
fffffb23
00000606
fffff543
fffff6a3
fffff6e3
fffffd02
000009d9
ffffeac4
ffffefea
fffff18e
ffffffa7
000008cf
fffffbe8
fffffe13
0000023f
000000d5
ffffecb4
fffffbe6
fffffd2a
fffff538
ffffe48c
00000555
fffff222
fffff84c
fffffa67
fffffbac
fffff506
ffffee49
ffffef9d
00000584
fffff5de
fffff57a
fffffdd1
00000a86
fffff705
fffff823
fffff7fc
fffff38f
ffffed1a
fffffc65
ffffea2a
fffff701
00000333
fffff077
ffffebcc
ffffef5c
000004d7
fffff7e3
fffffdfa
00000918
fffffc50
00000469
fffff596
fffff50e
fffff378
fffffc8c
00000475
fffffcbd
fffff51b
fffffe63
fffff419
ffffefbc
fffffd2b
000002fd
fffff980
ffffff27
00000784
ffffeb1f
fffff113
fffff5a0
000003e9
fffff1db
ffffee05
fffff800
fffffc79
fffff5bd
00000903
fffff1e8
00000207
00000a33
fffffe84
00000822
fffffb5b
000005aa
fffff8ce
00000960
fffff88e
00000409
fffff925
00000179
fffffa31
fffff549
00000a02
fffff73c
00000373
fffff08a
fffff281
ffffeae9
fffff32b
fffff6fe
fffff13f
ffffdfb4
000000a2
00000243
fffff97d
fffff7c7
ffffef66
000005a4
fffff3fe
000005c3
00000e18
fffff3df
ffffef97
fffff74f
fffff73a
000002b2
00000265
fffffebd
00000534
fffff97b
fffffb0d
fffff2f1
fffffa96
fffff134
fffff89e
fffffbc2
fffff5e7
fffff042
ffffef07
0000003c
fffff729
0000077d
fffff0f7
fffff019
fffff68b
00000558
fffff56b
fffffb3b
fffffb46
fffff1f6
00000b50
fffffa9d
000005b3
fffff309
00000a98
fffffcde
0000042e
000008d4
0000015d
ffffff2e
00000519
fffff386
fffff84c
000001b1
0000075c
00000085
fffff668
00000106
fffffe74
fffff6d2
fffffedc
000009ec
fffff090
fffff779
000004a0
ffffff7f
ffffedb2
ffffffb3
fffff4a2
fffff686
00000be1
fffffff8
00000468
fffffdbc
ffffe937
00000fdc
fffff498
fffff60b
fffff8af
ffffe47c
fffffd83
000008b8
ffffecf9
ffffff84
fffff023
ffffeb39
ffffee89
000000aa
ffffe969
0000065f
ffffe56d
ffffe894
fffff687
000006b6
fffff362
fffffe3d
ffffec84
fffff421
fffff10c
fffff056
fffff02f
0000072a
ffffea4e
fffff5d1
00000198
fffff085
00000033
ffffea9c
ffffeea4
fffff5a5
fffffd6a
00000164
ffffe6fb
0000036c
fffff332
000003e1
fffff79a
0000063d
fffff530
000003eb
fffff403
000003fe
fffff647
000003ff
00000317
00000485
fffff6f7
ffffe85b
0000030f
ffffe9c1
00000676
fffff8d9
fffff73d
fffffa42
ffffed07
00000479
000001ca
0000059b
fffff3d5
ffffe843
000002f6
0000064b
00000bb7
0000031a
ffffec64
000009ff
fffff956
fffffad3
0000079d
ffffef19
00000883
fffff0c0
fffff122
00000160
fffff090
ffffff7a
fffff673
000000c5
00000461
fffff767
fffffef1
fffff362
00001214
ffffe360
00000a96
fffff84b
fffff361
000003b4
ffffe2f9
fffff7a3
ffffe5df
ffffee1b
00000095
fffffef6
ffffecb1
ffffe8d2
ffffea6d
ffffe7aa
ffffed8b
00000959
000000e7
ffffe289
0000041f
ffffe848
ffffe467
fffff261
fffff5cb
fffffb6e
ffffeadc
fffff841
fffff185
0000030a
00000036
fffff79f
fffff265
00000a24
fffff7e9
fffff833
00000664
fffff2a6
000006b6
0000055a
fffffb88
00000614
fffff9f5
fffff557
fffff624
ffffe5af
fffffc2d
ffffef51
fffff2be
fffff3cd
fffff831
fffff09f
ffffe5bb
fffff818
ffffdf34
0000062e
fffff9d7
fffff18d
000005a7
ffffea86
fffff172
ffffed21
ffffe600
fffffbdf
ffffec00
ffffead5
fffff2ba
00000cdb
000004f2
ffffe83f
000003a4
fffffeeb
fffffc13
ffffea47
000001ce
fffff6c8
fffffde6
fffff754
000001e3
ffffe6ae
000001a9
fffff4ea
fffff165
ffffff79
ffffee0d
fffffd7f
fffff188
00000325
fffffa03
ffffec00
fffffadc
fffffd8a
0000038f
ffffec85
0000096f
fffff0c3
fffff1dc
ffffe4b6
ffffe76e
00000034
ffffec5a
00000521
fffff0b7
fffffbfd
ffffe584
ffffe8f1
00000b7e
00000323
fffff531
ffffec20
0000024a
fffff619
fffff79e
ffffea43
ffffff15
fffff6ae
fffffe73
fffffd7d
fffff02d
fffffe66
fffffa49
fffff390
0000045f
fffff91c
00000dfc
fffff75e
00000451
0000024f
00000491
0000016c
ffffe9f2
ffffe6d3
000009f9
ffffff68
00000416
fffff1d0
ffffffae
fffff55e
fffff8ae
fffff018
fffff14b
00000b0b
fffffb2d
00000261
fffff7fd
ffffe84f
fffff13a
fffff127
fffff656
fffff4e5
000009d1
000002a5
000000e4
fffff5c9
000005a8
fffff15b
000005f5
fffffa07
fffff53f
00000082
fffff415
ffffee32
ffffe11c
fffff99d
fffffa71
000027c4
ffff1560
ffffa665
ffffb9b3
ffff73b9
00004595
0000a0e6
ffffced3
000023b5
ffff0051
0000215c
0000194e
0000081d
00006f43
000026e8
ffffef44
000000a4
00009f44
fffe5b16
ffffb2d8
ffffcc32
ffff3622
0000187c
00004287
fffffa5b
ffffdfc4
ffffbbfd
000060d1
000004cf
ffffac49
ffff62d5
00000b98
ffff517c
ffffc17d
fffef0d0
00003e2b
ffff519a
fffe07b6
00002036
ffff79f2
ffffe8e9
ffffa6b2
fffffbc5
00001903
ffff81f5
00000c4c
fffff82f
ffff6aa4
fffed85b
ffffc762
ffff9e37
ffff93c7
00003ada
000005d4
fffff970
00001df8
00004eed
ffffc4b9
ffff6ca5
00001685
00001a1c
ffff6060
fffef7c6
ffff2e64
ffff7be0
ffff8b03
fffffde4
ffff058a
ffffd20e
fffffed3
00009b76
ffffebe0
0000b984
ffffefc0
ffff7cbd
fffff921
ffff86c9
fffffd6b
fffed3fc
000009ad
ffff6876
fffff8aa
ffff929a
ffffab64
000154af
0000361e
fffe0a7e
00001624
ffff5399
ffff98e2
ffff91ad
00002ff2
ffff1f9d
ffff7311
0000357b
fffffbdb
ffffa00a
fffe7ce9
0000308a
ffffe1f8
ffff845e
00001dbe
ffffcb09
ffffd904
ffff688b
0000317a
00006cbf
000057b6
ffff9e44
fffe2131
0000b9f3
ffff5dd9
fffeb032
000107e1
0000414a
ffffbe12
ffffd42d
00004a0f
fffee2d9
0000122e
00003022
ffffb1ac
fffe8b11
ffff6d51
ffffe213
00003fe7
ffff6db1
0000a087
00005584
00002b47
ffff742c
fffffeec
000011c4
ffffc790
00002b01
ffff91d1
ffffc8f1
fffe9fe8
000055aa
ffff8719
00002761
fffda328
ffff0bff
00002021
000071f8
ffff16cd
ffff1e05
00003cf5
fffffad7
ffff62a6
ffffdd93
00000cc6
ffffe793
00001f47
ffff477d
ffffb2f9
ffffe76b
fffeb1af
fffff26c
00002c40
ffff9bd9
000008d7
000005b3
ffff2943
ffff9204
00000f6a
fffff95d
000020f5
000058cb
00003e4c
00005a99
fffe8107
ffffb408
fffee345
ffff5aac
0000584d
ffff7441
00007ccd
ffff68bb
00002f8a
ffffe877
ffffaec8
fffe1e06
ffff7a12
ffff8b61
ffffdcbe
fffff73b
fffed2d9
00001595
fffe8782
ffff7749
ffff8a75
00000d2c
fffe8a37
00004009
ffffd849
fffe733c
000003fa
ffffcd4a
ffffa8f8
ffffba5b
fffed15c
ffff981d
000014cc
000015cf
0000891f
ffffbe21
ffffa807
ffff9e60
00007c91
0000508d
00003ae6
0000da76
ffff9447
fffffd52
00003f0b
ffff873d
fffef217
00000a97
fffe749e
fffeeab2
00005301
000048b0
ffff651c
ffff0a7f
00003a4a
ffff6b49
00003327
ffffdc15
ffff9af9
0000e6c6
000013b5
ffff3ebc
ffffcaf1
ffffc498
fffffa28
fffff781
ffff3ecb
fffffc16
ffffcbca
00001c05
fffed84b
00000df9
ffff74b7
ffff3730
000016ef
ffffb0d8
00003d17
ffffa73b
ffff934a
ffff8efd
fffec8e4
ffff8e51
ffffc58e
00001126
00007974
ffffa925
000020e4
00003b5f
ffff7467
ffff7d4f
ffff53dd
fffeda60
ffff77f2
ffff50de
ffffcb2b
00006c27
fffed703
ffffeb77
ffffa2f6
fffe25e7
000058cd
fffff1f2
000021f7
ffff2cf8
ffffbd79
ffff7cc8
ffff7241
ffff62a0
ffffd08f
000006b6
ffff40de
fffff1ff
ffff5ece
ffff7227
00004594
fffffe96
00004253
ffffcb7c
ffff2632
fffe07f3
ffff0598
0000f223
00004c2d
fffefca8
000006e5
fffece24
00005fd0
fffff4b6
fffe5237
ffffa14c
ffffa28f
0000322a
ffff7d38
ffff18e6
00000dad
ffff9a76
fffefc94
ffff727b
ffff7220
ffffc125
000065e6
fffef50f
ffffc053
ffffac32
fffe87b4
00000f68
ffff2698
ffffca02
fffe23fc
00004c15
ffff8d72
ffff9a1b
00001ad7
ffffe08a
fffffffb
00006a4f
ffff3461
ffff4710
ffff586a
fffe3ce0
ffffd0b2
ffffad92
ffffff69
ffffd2a4
00001e0c
0000abaa
fffff7b6
ffffda66
0000ab99
000002ad
ffff3caa
fffcef27
fffeaf2c
ffffbae4
00001ef8
ffff65ce
000006c6
ffffe4ef
000041ee
ffff87ae
000006be
fffff208
ffffa101
fffe85eb
fffff07d
ffffac89
fffed1a5
ffff654a
00004dbb
0000271d
00005205
ffff3937
000024b8
000034c8
ffffc251
fffee99e
ffff3a9f
ffff784b
ffffbcfd
ffffc531
ffff6466
ffff8ba9
ffff9056
0000444e
ffff1bdb
fffe8a8d
00001fbb
ffff3bfd
000028c8
000032d4
ffff5c62
ffff7dde
00002dc2
ffffbf9d
000028cb
ffff53fb
ffff7e2f
ffffd74e
ffff3b1b
00004749
00001e79
000067ce
0000014d
ffff1b57
ffffd99e
ffff14bb
fffcd391
ffffe2f0
fffe73cd
ffff3598
ffffac52
ffffdfe8
ffffc735
00001c08
ffffbdc1
ffff65e5
ffff4e93
ffff8295
0000d51f
fffd62df
fffe0252
fffff92e
ffffd812
000006ad
ffff882b
fffe57f3
fffff314
fffe9213
ffff662d
ffff9d8d
00001ead
ffffdf03
00001840
ffff6baa
ffffcb83
0000b008
fffeacf9
00004686
fffe9d17
00000448
ffff3deb
fffe86a7
fffdc422
ffff90a6
000073ae
ffffa44c
fffe082e
ffff0ad0
fffd3a7b
fffff9f7
ffffaf5f
ffff9f82
ffffef29
ffffe01b
ffffdf53
fffef7bf
00000fdd
00004311
fffff653
0000c09f
fffeb546
ffff41f1
fffea4e7
ffffa961
ffffbac9
ffff70ae
000028fa
ffff1564
ffff90fa
00001211
ffffff85
ffff364a
ffff5344
ffffcc05
fffeba5b
ffffb8d7
ffff1258
ffffb4d8
ffff5bdb
fffffcad
fffeba9d
0000230d
ffffd0ea
0000664f
ffff7254
ffffce95
ffffb53c
000014eb
fffd3b33
fffe9603
00001d44
000010dd
ffff8f53
fffee49b
ffff72bf
0000018a
ffff600b
ffffcd71
ffffa7aa
00000242
00000af4
ffff8c3f
ffff1169
ffff0811
000042b6
ffffe31d
ffff2729
00002dd7
ffffb35e
ffff8cac
ffffa49c
ffffb89e
fffd7b58
00001029
ffffd108
ffffc4c3
fffdfcd5
0000202d
ffff7408
ffffb791
ffffe133
ffffebe7
00000432
ffffedac
fffff6cf
fffff783
fffff5b9
000006ea
00000cd8
fffffa7e
000006e5
000002ea
00000b3d
fffffbf1
fffff006
000002a7
fffffe3c
fffff318
fffff0ca
ffffff0a
fffffb39
00000a53
0000034c
fffff623
fffff7b4
ffffeebc
ffffebaa
fffffe04
00000791
0000057e
fffff077
ffffeb29
ffffe9ff
000002df
00000f03
ffffea41
fffff426
000001a3
fffffbb3
000008f4
fffff232
fffff62f
000002a1
fffff9ed
00000431
ffffee55
0000002f
fffffcb8
0000026b
fffffc1c
0000033d
fffff062
fffff99d
0000023c
fffff955
fffff697
ffffef58
ffffec58
fffffc5b
ffffed5b
00000295
0000002a
fffff7be
000003af
000000a3
00000037
fffff604
0000019f
fffff022
00000374
00000cca
fffffd0d
fffffc32
0000079d
fffff981
00000aa8
ffffffd9
fffffde1
00000399
fffff462
fffff3c0
fffff24a
0000054a
fffff839
00000142
00000c48
fffff342
fffff282
fffff045
fffff595
fffff144
fffffb03
00000618
fffffe33
fffff809
fffff6a0
fffffa82
00000b45
fffffe36
fffff6f4
fffff9db
fffffb11
00000159
ffffebb5
ffffff2f
fffff0f8
fffffbc9
ffffee2a
00000346
ffffebb5
fffff2f8
00000229
fffff389
fffff11a
fffff760
fffff1f8
00000332
00000483
ffffee76
ffffeed3
fffff46f
ffffec57
ffffff97
fffff086
fffff687
fffff553
fffff376
00000665
fffff456
fffff4fe
fffffaac
fffff90f
fffff414
00000163
00000611
000008d7
ffffed2e
fffffe84
ffffecd2
0000070b
fffffdad
ffffee19
00000821
ffffefad
fffff130
fffff16e
ffffecd6
fffffedf
0000030c
ffffed7f
ffffea59
fffff04e
0000016d
ffffef3f
fffff3e8
fffffbef
ffffffd8
00000429
fffff0ec
fffff6ae
00000af4
fffff534
fffff501
00000b03
fffff1f3
fffff6ae
00000172
fffff9c6
fffff31d
fffffb45
ffffec63
fffff942
ffffed14
000004fa
00000a43
ffffeb9b
fffff2ab
000004e5
00000ef0
00000a02
fffffe23
fffff52b
ffffec5c
fffff85f
0000025e
fffffad0
00000bdb
fffff1ba
fffff199
fffff13d
fffff9a5
000001c1
fffff2a0
fffffd48
fffff8af
ffffed0a
000008b6
fffff235
fffffba8
0000069f
00000ed5
00000e90
00000c68
00000c3f
000003b3
fffffa77
00000454
ffffee77
fffff5e9
fffff112
fffffb53
ffffe681
fffff48d
0000014f
fffff6f9
fffff510
fffff292
000000aa
ffffffaf
00000499
00000597
fffffbed
000007d9
fffff9eb
fffff9c5
fffff42e
fffffe76
0000042b
000003e5
00000897
00000331
fffffe5a
ffffeeae
fffff2fa
00000643
fffff5de
000005b5
fffffa9f
fffffbf0
00000cc6
0000073a
000008ef
0000018c
ffffef31
fffff12b
00000b1d
00000221
fffff1f3
00000b66
000007e4
ffffee2b
fffff26e
fffff6b8
fffffba4
ffffffed
fffff2c0
fffff21d
fffff5ec
fffff94f
0000075e
fffffda1
fffffcfa
00000137
fffffbde
000008da
ffffffae
fffff3a5
ffffed3c
fffffe38
00000050
00000cfe
fffffadf
000009d1
ffffffb2
0000056f
fffff0f8
ffffecba
0000083f
fffff541
ffffef4f
fffff540
00000885
ffffee05
fffff8ca
00000269
00000667
ffffed22
ffffee95
00000208
0000106f
fffff839
0000095c
fffff2a9
fffff748
0000025a
00000495
000006db
fffffff1
fffffe02
fffff1db
fffff873
000007a2
000003b0
00000221
000006c2
ffffe690
00000381
00000bea
000003af
fffff8ec
fffffe70
00000a10
00000a2d
fffffa2a
fffff0e4
ffffef6d
fffff612
00000601
00000c89
00000661
fffff5b0
fffffcac
fffffcae
fffff53e
ffffffc1
fffff47c
fffff8d2
fffffd75
fffff97c
00000ebb
fffff2f6
00000379
fffff078
00000150
00000e3c
fffffe90
ffffea79
ffffeff6
ffffffd6
fffff061
fffffa87
00000411
ffffe9bd
0000026c
fffffd98
000002b9
ffffff80
0000039f
fffff1c8
ffffef14
fffffb6c
fffff048
fffffcdf
fffff4a3
ffffffad
00000f32
fffff384
ffffea9f
fffff164
000005fc
00000670
000006bc
fffffaab
fffff292
ffffe91a
ffffe9c3
fffffa26
ffffffe1
ffffed61
00000036
ffffed39
00000aca
ffffec1f
00000233
fffff3fb
ffffe945
fffffe37
fffff525
000009ac
fffff4d7
fffff98f
fffff2e5
fffff5ff
fffff13c
ffffec9e
fffffaa1
fffff976
fffff71c
fffffc27
fffff165
fffff3ef
00000103
fffffd1d
00000fa1
ffffe90e
fffffbeb
fffff66e
00000373
fffff45c
0000098b
fffff54d
000009a9
fffffc90
fffffe53
00000863
00000243
0000036c
0000111b
000006ed
ffffee23
fffff498
fffffafc
00000066
fffffd63
ffffe6af
fffffca1
fffff0a0
fffff33f
fffffcd2
ffffed97
00000e72
fffff548
fffff578
0000040a
fffffe95
00000278
ffffee34
fffff9d6
fffffcfa
0000032b
ffffe692
fffff804
fffff673
000003d1
00000848
ffffec35
fffff695
fffff461
000006db
0000042f
00000b0f
fffff239
fffff158
ffffe3ce
fffffded
00000d15
fffffbd5
00000704
fffffbca
ffffef6e
ffffec8f
fffffd10
fffff440
fffff503
0000087d
fffffee4
ffffecda
ffffea34
00000e15
ffffebfe
fffff1a2
fffff50f
00000e77
ffffed8f
ffffe62f
00000820
ffffef99
ffffe6a3
ffffeea7
fffff72c
fffff43c
fffff06d
fffff611
ffffe8ca
00000266
000001a3
fffff226
fffff27a
fffff909
00000058
fffff24e
ffffffa2
fffff4ab
fffff9d8
00000da7
fffffa7e
00000ba2
fffffe33
fffffdb1
fffffff8
fffffa4f
ffffea9f
ffffff94
00000579
fffffe23
fffff212
fffff6c6
00000006
fffff3d2
fffff5f3
ffffee17
ffffffd9
00000c1b
ffffecc8
fffff406
fffffe50
fffff34b
00000377
0000022e
fffff82f
fffff907
fffff6f4
fffffa80
ffffa353
0000b787
ffffa2bc
00003785
ffffec4f
00003688
ffffd46a
fffdadc0
00006db0
ffff1204
ffffcc82
000046d5
0000a1d5
00009376
00003ed4
ffffad77
fffffc59
00001eb6
00001a30
0000cbba
fffff06e
ffff50f5
00009045
ffff4e1c
00001878
00004f6e
ffff4dda
00001739
ffffff7a
ffffab4a
00007468
00003620
ffff1ee1
00003a9c
00008fb7
000099c8
fffff69b
00009230
ffff5781
ffff8d24
ffffc089
00005502
fffff934
ffffdb24
ffffd9d1
ffffbc7d
0000ab14
00005a8b
00009466
fffee920
0000927a
fffdb523
000030d8
ffff1436
ffffa1a8
ffff60be
ffffb471
fffeb740
ffff53ab
000075a3
00002e99
ffffb816
00000427
ffffd02e
ffff046a
fffe1012
000005f2
00000301
fffee2d5
000081f6
00001bc3
ffffadad
0000bde0
ffff4483
000013cf
00002851
00005494
000003c6
ffffb58e
00000780
00000847
ffffea94
ffffa869
000050de
ffffcf22
0000670e
0000ceb8
0000f1ad
fffffed4
000051e1
ffffcdb9
ffffed0c
00008faf
ffff15a0
000005e0
0000057e
ffffc34c
00005623
00007605
fffff061
fffff80a
fffd7859
00011026
fffdd4dc
ffffe03d
000016a3
0000451a
ffffbaac
fffe8e3f
00002027
000006fb
00013746
ffffd25f
ffff856e
00003408
00005406
ffff091b
ffff8105
ffff6cc5
ffffa94d
fffefa74
00001434
ffffa1b5
0000ad34
000040ad
00000145
fffe6639
00001e3f
000044e3
ffffa928
00008647
ffff504e
ffffd612
0000082b
ffff7ed2
00008e80
00004057
00000320
fffe3342
fffee25b
00000b8a
fffe80ce
ffff006d
0000498f
ffff8b71
00004b6b
00008c3d
fffff055
00001bd5
00005b88
fffe297d
fffd6951
ffffcdc7
ffff739c
ffff963b
ffffac16
00005ec2
fffeb9cb
00000a3c
00011a90
00000b3f
00000a6d
0000eda9
fffe0075
000040ce
ffffc7e0
ffffe8e2
fffffa59
00003090
fffffd57
0000361b
00004c85
00003049
ffffd166
00003b8e
ffffe5fb
fffefaa8
fffec4d7
00001c4f
00001e92
fffebd08
00005b12
00004328
00005a4c
00000f1f
ffffa991
ffff657f
0000871b
fffeb625
00002922
ffffe916
ffffaf96
00002314
fffeb942
fffdf7e9
fffe96d3
00006581
ffff7a76
fffd870e
00000c4d
ffffa89f
ffffec9d
00001949
ffff0db5
ffff8373
00001bc6
000025e9
00003c0c
ffff525a
00005657
ffff84d2
fffff51a
00004e3f
ffffb5b6
fffff0aa
ffff572d
ffffa7f0
fffec799
ffffecdb
0000cdda
ffff5f6c
fffec01d
000080d0
fffe5f3a
ffffc2a5
ffffe65a
ffff606b
ffffc3fa
ffffe09b
ffff8536
00000260
ffff00d2
000085ac
fffff980
fffec4b0
00009813
fffff8f6
00003339
ffff9e05
ffff7f12
ffffeb33
00004310
00006a3a
00004384
0000517c
ffff18b3
ffffca2b
ffff41e1
ffff0242
00003e76
ffff4961
ffffc1e0
0000da38
ffffdeb6
00000efb
ffffc925
ffff2822
0001031b
0000868a
ffffd698
ffff91c0
0000a67e
ffffe1e2
ffffa3bd
ffff9d85
fffff693
ffff43af
ffff9634
ffffab75
00000917
ffff8ffd
ffff1ee5
fffff877
00002fe3
ffff3836
000067a6
ffff87b3
fffffbce
0000b688
ffff3511
ffffce92
00004257
ffff9f31
00006709
ffffc125
00008404
ffff6cc6
00000694
00006efe
ffff8166
00004b40
ffff7bd5
ffffda7b
0000296d
ffff7dd8
00000aec
ffff9e2c
000037df
00000fb4
ffffd88f
ffff9119
0000547d
ffffd5d6
0000a39f
00000707
ffff5b06
ffffc6bf
ffff3d4e
ffff36b5
ffff8b32
ffffd64f
fffeb786
000018a0
ffff99f2
00002e78
ffff6a7d
000007b9
00001b81
0000205f
00002c7b
ffff814f
fffcaf8a
00006f46
ffff26a0
ffffaf48
ffffc02b
ffffd679
ffff78da
00007a7c
0000824b
ffff96c3
0000149a
000035be
fffffcf2
ffff9f89
00007646
fffeb61c
0000081b
0000fe77
ffffd25b
ffffbc74
fffff07a
000041e0
00000f15
00006c00
ffffbab4
ffff6c68
fffffd2f
ffffa7d2
ffff3f7f
fffff34c
00000b67
ffffe26d
fffe5b68
0000df2e
ffffacbe
000059a0
ffffd344
000004fa
ffff3fee
ffff2c0a
ffff9568
ffff7d2d
ffff6bbb
ffffa645
ffff2ae1
00002728
0000772e
ffffbb1a
ffffab8c
ffffab4f
ffff2965
ffffaceb
ffff1496
ffff1871
ffffc429
0000c15b
ffff23c8
fffe4b81
00005ba2
fffee20a
000106fc
ffffda80
00004b76
ffff5441
ffff485f
00002660
ffff843a
ffff8d53
ffffa8f9
00001fd4
00003033
ffffdd88
ffff8e6f
000075dc
fffef10f
ffff5640
fffe2baa
ffffe0f8
ffff3eb4
00005535
ffff15fd
ffffbd40
ffffda2a
ffff6fed
ffff97c4
ffff31a4
0000277e
ffff82e9
ffff43fb
ffffd2cd
ffff1c50
fffedfb6
ffff4006
000001bc
ffffe389
ffff1705
ffffabff
0000ff47
fffeabed
ffff6e12
ffff9023
ffffa61a
fffff068
ffffacec
ffff448a
ffff7b51
ffff5be5
ffffa872
ffff1155
ffff94cb
00002fca
fffecb1c
ffffb2b9
ffff3d5c
ffffffb9
00004229
ffff4fe8
fffe7dc4
ffff93b4
ffff6b71
000040bb
fffffa1f
ffff233b
00003fe4
00002613
ffff426c
0000f24a
fffe548d
ffffc62a
00009004
ffff634f
ffff40a4
ffff2f27
fffe862e
00004ac1
ffffa013
ffff9928
ffffaf9e
ffffbf19
ffff7229
ffffb377
00008ecf
fffe8199
ffff78c9
ffffc0c3
ffff079a
fffe7a5d
ffffca28
ffffa6d9
fffffd46
ffff8b76
fffedb4e
ffff01fd
000060c3
fffeaf54
fffe560d
ffffca25
ffffe293
ffff71c6
ffffccec
ffff770a
00002727
fffeba9a
ffffe7e1
0000b48a
ffff6de2
ffff94aa
fffffa20
00002fb5
ffff43aa
ffffe814
00001297
00005ed0
ffff055d
ffffa9db
ffff7701
000013d6
ffff6cf9
fffff776
fffeeac7
ffff5dd1
ffff6e97
ffff7e9c
ffff8730
ffff9198
ffffaed3
fffe437d
ffffb39a
ffffc13c
00008f69
fffff6c9
ffff15b8
0000103b
ffff8ecd
fffff9dc
ffffa561
ffffdadc
fffeaa54
ffff5d7a
ffffc3c6
ffffb001
00000a22
00001bc1
fffff7a1
ffffb5e4
ffff325e
ffff3edc
00000be8
00009dc5
ffffa285
00006deb
ffff55b9
00001dd6
ffffcf9e
ffffb834
ffffd089
ffff7ef2
00006f79
ffffe464
ffff2b20
fffff3d4
ffff9bf0
fffff963
ffff9388
ffffa58a
ffffe6e2
ffffcc32
000056f0
ffffbdb4
0000025c
ffff5661
ffff9f04
ffffd1e4
fffffb7f
fffdb82a
ffff6c0d
ffffda55
ffff6d25
ffff19a5
000063ec
ffff7c17
0000301a
000089b3
ffffa3ea
ffff9463
ffff3d3c
ffffb8eb
ffff4fb0
00004de3
00001ce1
ffff7a8a
fffff91a
ffffc9b2
0000264d
ffff0fa0
ffffcb2d
ffffde7f
0000eeda
ffff53a1
000007aa
ffff8800
ffff5502
00005a02
0000631b
ffff00c7
fffff40a
000058ab
000054a2
fffff173
0000cdd6
00002a92
ffff6dba
000028ad
ffffbfb7
000019d0
ffffdb57
00008e7c
0000164a
00001052
ffffa0ae
00001420
ffff5e59
0000280e
00002578
ffffd32f
ffff698f
0000015f
ffff9052
ffff927c
ffff7f81
fffffa74
ffffcb09
fffff04f
ffff6471
ffff3c85
00004a9d
000002dc
ffff05bc
000054bd
ffffbb5b
ffff0d11
00000d9f
00007c93
ffff152c
fffff309
00004dc4
ffff9227
ffff5833
ffffbed1
ffffffb6
ffff5f85
00001317
00001eb6
00000211
000022da
ffffa718
ffff6fd2
ffffd436
0000317c
fffff2fe
ffffa7b4
ffff2d65
ffffc5ca
00000335
00001b52
ffff2200
ffff96ba
00003ea5
fffec7f4
ffffcc10
000062c6
fffff3d3
ffffb118
ffffb44b
ffffa1b8
ffff84e1
ffffeac8
ffff79db
000049ea
ffffe7ec
000098c5
fffeb936
ffff7a43
00000b6d
ffff6f84
ffffbfee
00001e10
ffff3a14
ffffe4d5
000005e8
000033eb
ffffd518
ffff0909
ffff5e92
ffffe159
fffed5c8
00001aaf
00008ca3
ffffdd26
fffecba0
0000a9c7
0000213f
ffff22d8
000037d1
ffffc9c7
ffffc231
ffffb564
0000b49e
ffff2c88
ffffe4e8
ffffc38d
ffff8d01
fffef4a4
fffea8cc
ffff95ca
00000f5e
00008534
ffff7a88
ffff0b72
ffff9243
ffffe6e5
000069e9
fffff0e6
ffffd338
ffffee1d
000015ff
ffff5795
ffffa8a8
fffff00a
fffe8fd2
ffffaf98
ffffcd62
fffff0dc
ffff3c60
00004d85
000014df
ffffa4de
fffeb59c
ffffa0e5
ffff7036
fffff228
00004884
00005e90
00001c43
00003231
000000de
ffff5847
ffff791c
ffff3d95
ffffe669
ffffdacb
000060e9
000014dc
fffeaac0
0000403c
fffe6e60
00003b9f
00003f05
ffff8097
ffffe5cf
00007608
fffff4f9
ffff7645
00006610
ffffc769
fffee923
ffffca1d
0000438b
00001755
ffff7e9c
fffff3da
00001226
ffff5bc9
ffffc22b
000022e5
ffffb01b
0000307c
ffffac28
ffff26a9
ffff7e01
0000059d
ffff9a27
ffffb7ce
ffffb7d1
fffeb219
ffffdbe2
fffed96a
ffffcec8
ffffe70f
ffff580e
0000480d
0000990b
ffffd915
fffc67d6
ffff5aec
000017c1
fffeaf1e
ffffaca2
ffffbbbd
000094c9
ffff6d88
00002136
ffffced8
ffffff44
fffeda93
ffff2c7b
ffff799e
0000c66d
ffff6020
ffffc9da
0000824a
ffffbb1e
fffff6c7
00001644
00004c31
00004665
ffffcc8b
00003c2c
fffffc12
00000781
00004f32
000016e0
ffff6a34
00009f37
000056da
0000117c
ffffbeef
00004cdb
ffffc33b
fffff9c7
ffff8a6a
ffffedd7
0001117e
00002beb
000057da
00003e11
ffffc818
ffffbc35
00003901
00007b29
000029a9
000026ce
0000516d
ffffea04
00003974
ffffee29
0000bc56
ffffeede
ffff123a
ffffcaa3
ffff9afb
00005cb4
ffffb194
00005afd
00009371
ffff5c65
ffffdd47
ffff9d15
ffffc0f6
0000da28
fffed6ef
00005478
ffff6686
ffffe7f2
fffff981
ffff9342
fffed26e
ffffff74
ffffdb90
00002b93
fffed86d
ffff2388
ffffc342
ffffcab6
fffe9ad8
fffff3a3
ffff0d36
ffff9e45
0000f6df
0000732a
fffff8f0
0000240b
000005c9
ffffe703
00006079
0000002c
0000234e
ffff7ea6
ffff840c
ffffe76e
0000193a
ffffc18d
ffffa16b
000004f6
ffffd51e
fffdd791
ffffe8d8
00000f7c
ffffb8a0
ffffbbc2
fffffcc2
00005a7d
ffffb2a7
000087d4
fffff7a8
fffef739
fffff348
0000747c
000010b8
ffff51ef
00000b5e
00008b38
ffffc023
00002398
ffffc55c
00002b65
ffff74ba
ffffb8d4
0000327f
00006bf0
ffff24f8
00001f91
ffff93a4
ffffe92a
ffff6831
fffeba63
0000527b
ffff89dc
00004196
0000a4d4
ffff66b7
ffffcfcc
00003d0a
ffff540d
ffff7f9c
ffffd7b5
ffffe4ed
00005ed3
ffffbb5e
00002be0
00003fa7
000076f6
00002705
fffff73f
000088a2
00000d96
fffeebe6
ffffa0e9
ffffda72
000034a6
00010716
00004fba
00000812
fffed0ed
00006b01
00000c43
ffffc0f1
00000ed7
ffffa3a0
0000dda1
0000240e
ffff66b7
00001d42
ffff059c
ffff957e
00003fa1
ffff45df
00013a7c
ffff2979
fffffda0
ffffa5f0
ffff06b2
fffe9318
00000adf
ffffd4d1
0000ea5c
fffefff0
ffff953b
fffefbaa
ffffe045
ffff3b05
ffffee57
ffffe428
0000c800
ffff9922
fffff90c
00004ffc
ffffb2a4
00009fc2
000066c2
0000470c
fffffdf5
ffff17ff
0000c072
000033d8
0000d5bc
ffffc4bf
00007a10
ffff26bf
ffff98fe
fffff51f
00000957
00005678
0000065d
ffffc1cc
00004e2a
ffffe39e
ffff9cc6
00000184
ffffd0dd
ffffaa7e
ffff733e
00008584
00000957
00000198
ffffb372
ffff66de
0000100b
ffffbb81
ffff713c
ffffec9b
000021b8
00002f1c
ffffd7ac
fffe9b19
ffffc942
ffffa9a4
000077fa
ffff70a1
00000166
ffff44f9
0000a415
00005962
ffff8f01
ffffd2a4
00004840
00003f63
ffffe1e6
00008629
ffff80b7
ffff3143
ffffc46b
fffeb968
ffffd118
ffffbafc
ffffed95
00005a4e
ffff9dae
ffff926b
ffff042f
ffff8c90
ffff6f81
ffffa0cf
00007655
ffff8563
ffff9d75
ffff3fbd
ffffcd14
00001e54
00000f94
00001d1d
000010cc
ffff6f7e
ffffc065
ffff4a31
0000b2e1
00003c89
0000037e
ffffd397
0000444e
fffefd6b
00008195
ffffe52f
ffffbdde
000040db
ffffc8b5
fffffee3
ffff0fca
ffffddb9
ffff52c1
fffff631
000059c8
00005be6
0000efe3
ffffa9e6
fffff6b6
ffffb103
ffff4082
0000619b
00005af0
ffffa2fd
ffffbefc
ffff0624
fffeff07
ffff8968
00006d8a
00005567
ffffc46a
ffff057a
00007578
00005b6e
ffffd8be
ffff57fb
ffffc99d
ffff577f
fffffab4
000000d6
00003434
fffe39b7
00006563
ffffbabc
ffffd848
ffff07eb
00001631
00006e6b
fffef535
fffdf1ba
000070c7
ffff8bd4
00006c37
fffff7a7
000038c4
ffffbe2d
00003407
ffffedbe
ffff18ec
fffffe13
00005e91
ffff4dab
00005cc8
ffff721d
ffffc5f4
fffeb42b
00000ca0
ffffd918
ffffa342
ffffb2b0
ffff82ce
0000084a
ffffb89d
ffff04cd
0000819d
0000568c
ffff7292
ffff49ef
ffffdbaf
00004a99
ffffba8f
ffffdbad
00007d64
ffff870b
00002a91
fffff14d
ffff652a
00005d59
00002a09
00000ba0
ffff4976
00005342
ffffe99c
ffffbbb2
000040a1
ffffd801
ffff91c0
fffffa73
ffff773a
00001aae
ffffdc5c
0000afc2
0000187e
000094c3
0000b872
00001e35
0000506e
ffff9240
00000ac3
ffff8d51
000063c3
ffff7784
ffffc2fe
000041d3
00005f40
ffff459b
ffffe7ed
fffff886
00007219
ffffa07b
ffff7c89
000062df
000024dd
ffff8d8a
00000bc9
00005183
ffff2245
00005803
00007ae0
ffff7e7d
ffff952f
ffff19ef
000070be
ffffe578
fffff27d
ffffcb6d
ffff80e6
ffff70db
fffeed6c
00003af5
ffff82ad
ffffabf2
0000fcdd
ffff5f11
ffffde31
ffff6328
ffff4561
ffffd4cb
00003c7e
00003083
fffff08a
ffffe048
fffea32f
00000517
ffff8ce7
ffffcc85
ffffb118
000025b2
ffffafd4
ffffd68f
ffff56f7
fffef614
ffffbc60
ffffc4d9
ffff7aed
0000e570
ffff9d6f
ffff6e14
000012e6
00003dfc
ffffee18
0000322d
ffffbf56
00003447
00004c34
ffff7004
ffffe40b
ffffda2c
ffff3f90
00002546
00000839
000065fb
ffff9894
0000baaf
ffffc791
ffffb34f
00000851
00003d6c
0000b0e0
ffffa189
00000305
ffffcb34
fffebe04
00003b01
ffff91c7
0000603d
000061c3
00001778
00002278
00005d81
00009af6
00001220
0000c787
00000021
00009366
ffffeb05
00006562
fffff11b
fffff015
ffffa99e
00004878
ffffdf97
ffff689e
ffffe261
ffffdd6c
000086da
ffff53f2
00002f26
ffffac79
000003ec
00003c56
ffff5db0
ffffd0f5
ffff072e
ffff9ea2
ffff3d1d
ffff998d
000027f0
ffffe4fc
ffff93d4
00001294
ffff75c8
00000d8f
000002c4
00000243
fffff1e1
fffff8d9
fffffc87
fffff55b
00000a94
0000043d
0000026c
fffffc6a
ffffea54
fffff20c
fffffef5
0000049b
00000515
fffff848
fffff1da
000020c5
fffff710
fffff20e
ffffee2d
00000b6f
fffffd55
ffffef64
fffffdf3
00000921
00000472
fffffe0f
fffffadc
fffff774
0000039e
fffff94f
0000032d
fffff7e1
fffff911
ffffe75f
ffffed2c
fffff3b0
fffff130
ffffeb29
00000068
fffffa1d
fffff0f3
fffff5ad
fffff5e5
fffff82c
000009cb
ffffffd8
fffff7b4
ffffedba
fffff8af
fffff1f2
000004a3
fffffac4
fffff485
ffffedf7
fffff6fe
fffffa9c
00000253
fffffd9a
fffffa28
fffff829
0000069d
00000b0e
fffff71d
fffff91a
fffff844
ffffff9d
fffff501
fffff9d7
fffff176
fffff229
000005bc
fffffb54
ffffef35
ffffe802
00000bbd
fffffc39
00000581
ffffed5a
0000035b
fffff714
fffff130
ffffec5d
0000083b
fffff4b9
fffffdd1
ffffe4ba
ffffe97d
000000e9
fffffb82
fffff888
fffff3f9
fffff87c
fffff129
ffffee3c
ffffe6e9
00000c8e
0000037f
ffffea7d
0000082b
0000053f
0000090a
ffffedc6
ffffe98e
00000719
ffffe646
fffff65f
fffff7d0
fffff6c4
fffff90c
ffffedc5
ffffef39
00000035
ffffffe8
fffff465
fffff247
fffff063
fffff5e7
0000021f
fffffd2c
fffffccd
00000436
fffff4c8
00000268
ffffeda0
00000478
ffffe94f
000006c1
fffff7c5
fffff5f2
ffffe27b
fffff65b
000008ba
ffffed49
ffffeaa0
ffffe832
00000e6a
0000082f
ffffeeec
ffffe816
000009b5
fffffd19
ffffff70
fffff77e
00000333
000008e2
fffffaf2
fffff563
fffffd3e
ffffe675
fffff95c
000009df
0000082b
ffffee64
ffffeff6
0000022f
000009ca
ffffe277
ffffe290
fffffb34
ffffef44
fffff00d
ffffee4e
fffffae5
ffffff8e
000007a4
ffffe897
fffffab1
fffff30c
ffffe67c
fffffe38
fffff5fa
ffffe328
0000004c
00000520
ffffee3c
0000001c
0000042b
fffff0bc
fffffe2c
fffff1c6
00000735
fffff429
fffff918
ffffea56
fffffd44
fffff846
00000421
fffff26e
000006b4
fffff999
fffff652
fffff28b
fffffc39
00000ae0
fffffc18
ffffe799
ffffe2ab
fffffd33
fffff6f4
00000f78
fffff847
fffffb70
ffffedce
00000273
0000074c
00000084
00000068
fffff711
ffffffad
ffffffc6
ffffedcd
0000056c
0000021d
ffffffb9
fffffbeb
ffffe98e
ffffebf0
fffff34e
fffff143
fffff273
ffffec61
fffffe0c
fffff85c
fffffdba
000004bb
fffffd28
fffff32e
ffffe8e7
000004e3
fffff606
00000480
fffff59d
00000ba3
ffffe38a
ffffed3c
fffff815
fffffbac
000007dc
ffffff1d
000009ad
fffff3ad
fffff48d
000002bf
0000004b
00000703
0000041b
ffffedab
000001c7
fffff162
fffffa43
00000351
ffffee07
00000120
00003717
ffffe2ef
00006d66
ffffc764
ffff4a67
ffff85d5
0000561d
00005748
fffde772
fffda5ee
ffff9cd1
ffff0cae
000125a3
fffe9a73
ffffcfda
00010c71
00000d57
ffffbbf1
fffef6b3
fffe756e
0000772e
ffffab5b
ffffd2cb
00000fd6
ffffb8a1
000045fc
000057d7
00006a99
ffffd3f6
ffff6182
000061c5
00005bc1
fffeffbd
ffffed7c
00006052
ffffde3c
ffff2b89
ffffbdd6
ffff4f1d
ffff275f
ffff8d89
ffff83ec
000009c0
000051e6
ffff66b1
fffd8a56
00002c95
ffffd205
ffff6ab9
00000e75
00001d6c
fffec8b7
ffffa432
ffff080c
0000292f
ffffd75e
ffffc231
ffff5966
ffff6bac
ffffdd70
00000168
ffff7c9b
ffffe283
ffffdf25
fffff4da
000004f1
ffff13cc
ffffc5c3
0000859e
ffff0a06
ffff6c03
ffffc258
0000446c
fffffb63
ffff42fc
ffff46df
000021bd
fffff734
000017e6
00002924
ffffa289
ffff79f5
fffee988
ffff7ac6
ffff99cc
ffffbe36
00003f55
ffff8705
ffff8a07
00000030
ffffee49
ffffa0c6
ffffddfd
000017ce
ffff8893
00000b1d
ffff8ce6
fffff829
fffea75d
00000b55
fffed3f2
0000c735
00000f32
ffff86dc
0000b93e
ffffb336
ffff8ccc
00002258
00008cea
ffff463d
000035ad
00009fc0
ffff88b0
ffff32e5
ffffbd5f
000078c5
ffff6717
ffffac92
ffffee70
00009847
0000508a
00001986
0000173e
000050c8
ffff896f
ffff1173
ffff0c0e
ffffad3d
ffffb3d7
00002013
ffff6086
fffe544b
00008132
ffffaf2b
ffffdfd5
00004577
ffff7906
ffffe84b
00003ea7
ffffa2d3
ffffb9e2
00000122
000021c6
ffff13e2
ffffdf4c
00008803
ffffbb2e
0000469b
fffe59ea
ffffe637
0000f959
fffe1105
0000271c
fffec8fb
ffffe569
fffecac4
ffff96c6
fffe964f
fffffcb1
000119c9
fffffff6
ffff82e4
ffff9019
ffff379d
00001c6a
ffff3b87
ffffec05
fffea327
000057c9
ffffe895
000053da
ffff978e
ffff3537
00000793
000055fc
ffff1d3f
ffff45de
ffff75e2
00004c9c
000004af
ffffadc5
00004697
00001922
00001767
fffec664
ffff749a
ffffec70
fffebada
ffff62e2
0000e909
ffff9cf3
000009a8
ffff6a1e
ffffc22e
00004cde
fffea367
ffff7423
00000d28
ffff9cf9
ffff2237
fffebdf1
ffffdefd
ffffe16d
ffffc365
00004fd9
ffffa623
ffffa22d
fffe4604
ffffff9a
000036b9
ffff4677
ffffee95
0001010f
fffeea5e
00001a56
0000132a
ffffe2f3
00005a6f
ffffc8a3
fffff688
fffe4b84
ffffe235
fffe10b5
0000167c
ffffc9e2
ffffb56c
00007602
fffebeff
ffffd046
00007c38
00000e38
fffff647
ffffc2e7
ffff37e4
fffe24a1
00008d2a
00002ccd
00003fe7
fffe9b42
ffff87ab
0000551c
00003cf5
ffff8bae
fffecca1
00000ba5
ffffe67b
0000420c
ffffef2c
ffffe83f
0000045f
0000ef8e
0000e800
ffffa360
0000057e
fffdde00
ffffb74c
fffea361
00001794
fffee027
ffff9889
000067bf
ffffff3b
00003380
ffffa2b6
ffff8da9
ffffff53
ffff8f28
ffffaee7
00005043
00004373
ffffbd4f
ffff32e5
00000429
ffffe3b1
ffff38bf
000022e3
00005b7d
00008787
ffffac7b
fffeb8f5
00000e50
ffff7a83
ffffd001
fffedf80
ffffa19f
00002d21
ffffcd07
ffffcfe3
ffff9806
ffff3523
ffff3c44
ffff59cb
00000d1f
00004dcb
ffff4677
fffe83d6
ffff990d
ffffc6d5
fffff586
ffffec03
ffff6f35
ffffef89
ffffc04b
ffff6ec9
00001083
ffffbad8
00003cb6
ffffa01e
ffff76b3
ffff48e5
ffffb686
ffffc2a2
00000738
00004c6f
ffffafe6
ffff54ec
ffffeffd
ffffb236
0000212c
ffff9dd0
00003504
ffffa282
00001101
ffff8c92
ffffabd0
ffffade2
fffef555
ffffa571
0000150d
00001421
ffffca15
ffff9866
ffffdd6c
fffffe13
ffff86d3
ffff8ef5
ffff4507
00000605
ffffe2da
ffffc9d9
fffff6d7
ffff9645
ffffc8c6
ffffba45
ffff670d
00000fef
ffff9b3f
ffff2653
ffff236b
ffff0545
0000274b
0000080d
00000b86
ffff95cb
ffff4803
ffffc2d6
ffff5268
ffff720c
ffff6a21
fffe455d
ffff9d62
ffff6a40
000026ab
ffff76f1
ffff3ea5
00005457
00000ceb
00000995
0000483d
00000893
00000511
ffff91a3
ffffa9cb
ffffb3d8
ffffbcd0
ffffdcc9
fffffc67
ffff3e45
ffff1593
ffffc2e9
ffffd500
ffffd6de
ffffa11d
000012cf
ffffd36f
fffeb7ac
00002225
ffff28a2
000065a5
fffed2a5
fffff18c
ffff398c
ffff8f60
0000105a
00000451
fffebe58
ffff33b5
00005471
00001ba6
00001038
00001a2d
ffffc8c3
00002534
00003711
ffffb5d3
00000a4b
ffff1e24
0000213b
00005977
ffff22b1
000064d0
fffea23e
ffffd02d
ffffa10f
fffffe4e
ffff5189
ffff684c
ffffa1ef
ffff8681
ffff8ada
ffff215a
ffffc1d6
ffff974f
ffff5c09
00001feb
000001f2
00001e8a
ffff6eae
ffff4379
fffea220
ffff1002
ffffd775
00001218
fffed76f
ffffbce6
ffff4d61
ffffeb3f
ffffed5e
ffff72f1
fffec162
ffff8d1d
0000274c
000006a3
ffff85c7
fffeee3a
00001263
ffffc5a0
ffffc839
fffe0f67
ffff821b
fffff787
ffff7ba1
00000385
0000240d
ffff65fb
ffff8968
ffffa989
000020fc
ffff4ad4
ffffcf46
fffe91a6
ffffe9b4
00003d85
ffff42ae
ffffa67a
fffee1dc
00002439
ffffa8c8
00001ccf
ffff93aa
ffffffc5
fffff717
ffff26ee
ffff919f
00000584
ffffe1fb
ffffcc5b
ffffe02b
ffffb2b9
00004e44
ffff0a41
ffffd29c
ffffbad4
ffff1ce0
fffff004
00006402
fffff1f2
ffff5b97
00001909
ffffeafd
ffffb6fb
fffffb67
ffffe23c
0000009e
ffff4a05
ffff3934
fffffb51
00003537
ffffa876
ffffde20
fffed3ff
ffffeb3d
000048d6
ffff86cc
fffedded
00000daa
ffff8286
ffffb253
ffff8617
ffffec2e
ffff6279
00001264
fffffdbc
fffff3d9
ffffffd4
fffff965
fffff5d2
fffff84f
fffff3a3
fffff87e
ffffffe6
fffff515
fffff596
fffff249
000005be
00000074
fffffc7e
0000059e
00000341
00000131
fffff56a
00000005
000001dd
ffffed34
00000d5a
0000074d
fffffd1b
00000848
fffff781
fffffb14
fffffa1a
fffff409
fffff142
fffff55d
00000522
000007f0
fffff87f
000000c4
fffffea8
fffff921
fffff1db
fffff2cc
ffffed6f
fffff3b9
fffff4e8
ffffeffb
00000743
fffff6ca
fffff02d
00000afe
0000001e
000006dc
fffff48b
fffffbd1
fffffe1e
00000503
fffff38e
fffff3a5
0000001b
0000061a
fffff554
00000546
fffffdf0
00000bc9
fffffee2
00000201
0000063b
00000cf3
00000a70
fffff31c
00000467
000003fa
fffff321
000007c9
00000841
fffff487
fffff019
ffffffd8
fffff267
fffffdb9
00000497
fffff417
fffff713
fffff67f
fffffcde
00000cb5
0000079a
00000351
fffffc00
ffffeebd
00000038
ffffff4d
ffffefed
000005d3
ffffefb7
00000aed
0000055d
ffffffd4
ffffff2e
000000bd
000008a7
fffff3c2
ffffefed
fffffda6
000009ea
0000089e
000003cb
00000958
0000022e
fffffbcc
ffffe808
fffff35f
ffffeed1
00000511
fffffd71
fffff4ff
00000003
fffff65b
00000187
fffff465
ffffed94
fffff75b
fffff532
fffff0ab
fffff575
fffff150
ffffefb4
fffff3a9
000006cb
ffffffae
fffffd69
fffff74b
fffff03d
fffff12c
fffff729
fffff236
fffffc36
fffffc2c
fffffceb
0000032b
fffff2f2
000007be
fffffeee
00000bdf
ffffefa3
00000432
ffffff94
fffff914
fffff99e
000001c8
fffffb3d
ffffff54
00000685
00000312
ffffedd5
fffff0d5
00000512
00000258
fffff8d7
fffffc05
fffff907
fffffcf1
fffffeb7
00000431
000001d9
fffffc52
00000773
00000c9f
fffff241
0000050c
ffffffd7
0000052c
00000353
fffff907
fffff88e
00000425
000004e8
ffffe6fd
fffff8ea
0000010d
ffffed63
fffffefa
fffff37d
ffffff50
fffffd76
00000d60
00000533
fffff0c8
ffffe556
fffffcf4
ffffed72
ffffff4a
fffff825
000003d9
0000045a
00000435
00000cc2
fffff95d
00000547
fffffd66
ffffea13
00000ada
0000029e
fffffd59
fffff8ee
fffff1fb
fffff7eb
fffff158
000008a4
fffff42a
fffffc09
fffff5ef
ffffee13
fffff5d1
0000025f
fffff623
0000011e
0000097e
fffffa7f
fffffd64
fffff3db
000001b3
fffff674
fffffc03
000002d4
0000065b
fffff115
ffffec20
000005da
fffffdf1
00000090
ffffee36
fffffb8b
ffffef37
000005b4
fffff6c4
00000c99
00000c65
00000462
fffff195
000004bf
fffff2ea
00000708
000000c2
0000099d
000003d5
000003a1
ffffff69
00000606
fffff2c1
ffffe985
000009d5
000007ef
000000c5
0000026a
fffffa59
fffffd65
ffffef03
000015d6
ffffeef3
fffecc15
fffee6f2
00008573
fffff164
ffffa857
ffffb683
ffff7fd9
ffffd22b
ffff394d
00004076
0000011a
fffffa15
00007e51
ffff6d99
00000a86
fffefb00
ffff8038
000042e8
fffecd19
00002495
ffff7a36
ffff6d3b
ffffffb6
00008075
ffff4f4e
fffff339
00003944
0000322f
00002bf0
fffea857
fffff597
ffff54c6
00004650
fffe8de0
fffeb9c0
00007c5a
ffff701a
ffff2c79
ffff87a9
0000c284
ffffff9b
fffc94db
00005981
ffff24ea
ffffdef1
fffffbdc
00002e11
ffff200f
ffff1a81
ffffde55
fffffd3f
ffff628e
ffff98a6
ffffaf64
00002370
fffff2e7
ffffc4d6
ffff4261
0000044f
ffffea7e
0000a808
000000d9
ffffc400
00001d60
ffffb00d
00008a5e
00000a97
fffff669
00009043
ffff8184
000049f8
fffeaf46
fffeb663
00007f02
fffef177
fffff60e
00003149
ffffd90d
ffffc6e4
00000725
ffff2fe9
fffe34e6
ffff4b08
ffff2663
fffe9fc9
ffff8fd2
ffffa823
000033bd
ffff96f0
ffff9878
ffffe44d
000053b9
ffff0f5a
fffff301
ffffe0c1
ffffbf38
ffff5bf2
0000cd20
ffff05be
00001df8
ffff73b9
fffffcf5
00003109
0000110e
00006fd4
ffffba42
000048a3
ffff9fe4
0000235f
00000d93
0000070b
ffffd7fe
0000199c
ffff86bb
00000757
00005981
ffffc1f2
ffff4c56
ffff64f9
ffff9733
fffffae9
00001538
fffeec0c
ffffb137
ffff39f5
fffef3e8
fffef81e
00005833
ffffaddd
0000e110
ffff2efb
ffff73c5
ffff6ee0
000073d1
00001999
ffffc027
ffff21f8
fffffd37
000027d9
000009e0
000069fb
ffff355d
fffe807b
00005e54
ffffa4d0
ffff849c
ffffcfc5
00003194
ffffb1e8
ffffd2f5
ffff7ce4
000024f0
000061e6
ffff1f9c
00006900
ffff3e6f
0000069c
00000039
ffffc341
fffecfcc
ffff8154
ffffdcc2
000025a8
ffffc81b
ffff6007
ffff53df
ffff7991
0000bbb4
ffff2b92
00001bb7
ffff2c09
ffffdb35
ffffc4c4
ffffdf19
ffffe3c4
0000819c
ffff792b
0000a35f
00005861
fffff4be
0000322a
ffffcb4f
ffff9db6
ffffd023
ffff6cd2
fffece97
00002966
ffffdfd2
ffff95cf
ffffd027
ffffd4d6
00000b76
fffec966
ffff2e8a
ffff95fb
ffffb6cb
ffffb603
ffff028a
fffff5d4
ffff9760
000001a0
ffff58be
ffff759a
ffff463a
ffff701f
fffee395
000007c7
ffffff2e
ffff8aa0
ffff189f
0000632e
ffffe898
000010cf
00003ae5
ffff888f
ffffdf23
000010c7
fffed4f2
ffff7da9
fffffa8a
00003ea5
ffff6ed9
000045ed
ffffbd7c
00005612
ffff9a36
fffff272
ffffee19
00000ae9
00004cdd
00003ef0
00003652
ffff52fc
00000141
000009a2
0000a037
ffff49c3
ffff7ea8
ffffbfa4
00000ebd
ffffe4b9
00005d50
ffff0ed3
00003536
fffff0a1
00000707
0000540a
ffff3d60
ffffe0ac
fffeeee4
ffff4ab9
0000f533
00000542
fffed311
fffffa14
00000620
fffffc4a
fffffb0d
fffff707
fffff1b4
fffffca8
fffff05b
ffffee76
fffff59c
ffffeb70
00000f8f
fffffb70
000017c7
ffffd9de
ffffe40a
ffffffc3
fffffd6f
00000589
00000ae8
fffff957
fffffc08
fffff0b3
0000022a
fffffa9c
fffff0cb
ffffee45
ffffe9cc
ffffed66
ffffe638
00000136
ffffe1ed
fffff15e
00000046
ffffe0bb
00000bb2
fffff66c
000007ae
fffffbdd
00000532
fffff6e5
ffffe9d2
00000ba2
ffffe99c
ffffd627
0000071c
000001bf
00000fed
fffffa61
00000e1b
00000473
ffffe4b7
ffffef16
fffff564
0000044b
fffff7d3
fffffa1c
fffffc38
fffff314
ffffffc5
00000029
000009be
ffffea18
ffffdeb4
fffffd94
000004c2
fffff513
00000823
000009df
00000d70
fffff955
fffffdac
ffffe47a
ffffee4f
fffff0ef
00000bcf
ffffff49
00000eee
fffff795
fffffa72
ffffda38
0000038a
fffff7c6
fffff192
00000ccf
fffffd14
fffffb11
00000130
ffffe89e
ffffe75d
fffff46a
fffff535
ffffe09b
fffffb77
ffffeea9
fffffb43
fffff6a1
ffffd8ac
ffffe234
ffffed4b
fffff80d
00000bb0
fffff923
ffffe158
fffff211
ffffdf67
fffff229
ffffe0e7
ffffff2e
ffffe972
ffffef58
fffffebf
fffffa8c
ffffea5b
ffffedb0
fffff9a9
0000045a
fffffefa
00000b54
000006d9
00000698
fffff172
ffffeeaa
ffffe0cc
0000001e
ffffea45
fffff11e
00000504
ffffe590
ffffe4e6
fffff3d6
00000741
fffff54e
ffffe245
00000276
ffffed71
00000239
00000b1d
000000e5
ffffff07
fffff941
ffffec00
fffff081
fffff9c6
fffff582
ffffe92c
000000e1
ffffeeaf
ffffea28
fffff931
fffff9ab
fffff8db
ffffe323
ffffe68f
fffff6e2
ffffe913
fffff8e3
00000da9
00000f04
000005d5
fffff73b
fffff38e
fffff57d
00000d01
ffffefe4
fffff5af
000012c1
0000083e
00000d56
fffff928
fffff916
fffff70b
ffffee24
ffffe087
ffffeb5a
fffffc59
fffff92a
ffffe51d
fffff7d0
fffff9cd
fffff877
fffffd25
fffff6e7
fffff870
00000e43
000002d1
ffffe59e
fffff059
00000cf4
fffffc9c
fffffa26
00001a29
ffffeb30
ffffe7e2
fffff4fa
fffff882
000002cc
ffffe02f
ffffdc9d
0000144c
fffff42b
ffffefa3
ffffffc3
fffffc9d
ffffe0c5
ffffdded
fffff061
ffffe7fe
fffffa12
ffffff17
fffffea8
ffffe1bf
fffff688
ffffecdb
000003dd
fffff32a
fffff33c
fffff972
ffffffb9
ffffeda7
00000458
fffff1ec
ffffe5fa
ffffef42
fffff0d2
00000d3b
00000203
ffffec11
00000cc6
ffffec63
00000d1e
fffff463
fffff18d
fffff2ce
00000437
0000025b
fffff24d
fffffce0
000004e9
ffffef2b
fffff667
fffff451
000007cd
fffff93a
000002d2
fffff5ee
000007dd
fffff1a6
fffffa41
ffffe9ce
fffffef3
fffff649
ffffdb56
fffff39e
fffff0ea
fffffb68
ffff3aa5
00005e0a
ffffe85c
000034b9
ffffde86
ffffb1c1
00002725
ffffd5b4
ffffc95c
ffffacc8
ffffa935
ffffe1fb
00003866
ffffadbb
ffff9842
fffee564
00000b7e
ffff6952
ffff2e4e
ffffc142
000058d3
000014c8
0000158f
ffff5f53
00001380
00002c4a
ffff684f
fffef8d6
00000605
00000ae0
ffff7059
fffff8dc
ffffd2f2
00002148
ffff800c
ffff5965
ffff92be
00003fbd
ffff6da4
0000398c
ffff317a
ffffb726
000008f2
ffffe938
ffffe5d1
fffffa62
fffffef4
0000031c
ffffff21
ffff9a2b
ffffa8fc
ffff8311
ffffb70d
00002add
ffffd2c5
ffff835b
ffffd1b0
00002c5e
ffffd9f8
ffffce5e
000008ad
ffff6360
ffff90da
fffff404
ffff87b2
ffff014a
fffff04b
00003a1b
00000405
00007bae
ffff8e79
00002f62
000006f3
ffffed61
ffffc8f7
00001777
ffff8a1c
000003f4
fffffa71
ffffe3aa
0000a88d
00000867
ffffd287
0000914e
00005117
ffffca2d
fffff80f
fffec260
ffffeba7
ffffb75f
ffff663a
00000970
fffed6ad
ffff67c1
0000089f
fffff974
ffff5151
ffffeb05
00001f4c
00003157
fffebd68
ffffd299
ffffb9ab
fffecc49
ffffdc34
ffff7dc6
ffffc5ef
00000e56
ffffe294
00001285
00000bd5
ffffb0cd
ffff2d0b
ffff9913
000007bb
fffef46a
00000fe9
00001e68
fffffa4a
000035ef
ffff4cd7
fffe973a
ffffbafd
ffffda11
ffffc889
ffff6b8a
ffff4c26
00000f14
00000d41
ffffbe8c
ffffd64f
ffffb5fa
ffff8354
000066bc
00004cb2
ffff4ddb
ffffd303
ffffd978
00002e96
fffeae4b
000020d3
00001cc6
ffffde2c
ffffd351
fffed280
ffff8fa8
ffffc805
00003445
00000dcc
ffff94b9
ffff9bfb
ffffbb95
fffeebe3
ffff7152
ffffecc6
ffff4875
0000119c
fffef2e2
fffff544
ffff52c5
ffff4da1
00002b4c
000050a8
fffff9af
00000245
00007ea3
00001a3b
ffffd63e
ffffbc0d
00006ac0
00003b6c
ffff4f44
ffffcfb7
ffffa388
ffffac8d
fffeb442
00001b42
ffffb957
ffffe2eb
fffecd6e
000004c1
00007279
ffff6080
ffffb87f
00003953
ffff9dde
000006c2
ffffbcfd
ffff3726
ffffe681
ffffc3c4
fffffd01
ffff2c6a
ffffc312
00001dc6
ffff06c9
00002190
fffefe2c
ffffe10b
ffffe770
ffffaff6
ffffd937
ffffe3c0
ffff9f68
ffff62f1
000056ac
000016fb
ffffe821
ffff744a
ffffee36
ffff6533
00001e9c
00008423
ffffbff2
00001124
00004a34
ffffc2fe
ffffb760
ffff8cc2
ffff82b9
fffffe2d
ffffcc2d
00001658
ffffc6c6
ffff2776
00001cea
00000091
ffff1291
00004800
ffff96e9
00000bc6
000041f4
ffffebe2
ffff3a8c
ffffeaa8
00000be1
ffff48fb
00003b57
ffff0390
00000e84
ffff51d9
ffff1c88
000007cd
ffffff8c
ffff9798
ffff9193
00000b86
000010d5
00000413
ffff4eaa
ffff188b
ffffca4d
ffff8b6e
000016d6
ffff7a69
ffff74a5
